noatt - 1.PNG,0B8WcbXogHvegMkp6WXdOMWxLczg,389660
noatt - 10.PNG,0B8WcbXogHvegMkdDR0JJUUN3eGc,402967
noatt - 100.PNG,0B8WcbXogHvegdWNJQkJnT0FUeTQ,414887
noatt - 1000.PNG,0B8WcbXogHvegTG44N3MtOHZWcDQ,704186
noatt - 1001.PNG,0B8WcbXogHvegaFREbWVjTkhBT28,702413
noatt - 1002.PNG,0B8WcbXogHvegVjlEODlnLTRzOUU,696747
noatt - 1003.PNG,0B8WcbXogHvegVTNhalNpcHFOdjQ,697956
noatt - 1004.PNG,0B8WcbXogHvegY0VxbDZfeTBMdDA,684782
noatt - 1005.PNG,0B8WcbXogHvegMEJuWlNWNlJkVms,678124
noatt - 1006.PNG,0B8WcbXogHvegRTdtb1BnYTBfLWc,658545
noatt - 1007.PNG,0B8WcbXogHvegVmdVNUN3NjdvOU0,648372
noatt - 1008.PNG,0B8WcbXogHvegYURkajd6U1lxNEU,630644
noatt - 1009.PNG,0B8WcbXogHvegME5zM1hFUmpmVHc,617648
noatt - 101.PNG,0B8WcbXogHvegNWg4QWg3V0ZrdTA,453175
noatt - 1010.PNG,0B8WcbXogHvegUEhtS3Z5R0htTVk,627717
noatt - 1011.PNG,0B8WcbXogHvegeldqcWFJUlZsbFE,620191
noatt - 1012.PNG,0B8WcbXogHvegeDVLM3Rjd3l4MU0,621232
noatt - 1013.PNG,0B8WcbXogHvegR3A0N2dfRTlqRWs,631133
noatt - 1014.PNG,0B8WcbXogHvegS2ZiNHV5V2lVSjg,638710
noatt - 1015.PNG,0B8WcbXogHvegRzBxOUtaMXB6QlU,654658
noatt - 1016.PNG,0B8WcbXogHvegajlEU1pqRkt4ZDA,650164
noatt - 1017.PNG,0B8WcbXogHvegMEpwSzJBWGh5RzQ,656149
noatt - 1018.PNG,0B8WcbXogHvegam0xR1ZGeTB6bzA,654902
noatt - 1019.PNG,0B8WcbXogHvegR3VfbmtGR0I4UjQ,651400
noatt - 102.PNG,0B8WcbXogHvegVXp6Z3A5VkRrUm8,471217
noatt - 1020.PNG,0B8WcbXogHvegWHVUX0ZWTUpVRms,643547
noatt - 1021.PNG,0B8WcbXogHvegUW1NaE9rWHpjQkk,667329
noatt - 1022.PNG,0B8WcbXogHvegX0hqc09BcDFnV2M,670384
noatt - 1023.PNG,0B8WcbXogHvegZGdZRU5HVjNYSGM,661604
noatt - 1024.PNG,0B8WcbXogHvegNU02UzRpQmtlMTg,677786
noatt - 1025.PNG,0B8WcbXogHvegX0VnQXpCeTJkS00,685946
noatt - 1026.PNG,0B8WcbXogHvegcnpZdVp0RS1zcjg,700511
noatt - 1027.PNG,0B8WcbXogHvegck1KN1h6LW45cEk,699915
noatt - 1028.PNG,0B8WcbXogHvegN0RZVlBINlJKODg,684735
noatt - 1029.PNG,0B8WcbXogHvegZDZmSmZ1M3UzYkk,713664
noatt - 103.PNG,0B8WcbXogHvegVVRxV3JFQ1JSM00,406752
noatt - 1030.PNG,0B8WcbXogHvegOTcyc3VtUXNvdmM,710729
noatt - 1031.PNG,0B8WcbXogHvegdnY0WU9Xc3RGN0E,723602
noatt - 1032.PNG,0B8WcbXogHvegT3NQRmFnVXpDcWM,716925
noatt - 1033.PNG,0B8WcbXogHvegOFdsM3VadGRYazA,723033
noatt - 1034.PNG,0B8WcbXogHvegMkJJRGNKMmNMeUk,694676
noatt - 1035.PNG,0B8WcbXogHvegRzV3eEYxWm9OaEk,709080
noatt - 1036.PNG,0B8WcbXogHvegX2NUZXJ1eUVFN2s,711192
noatt - 1037.PNG,0B8WcbXogHvegOUJtNUxBMm5KVnc,720729
noatt - 1038.PNG,0B8WcbXogHvegM3VwLXQyTGxISFk,710489
noatt - 1039.PNG,0B8WcbXogHvegREdGaGh3S2FqWVk,706578
noatt - 104.PNG,0B8WcbXogHvegVzM5X3I0c0JyRjA,358678
noatt - 1040.PNG,0B8WcbXogHvegR2FUTGoyS0J3Vk0,701757
noatt - 1041.PNG,0B8WcbXogHvegZ0NHdnlvMk5OUDA,705966
noatt - 1042.PNG,0B8WcbXogHvegbzR2TEJLd3g2eEU,699546
noatt - 1043.PNG,0B8WcbXogHvegbzdOWll5UHd5UkU,689073
noatt - 1044.PNG,0B8WcbXogHvegdWdwOGdyYmxNbjA,683288
noatt - 1045.PNG,0B8WcbXogHvegWFFRLUZMWEgwWkE,667273
noatt - 1046.PNG,0B8WcbXogHvegT0t3OGFManJhUFk,676843
noatt - 1047.PNG,0B8WcbXogHvegWS1ONkp3UkFCbW8,404662
noatt - 1048.PNG,0B8WcbXogHvegS3VoczIwWGN4cGc,413233
noatt - 1049.PNG,0B8WcbXogHvegMDEyS1JrT0x6SW8,443368
noatt - 105.PNG,0B8WcbXogHvegTzBhejJfa29scFU,402663
noatt - 1050.PNG,0B8WcbXogHvegZS1zRFpuYU5EMVE,451969
noatt - 1051.PNG,0B8WcbXogHvegeWVpazRkdWdPdW8,484357
noatt - 1052.PNG,0B8WcbXogHvegRlk2UkFXSC0xUnc,465807
noatt - 1053.PNG,0B8WcbXogHvegV21FZUxvY1UxV0k,468683
noatt - 1054.PNG,0B8WcbXogHvegbHRQb0t2Q2pYd2s,461478
noatt - 1055.PNG,0B8WcbXogHvegYV80UUNBN1o2cFE,643888
noatt - 1056.PNG,0B8WcbXogHvegTGloaERIR3d3cEk,700451
noatt - 1057.PNG,0B8WcbXogHvegdHZ2Wmw0TE1SMW8,711405
noatt - 1058.PNG,0B8WcbXogHvegYXZLMlhLRTNuUzg,673735
noatt - 1059.PNG,0B8WcbXogHvegODBmNW9YamVPM0U,711914
noatt - 106.PNG,0B8WcbXogHvega294dmJ6OTY1TFU,380644
noatt - 1060.PNG,0B8WcbXogHvegeUxLYTJmamtOeDA,718934
noatt - 1061.PNG,0B8WcbXogHvegRXZxbHROVG9faEk,694245
noatt - 1062.PNG,0B8WcbXogHvegWU9oY2Zvby1ZaEk,692403
noatt - 1063.PNG,0B8WcbXogHvegc0huaUN2QVNjQVU,653981
noatt - 1064.PNG,0B8WcbXogHvegbGhic19MMnFUR2c,683575
noatt - 1065.PNG,0B8WcbXogHvegLTY3NWQ4Y0g1cXc,700209
noatt - 1066.PNG,0B8WcbXogHvegZFR1b0VNS3drNEE,430498
noatt - 1067.PNG,0B8WcbXogHvegOHFkYlRldnVNR1k,541789
noatt - 1068.PNG,0B8WcbXogHvegTmtPMTM4Y01kN00,454681
noatt - 1069.PNG,0B8WcbXogHvegSkd6cndXTmlBUDA,583450
noatt - 107.PNG,0B8WcbXogHvegeElGbGpnN2xPZkU,356128
noatt - 1070.PNG,0B8WcbXogHvegRU5UdDh2VkxQcVk,578005
noatt - 1071.PNG,0B8WcbXogHvegMHFtT25ZSmstOTA,550314
noatt - 1072.PNG,0B8WcbXogHvegeTlfMHAyWWxsblU,620106
noatt - 1073.PNG,0B8WcbXogHvegS0dvUm1FUmtudEE,605285
noatt - 1074.PNG,0B8WcbXogHvegb054MXZtNWRFbk0,572997
noatt - 1075.PNG,0B8WcbXogHvegeGlvR0dKQ0xYNzQ,567587
noatt - 1076.PNG,0B8WcbXogHvegeVg2alliRU9PeUU,546228
noatt - 1077.PNG,0B8WcbXogHvegaU4taG93VzhQY2M,558112
noatt - 1078.PNG,0B8WcbXogHvegWkI4ZXQ3OWxHUDA,559316
noatt - 1079.PNG,0B8WcbXogHvegS3RKb0h5ZjdTX0U,586191
noatt - 108.PNG,0B8WcbXogHvegaEROeGpCZjkxQ2s,337160
noatt - 1080.PNG,0B8WcbXogHvegS0dnUlIzenlKODA,640499
noatt - 1081.PNG,0B8WcbXogHvegb0puV0txUWhpS0k,651751
noatt - 1082.PNG,0B8WcbXogHvegc19WUjhoOUxPSVU,676176
noatt - 1083.PNG,0B8WcbXogHvegR1pIZjNoNzZuODg,690354
noatt - 1084.PNG,0B8WcbXogHvegYmg5M0Y1TjRXTEU,709683
noatt - 1085.PNG,0B8WcbXogHvegNGp4MTh4aEt1a0U,712753
noatt - 1086.PNG,0B8WcbXogHvegWG84ZFZvbTBiM0k,715630
noatt - 1087.PNG,0B8WcbXogHvegNG9LSmRUNGl3WkE,656737
noatt - 1088.PNG,0B8WcbXogHvegakFyd05rZ29PQzQ,604137
noatt - 1089.PNG,0B8WcbXogHvegZEdiYXQwN3lYeVU,607483
noatt - 109.PNG,0B8WcbXogHvegSmhqY29saW9uX28,315131
noatt - 1090.PNG,0B8WcbXogHvegLVNYeFU5UEZUNFk,659127
noatt - 1091.PNG,0B8WcbXogHvegMWhYc0FSY25RRms,665984
noatt - 1092.PNG,0B8WcbXogHvegeVpkR0hRY1lEc3M,692542
noatt - 1093.PNG,0B8WcbXogHvegUmRGNURTUllQNDQ,687656
noatt - 1094.PNG,0B8WcbXogHvegWmZoM2hueVNJbGs,695640
noatt - 1095.PNG,0B8WcbXogHvegeUlFMWdiaGtMazg,671364
noatt - 1096.PNG,0B8WcbXogHvegclR3enpTZC1KamM,674633
noatt - 1097.PNG,0B8WcbXogHvegeFlnbFVVT3FwSHM,694359
noatt - 1098.PNG,0B8WcbXogHvegUFNIYl9XZFlCMDg,677984
noatt - 1099.PNG,0B8WcbXogHvegRVF1ZXpmSGEtdjQ,676059
noatt - 11.PNG,0B8WcbXogHvegZjZHajdid2QyNmc,422105
noatt - 110.PNG,0B8WcbXogHvegbVJST3JWTXEyTWM,418096
noatt - 1100.PNG,0B8WcbXogHvegRzlaMDJZRUNmRG8,594830
noatt - 1101.PNG,0B8WcbXogHvegbktlbF9wNGphQkE,653795
noatt - 1102.PNG,0B8WcbXogHvegcnA2NlZKcmZuVjQ,638116
noatt - 1103.PNG,0B8WcbXogHvegZjhDMmpXSGNYTnM,676403
noatt - 1104.PNG,0B8WcbXogHvegbEtXSmlMYWdfUGs,624435
noatt - 1105.PNG,0B8WcbXogHvegbkdtdEc0R1IwQm8,694583
noatt - 1106.PNG,0B8WcbXogHvegcUhQUVNITU5oYkE,674200
noatt - 1107.PNG,0B8WcbXogHvegVlJLM0QtRW5IR3M,684988
noatt - 1108.PNG,0B8WcbXogHvegNXdlNDdoS0d1N1E,726177
noatt - 1109.PNG,0B8WcbXogHvegRHhEajNJS2V1Vnc,697218
noatt - 111.PNG,0B8WcbXogHvegZTVvcFJwcHFERVE,364738
noatt - 1110.PNG,0B8WcbXogHvegUHZZQzllTVlCRUU,687174
noatt - 1111.PNG,0B8WcbXogHvegUjJ3YzFjSkZoTU0,635771
noatt - 1112.PNG,0B8WcbXogHvegYXRPM3hrakJ1YlE,667516
noatt - 1113.PNG,0B8WcbXogHvegb2JnTlFVdUpZNU0,751851
noatt - 1114.PNG,0B8WcbXogHvegNUREVHgwYVpLMDg,712700
noatt - 1115.PNG,0B8WcbXogHvegbllBRWlrSkE3MDQ,749690
noatt - 1116.PNG,0B8WcbXogHvegOWNwbl9UeUZYSnM,736817
noatt - 1117.PNG,0B8WcbXogHvegODRBVk1OdG1WeVk,710930
noatt - 1118.PNG,0B8WcbXogHvegcnZZMlh0enR1ZGs,567340
noatt - 1119.PNG,0B8WcbXogHvegb2pieEJZb0dPalU,557595
noatt - 112.PNG,0B8WcbXogHvegZk81UVU4SjRqdlk,349506
noatt - 1120.PNG,0B8WcbXogHvegbkdlcG1PX19EZ28,534452
noatt - 1121.PNG,0B8WcbXogHvegenBlZU9qRHF0UGc,534790
noatt - 1122.PNG,0B8WcbXogHvegcHpjSk9zZHdXYXM,544122
noatt - 1123.PNG,0B8WcbXogHvegeHRKYkswbjhubDg,573239
noatt - 1124.PNG,0B8WcbXogHvegd3dCMWhqYUhaN00,597872
noatt - 1125.PNG,0B8WcbXogHvegelAwSEZud21wODg,593903
noatt - 1126.PNG,0B8WcbXogHvegQXRHZ0tlWkFXcDA,588994
noatt - 1127.PNG,0B8WcbXogHvegR25yRnVqY2ZPeEk,595723
noatt - 1128.PNG,0B8WcbXogHvegdTZYNE11RHpkSGc,589067
noatt - 1129.PNG,0B8WcbXogHvegUHhEQXlybEFaR0E,683281
noatt - 113.PNG,0B8WcbXogHvegNkFCX3BGVnZFVWs,346457
noatt - 1130.PNG,0B8WcbXogHvegUk80dEpheUFLdm8,696379
noatt - 1131.PNG,0B8WcbXogHvegS1BXUGp4X05uYnc,746313
noatt - 1132.PNG,0B8WcbXogHvegMzdBcEtraU9xYTQ,698716
noatt - 1133.PNG,0B8WcbXogHvegT2tTajBrOHQzbXc,708052
noatt - 1134.PNG,0B8WcbXogHvegYm5XWGxXeko1dlU,651343
noatt - 1135.PNG,0B8WcbXogHvegdTdFdjl5ODlfUFE,697266
noatt - 1136.PNG,0B8WcbXogHvegQ0dxemRQbWxuZ1k,704327
noatt - 1137.PNG,0B8WcbXogHvegRzFvb2NIcXBoR28,663970
noatt - 1138.PNG,0B8WcbXogHvegM0U4NGRWd1pTbnc,684022
noatt - 1139.PNG,0B8WcbXogHvegNk5Dbk9QX25XRTg,671634
noatt - 114.PNG,0B8WcbXogHvegcTF2NGVWYTNic0U,326820
noatt - 1140.PNG,0B8WcbXogHvegZjZQOHRrSE4tazQ,700817
noatt - 1141.PNG,0B8WcbXogHvegOGxmbnFWcGN1WUk,732965
noatt - 1142.PNG,0B8WcbXogHvegaVpYcGNiaUx4T2M,729139
noatt - 1143.PNG,0B8WcbXogHvegUWtoczdaR21ackU,740194
noatt - 1144.PNG,0B8WcbXogHvegOG8wNTZOTExIbGM,750670
noatt - 1145.PNG,0B8WcbXogHvegVl9PMlFrV01aQmc,746714
noatt - 1146.PNG,0B8WcbXogHvegY0ItZ0tEZnU4LW8,729758
noatt - 1147.PNG,0B8WcbXogHvegT2lpenBaVGtZMTQ,735741
noatt - 1148.PNG,0B8WcbXogHvegSGZ1OWNkRHB1UVU,711198
noatt - 1149.PNG,0B8WcbXogHvegUEN2MGozOVZDV0E,703997
noatt - 115.PNG,0B8WcbXogHvegZldzM21xWTBKT0E,325917
noatt - 1150.PNG,0B8WcbXogHvegX09UQXFXVVM2ckE,705121
noatt - 1151.PNG,0B8WcbXogHvegdVppMjA1Y3VTZjQ,679182
noatt - 1152.PNG,0B8WcbXogHvegeWpKTnAwbFFoQUU,639641
noatt - 1153.PNG,0B8WcbXogHvegTjhlcEFhbDVMaDg,631583
noatt - 1154.PNG,0B8WcbXogHvegcEgta3VDMmtCUUU,633794
noatt - 1155.PNG,0B8WcbXogHvegMzBhb081bzMzMlE,638275
noatt - 1156.PNG,0B8WcbXogHvegYXBmUDNFQklzSDQ,621408
noatt - 1157.PNG,0B8WcbXogHvegbzA2Q25kdW9XVzg,638866
noatt - 1158.PNG,0B8WcbXogHvegQ2tNbWRvYVVhR2c,649938
noatt - 1159.PNG,0B8WcbXogHvegZEhTQXdxT2MtRms,603131
noatt - 116.PNG,0B8WcbXogHvegNFhPcFFJa0YxaVU,313628
noatt - 1160.PNG,0B8WcbXogHvegZ0VXSDdSR3h3WUE,614483
noatt - 1161.PNG,0B8WcbXogHvegM0dQUkRYU3FWLWs,617287
noatt - 1162.PNG,0B8WcbXogHvegR0RlQW1ITXlKcjQ,611521
noatt - 1163.PNG,0B8WcbXogHvegN2VfQmNiWTRfN00,538117
noatt - 1164.PNG,0B8WcbXogHvegX0Jsd0oyWS1wLUU,593619
noatt - 1165.PNG,0B8WcbXogHvegZ2VUV19CM29TOUE,628208
noatt - 1166.PNG,0B8WcbXogHvegSWJudTlpLVJjQXc,595901
noatt - 1167.PNG,0B8WcbXogHvegSXZNUVhCcVgzcGs,599386
noatt - 1168.PNG,0B8WcbXogHvegdVAtc21xbE9zeWs,595867
noatt - 1169.PNG,0B8WcbXogHvegRnlxMWFjWUZTNU0,560768
noatt - 117.PNG,0B8WcbXogHvegUlRRd1ZnNlo0WE0,325824
noatt - 1170.PNG,0B8WcbXogHvegb3RPY28temNFdXM,518793
noatt - 1171.PNG,0B8WcbXogHvegYUJxN2R2YjBfN2c,624363
noatt - 1172.PNG,0B8WcbXogHvegUVlqUUZXQ0pnOHc,624668
noatt - 1173.PNG,0B8WcbXogHvegMkFWUThraFJWM00,622992
noatt - 1174.PNG,0B8WcbXogHvegV1NKZGtqaWtYM3M,632648
noatt - 1175.PNG,0B8WcbXogHvegeWdCOFMtT01CUE0,630100
noatt - 1176.PNG,0B8WcbXogHvegazFNZHBkWjI0MjQ,630897
noatt - 1177.PNG,0B8WcbXogHvegZWtuN2p6ZENjdVE,642515
noatt - 1178.PNG,0B8WcbXogHvegWFdzTVVteDF6UVE,632379
noatt - 1179.PNG,0B8WcbXogHvegWldDckx0cjlZdGc,622054
noatt - 118.PNG,0B8WcbXogHvegaGU4bHlZSEpNWDQ,316314
noatt - 1180.PNG,0B8WcbXogHvegOFp0YnY4S2F2ZEE,629706
noatt - 1181.PNG,0B8WcbXogHvegU1FpUDcxei1nR3M,559194
noatt - 1182.PNG,0B8WcbXogHvegVzdxYlo1Q3BCMjg,531561
noatt - 1183.PNG,0B8WcbXogHvegSHBrY1h1aGtHOGM,540097
noatt - 1184.PNG,0B8WcbXogHvegMDNUV1dYNWVSbjA,578742
noatt - 1185.PNG,0B8WcbXogHvegUmtlV0pXelFHanc,578211
noatt - 1186.PNG,0B8WcbXogHvegZTlMMWlVclRhTzg,572426
noatt - 1187.PNG,0B8WcbXogHvegdEdPOXYzaXJWV0k,564151
noatt - 1188.PNG,0B8WcbXogHvegQk5sb25vM0lvVWc,557026
noatt - 1189.PNG,0B8WcbXogHvegNkpvZjVGNDA5Y3c,573896
noatt - 119.PNG,0B8WcbXogHvegUUtUT0dmRUxLMU0,324730
noatt - 1190.PNG,0B8WcbXogHvegRDh4R0RoOS1JYU0,565516
noatt - 1191.PNG,0B8WcbXogHvegVXowN093UTd4UUE,579327
noatt - 1192.PNG,0B8WcbXogHvegX0Z3WS15WDlxbUU,547785
noatt - 1193.PNG,0B8WcbXogHvegeUx4SEZVS1VjXzQ,553242
noatt - 1194.PNG,0B8WcbXogHvegZGx4akNQenplcms,554440
noatt - 1195.PNG,0B8WcbXogHvegS3ZaOGhtXzRrMFE,388686
noatt - 1196.PNG,0B8WcbXogHvegVTZoamRnRTdVRDg,434918
noatt - 1197.PNG,0B8WcbXogHvegNXhGS2o5cXdKWkE,409331
noatt - 1198.PNG,0B8WcbXogHvegOV90dEpnUFhBWkk,448495
noatt - 1199.PNG,0B8WcbXogHvegU1pETkVta1hLZTA,434731
noatt - 12.PNG,0B8WcbXogHvegdnZfMVlnb3F1Mjg,403769
noatt - 120.PNG,0B8WcbXogHvegNHBRdUxkQ2R4SW8,279048
noatt - 1200.PNG,0B8WcbXogHvegdktMMkVfM1NhaHM,412710
noatt - 1201.PNG,0B8WcbXogHvegbmVmdi1DSnd6aGc,442930
noatt - 1202.PNG,0B8WcbXogHvegUlJsNEpFMVlVRVk,389217
noatt - 1203.PNG,0B8WcbXogHvegRVVNbTVxRDJQVlk,364578
noatt - 1204.PNG,0B8WcbXogHvegd3dlWlluVm10UkE,369376
noatt - 1205.PNG,0B8WcbXogHvegWTlhNWsya0R4Y1k,505456
noatt - 1206.PNG,0B8WcbXogHvegaGwyNnp4X0wyUTQ,568095
noatt - 1207.PNG,0B8WcbXogHvegRmo5MEdjUmk5UFU,560294
noatt - 1208.PNG,0B8WcbXogHvegZmVwR3ZsYnpVXzA,502368
noatt - 1209.PNG,0B8WcbXogHvegZVE2TkhuRDgzcFE,520797
noatt - 121.PNG,0B8WcbXogHvegODFFT1YzcjVmRGM,348246
noatt - 1210.PNG,0B8WcbXogHvegYTZHdEN5LTZqc2c,461394
noatt - 1211.PNG,0B8WcbXogHvegMFJsTk1ZbUtyNU0,439066
noatt - 1212.PNG,0B8WcbXogHvegQTZaZDBVZk9zbkE,438075
noatt - 1213.PNG,0B8WcbXogHvegcDN6MWRfUHh4eTA,420524
noatt - 1214.PNG,0B8WcbXogHvegX0l5aVozMk54OVE,447925
noatt - 1215.PNG,0B8WcbXogHvegRXlYNGY5VDBvd3c,486472
noatt - 1216.PNG,0B8WcbXogHvegV2FaakNacWNyV2c,533811
noatt - 1217.PNG,0B8WcbXogHvegMTRWR2VGNEVNQ1E,555245
noatt - 1218.PNG,0B8WcbXogHvegTGpELWVjVERBUms,565517
noatt - 1219.PNG,0B8WcbXogHvegRzhXVnJiY0JSSms,552050
noatt - 122.PNG,0B8WcbXogHvegY1FuMVN0cFJ0SlE,320403
noatt - 1220.PNG,0B8WcbXogHvegTWpLOEo1YWtVWnM,557005
noatt - 1221.PNG,0B8WcbXogHvegMEZtckpXQ1FGcEk,551913
noatt - 1222.PNG,0B8WcbXogHvegTjROMEVIZnZJaW8,518260
noatt - 1223.PNG,0B8WcbXogHvegdFFCaUtKYjNrVVk,564082
noatt - 1224.PNG,0B8WcbXogHvegN0xtMHllNnhtRVk,561816
noatt - 1225.PNG,0B8WcbXogHvegdkk4RGpKWngzY0E,580892
noatt - 1226.PNG,0B8WcbXogHvegeWFsc3VGZ1Nla0E,544158
noatt - 1227.PNG,0B8WcbXogHvegeG8wcFdvd1N6ams,450150
noatt - 1228.PNG,0B8WcbXogHvegbjRRZUtDeWlFbjA,442057
noatt - 1229.PNG,0B8WcbXogHvegN0xWaDgtaHp2bEk,529958
noatt - 123.PNG,0B8WcbXogHvega1VQZ1FsSzBGaUE,334213
noatt - 1230.PNG,0B8WcbXogHvegSEJNWmhQeEpRQkE,542544
noatt - 1231.PNG,0B8WcbXogHvegR3lzWkhSaDFuTFE,546965
noatt - 1232.PNG,0B8WcbXogHvegZWh4TkdvdEZ1cWM,570751
noatt - 1233.PNG,0B8WcbXogHvegd2g2NjIwYUxZdTQ,560830
noatt - 1234.PNG,0B8WcbXogHvegY3NUdkR4elJFRnM,523881
noatt - 1235.PNG,0B8WcbXogHvegOFROd0VqR29JNTg,513053
noatt - 1236.PNG,0B8WcbXogHvegSC1zWjFkM2xfVDA,515421
noatt - 1237.PNG,0B8WcbXogHvegYmsyd1YwZFdtNGc,523177
noatt - 1238.PNG,0B8WcbXogHvegbEY2b1BVSkJ4OVk,515328
noatt - 1239.PNG,0B8WcbXogHvegN1poYlA5ZTdZeDA,531764
noatt - 124.PNG,0B8WcbXogHvegUmo5SXVyR1FDeDg,364295
noatt - 1240.PNG,0B8WcbXogHvegQWJUX1BBcGx1UU0,547799
noatt - 1241.PNG,0B8WcbXogHvegMFU2VHFIOXVFMXc,545018
noatt - 1242.PNG,0B8WcbXogHvegT3F1Q19IUGxvN2s,537872
noatt - 1243.PNG,0B8WcbXogHvega25SelVaUjZJdlE,528320
noatt - 1244.PNG,0B8WcbXogHvegdjZHTC1TWlFHZ2M,516935
noatt - 1245.PNG,0B8WcbXogHvegbmRleERxT3FNRjA,528427
noatt - 1246.PNG,0B8WcbXogHvegRGpHNU40SUV4Wk0,528148
noatt - 1247.PNG,0B8WcbXogHvegUjc1RVBUNGJLRmc,397615
noatt - 1248.PNG,0B8WcbXogHvegcVl6bFJDTFVsVlE,406991
noatt - 1249.PNG,0B8WcbXogHvegMk9mYUFHTncwSXc,397459
noatt - 125.PNG,0B8WcbXogHvegYVJSRE5xdlg5QUU,367532
noatt - 1250.PNG,0B8WcbXogHvegNHpncUYtRUl0TFk,393758
noatt - 1251.PNG,0B8WcbXogHvegQ3M3VWg2dW9NYmc,360979
noatt - 1252.PNG,0B8WcbXogHvegb3RsVDhvNkpEenM,369998
noatt - 1253.PNG,0B8WcbXogHvegbFNsRVJyOU1yRnM,355433
noatt - 1254.PNG,0B8WcbXogHvegNDVQakRfWnI3T0k,372116
noatt - 1255.PNG,0B8WcbXogHvegaHV5ZjFMOXVDdkU,383330
noatt - 1256.PNG,0B8WcbXogHvegUjB1algtcUFxcTg,396174
noatt - 1257.PNG,0B8WcbXogHvegMVJWX2cyS3NkeWM,412113
noatt - 1258.PNG,0B8WcbXogHvegeWZQY0RZTXZMTDQ,417057
noatt - 1259.PNG,0B8WcbXogHvegQXNoc0VKOGZRM28,410324
noatt - 126.PNG,0B8WcbXogHvegejI1RDJlTEdKbHM,391382
noatt - 1260.PNG,0B8WcbXogHvegLWJwV251ajRxd1E,409930
noatt - 1261.PNG,0B8WcbXogHvegNDRhdkcxZnRjTUU,390753
noatt - 1262.PNG,0B8WcbXogHvegRnp6eHZhNlp6R1U,476762
noatt - 1263.PNG,0B8WcbXogHvegaHJ4LXpvTGFmRzA,478774
noatt - 1264.PNG,0B8WcbXogHvegcnh1MmdHVThjY3c,499717
noatt - 1265.PNG,0B8WcbXogHvegU1YyZ0FmcVEya0U,503707
noatt - 1266.PNG,0B8WcbXogHvegQ0xWUnAyNlREUjQ,465266
noatt - 1267.PNG,0B8WcbXogHvegWWc2SUMxQmpYd0E,503079
noatt - 1268.PNG,0B8WcbXogHvegRURuNUZRaTVlU2M,485576
noatt - 1269.PNG,0B8WcbXogHvegb1BIdWtsZlkzQ00,478001
noatt - 127.PNG,0B8WcbXogHvegN1pvbTU3MWtHWWc,367834
noatt - 1270.PNG,0B8WcbXogHvegdVNJUUlDWktJMlU,473047
noatt - 1271.PNG,0B8WcbXogHvegV2NqWUl3WFg0X1k,490669
noatt - 1272.PNG,0B8WcbXogHvegbmlTemtoSi1qdWc,482920
noatt - 1273.PNG,0B8WcbXogHvegR0dsSklPV25KMG8,491732
noatt - 1274.PNG,0B8WcbXogHvegakZyWHlHUV9DN1E,495998
noatt - 1275.PNG,0B8WcbXogHvegaHBqZmhwbEZkTWs,505340
noatt - 128.PNG,0B8WcbXogHvegTzdRQUZjNzVjVkk,369413
noatt - 129.PNG,0B8WcbXogHvegUHFQR0FKUHRmejA,389637
noatt - 13.PNG,0B8WcbXogHvegWmRWVThYZ0JRQVE,402897
noatt - 130.PNG,0B8WcbXogHvegY2g3OVp0cHlnTkU,387233
noatt - 131.PNG,0B8WcbXogHvegTmh6RkozVVNNZ0U,403734
noatt - 132.PNG,0B8WcbXogHvegVFZEU1p1d3JVX28,375253
noatt - 133.PNG,0B8WcbXogHvegTm9YUGhWUlNhdjA,370087
noatt - 134.PNG,0B8WcbXogHvegeWFvaEYzMWtCTG8,342497
noatt - 135.PNG,0B8WcbXogHvegU2JFX20xZjZocUk,353031
noatt - 136.PNG,0B8WcbXogHvegVlRVc1hKazZfU3M,336107
noatt - 137.PNG,0B8WcbXogHvegcDNTTWR3ZFFBdzA,532753
noatt - 138.PNG,0B8WcbXogHvegUTJvNmhYbW1PRjA,492473
noatt - 139.PNG,0B8WcbXogHvegMEtBUE41eDlWWmM,506325
noatt - 14.PNG,0B8WcbXogHvegNzdKaDRLb1NVcWM,439243
noatt - 140.PNG,0B8WcbXogHvegNGJBX01xUEpBdzQ,515947
noatt - 141.PNG,0B8WcbXogHvegV1htbVE3T0Zkemc,424057
noatt - 142.PNG,0B8WcbXogHvegaHMtWHVKRnNqc00,428238
noatt - 143.PNG,0B8WcbXogHvegcEFISWg1aUNHdU0,399724
noatt - 144.PNG,0B8WcbXogHvegRGFkNTNPOHR1QmM,402843
noatt - 145.PNG,0B8WcbXogHvegZEFKbmtTMzlqcUE,379668
noatt - 146.PNG,0B8WcbXogHvegY0Y4UHBBY2RqTGc,360478
noatt - 147.PNG,0B8WcbXogHvegTm54b3dnQ01CSUU,375631
noatt - 148.PNG,0B8WcbXogHvegVXJXOEp3Y3JqdlU,365957
noatt - 149.PNG,0B8WcbXogHvegN2dHMjdHLVVjX00,373753
noatt - 15.PNG,0B8WcbXogHvegV0JCLW5McUpjdlk,367956
noatt - 150.PNG,0B8WcbXogHvegYnh2eUtmN3VQdGM,383663
noatt - 151.PNG,0B8WcbXogHvegSUMtNWtNNGl0Q1E,329867
noatt - 152.PNG,0B8WcbXogHvegQUdGNnROdzVXYmc,309118
noatt - 153.PNG,0B8WcbXogHvegOVAtUUttVVpZckU,312812
noatt - 154.PNG,0B8WcbXogHvegRFFGZ280QnZrZ0U,404199
noatt - 155.PNG,0B8WcbXogHvegYlpEa2RFOHZ6UWs,390792
noatt - 156.PNG,0B8WcbXogHvegTnFqbTg5STY3MkU,391838
noatt - 157.PNG,0B8WcbXogHvegR2xWQzhfcHhVQms,391274
noatt - 158.PNG,0B8WcbXogHvegNUpwd1RudE1QTDA,394101
noatt - 159.PNG,0B8WcbXogHvegX21sUGNyOTlNQ3M,318846
noatt - 16.PNG,0B8WcbXogHvegLTFDdzl0UzN2VzQ,413611
noatt - 160.PNG,0B8WcbXogHvegY0lsUk92MkxKWmc,282093
noatt - 161.PNG,0B8WcbXogHvegeGJYaDhHZFJtU00,480035
noatt - 162.PNG,0B8WcbXogHvegV2RzNjF0Q0JUY0E,559379
noatt - 163.PNG,0B8WcbXogHvegdnU1WS0wTmRVU0k,603150
noatt - 164.PNG,0B8WcbXogHvegZ0hkdTRIb0FPcG8,590968
noatt - 165.PNG,0B8WcbXogHvegOTJHRjBIWm5SNW8,587052
noatt - 166.PNG,0B8WcbXogHvegd1QxeHZzbi1FdXc,570429
noatt - 167.PNG,0B8WcbXogHvegcm9lMnVqZjA5VzA,501882
noatt - 168.PNG,0B8WcbXogHvegb0NDblFZVFFpRlU,450071
noatt - 169.PNG,0B8WcbXogHvegY1BsQUEyWXhFWFk,376147
noatt - 17.PNG,0B8WcbXogHvegbGowTG5LX2kzN2M,406739
noatt - 170.PNG,0B8WcbXogHvegektTd1lpMlRmeUk,373297
noatt - 171.PNG,0B8WcbXogHvegbkJQc1o5ejFXVWc,365568
noatt - 172.PNG,0B8WcbXogHvegQ21la0NnVzBzT2c,406991
noatt - 173.PNG,0B8WcbXogHvegUjJKV0t0c3dZMEE,386662
noatt - 174.PNG,0B8WcbXogHvegMGpMcWNuZkMzM00,377199
noatt - 175.PNG,0B8WcbXogHveganZycy0yOU1QcjA,348949
noatt - 176.PNG,0B8WcbXogHvegRHpJYVB6QTJsem8,363580
noatt - 177.PNG,0B8WcbXogHvegUkhkSkktQ0EtVDA,359978
noatt - 178.PNG,0B8WcbXogHvegMXNFcExTbGpWR3M,287402
noatt - 179.PNG,0B8WcbXogHvegOWZMeXRTWGhBMFE,369607
noatt - 18.PNG,0B8WcbXogHvegTEphZ3haamZqM2s,432430
noatt - 180.PNG,0B8WcbXogHvegQ2VkX3JCdGdRRHM,393387
noatt - 181.PNG,0B8WcbXogHvegbnlod3A4ZDlzODA,425875
noatt - 182.PNG,0B8WcbXogHvegdjF0aVg1T2RFTk0,427047
noatt - 183.PNG,0B8WcbXogHvegQmtNMU5VTzRBd2c,337216
noatt - 184.PNG,0B8WcbXogHvegM3U4RFo4N0k4UkE,352599
noatt - 185.PNG,0B8WcbXogHvegSkRZMzBPbV9HV3M,417301
noatt - 186.PNG,0B8WcbXogHvegMzRWSWZNVkxxU00,424225
noatt - 187.PNG,0B8WcbXogHvegV1NzVzRxSEthdTA,422082
noatt - 188.PNG,0B8WcbXogHveganpvZmZKY3d0R0k,423012
noatt - 189.PNG,0B8WcbXogHvegYlZzVTQ3NWhtRVU,423815
noatt - 19.PNG,0B8WcbXogHvegZUJYVi0yUDkxRVk,401165
noatt - 190.PNG,0B8WcbXogHvegakQyeHY1OUUzeFk,431216
noatt - 191.PNG,0B8WcbXogHvegSUpvQmVkS2lOMEE,448897
noatt - 192.PNG,0B8WcbXogHvegY3RBRE9UOUZTMlU,458964
noatt - 193.PNG,0B8WcbXogHvegS1U2eVYxcERIN2c,446533
noatt - 194.PNG,0B8WcbXogHvegRkRER1FoYnJON2s,456871
noatt - 195.PNG,0B8WcbXogHvegTFQtWkNRWEc4Snc,450541
noatt - 196.PNG,0B8WcbXogHvegb0JtWUxEMmhYdVk,449807
noatt - 197.PNG,0B8WcbXogHvegYklTbTVhOTNwb1U,443198
noatt - 198.PNG,0B8WcbXogHvegc1EyampQWDdqcm8,471489
noatt - 199.PNG,0B8WcbXogHvegeFVUUHRuSlcwc3c,485614
noatt - 2.PNG,0B8WcbXogHvegc0xraURhMkVNYjQ,405979
noatt - 20.PNG,0B8WcbXogHvegMVJlZFU4cnQyeU0,392090
noatt - 200.PNG,0B8WcbXogHvegVUFHWTFWdUtHcVk,470488
noatt - 201.PNG,0B8WcbXogHvegbkVzM0NzTm0tTVE,487513
noatt - 202.PNG,0B8WcbXogHvegNzI1Qjh1MFNiQUE,467683
noatt - 203.PNG,0B8WcbXogHvegSnoxU1U5UXlZaFU,467886
noatt - 204.PNG,0B8WcbXogHvegeHlxUElxa0EyS0E,461120
noatt - 205.PNG,0B8WcbXogHvegSXdaUmdfTTZXc3c,479070
noatt - 206.PNG,0B8WcbXogHvegTjRSa255eVFrUHc,463838
noatt - 207.PNG,0B8WcbXogHvegU0xlTWh1RGJEbXc,446630
noatt - 208.PNG,0B8WcbXogHvegeHZxRUpSN0RUd00,406240
noatt - 209.PNG,0B8WcbXogHvegNHBlQmpFdlJTNFE,382466
noatt - 21.PNG,0B8WcbXogHvegeWVENHA3TG9qWHc,452176
noatt - 210.PNG,0B8WcbXogHvegM2syREJLT2wxS00,398565
noatt - 211.PNG,0B8WcbXogHvegMWNNTlNLSzNlb0k,420791
noatt - 212.PNG,0B8WcbXogHvegQktlemdqUVVqMm8,414944
noatt - 213.PNG,0B8WcbXogHvegUHhIVEpMdmN4dWM,408262
noatt - 214.PNG,0B8WcbXogHvegMjVjQ1F6SUJJMlk,419398
noatt - 215.PNG,0B8WcbXogHvegcFFKcWtwTG96dk0,411109
noatt - 216.PNG,0B8WcbXogHvegTHpFdUNGTzJaWFU,416911
noatt - 217.PNG,0B8WcbXogHvegQWFGX18wS1B0V1U,429109
noatt - 218.PNG,0B8WcbXogHvegc3NQUzBOVU4tYlk,458151
noatt - 219.PNG,0B8WcbXogHvegQ04wSzdpY0F4ZW8,445345
noatt - 22.PNG,0B8WcbXogHvegOS1qLVJpQzR5UE0,472188
noatt - 220.PNG,0B8WcbXogHvegUzBSeFpIMjlqLXc,450636
noatt - 221.PNG,0B8WcbXogHvegTDBnWE5DTnI5eWc,462015
noatt - 222.PNG,0B8WcbXogHvegOVFfSGV2YzlITFk,459036
noatt - 223.PNG,0B8WcbXogHvegUGJyMnZ6dmRmeTA,491830
noatt - 224.PNG,0B8WcbXogHvegZHVQblNqeUdpeFE,489136
noatt - 225.PNG,0B8WcbXogHvegT05sdk5sNEgxdTQ,490251
noatt - 226.PNG,0B8WcbXogHvegdHFxVWRwNk5WS1U,501785
noatt - 227.PNG,0B8WcbXogHvegQkNBWmx4OWloQTA,466433
noatt - 228.PNG,0B8WcbXogHvegLTBkTXBDd2E0a0E,502227
noatt - 229.PNG,0B8WcbXogHvegSU5hZTE2OXNKN28,489237
noatt - 23.PNG,0B8WcbXogHvegQzdfVTM2SmFjSzQ,409236
noatt - 230.PNG,0B8WcbXogHvegek9wZnZrUlhCaEk,498121
noatt - 231.PNG,0B8WcbXogHvegUk12WFM2LTNKbW8,474403
noatt - 232.PNG,0B8WcbXogHvegSmhXTUxLZkk2VEk,464001
noatt - 233.PNG,0B8WcbXogHvegS1ZhcUQyMFJ5SDQ,441944
noatt - 234.PNG,0B8WcbXogHvegc3djb1Y3WENBbHM,432831
noatt - 235.PNG,0B8WcbXogHvegTTJlRVNzMGdKZ28,430917
noatt - 236.PNG,0B8WcbXogHvegY0lGQThHYVdXZ0E,414655
noatt - 237.PNG,0B8WcbXogHvegTFN1aXpVRWtiMzA,409860
noatt - 238.PNG,0B8WcbXogHvegUG9rYmQ4YS1pNkE,392476
noatt - 239.PNG,0B8WcbXogHvegX1d1djM4Ylh2X28,409371
noatt - 24.PNG,0B8WcbXogHvegY2ZSZ3JjcVhhQUE,257317
noatt - 240.PNG,0B8WcbXogHvegUS1CbFVFQUplQ2c,378300
noatt - 241.PNG,0B8WcbXogHvegRmJxWUF0MFNuWTA,437531
noatt - 242.PNG,0B8WcbXogHvegMXhqbWVZdWx0aDA,381141
noatt - 243.PNG,0B8WcbXogHvegU05lSm83M0tIeFU,466210
noatt - 244.PNG,0B8WcbXogHvegOVpIWDNiUjh3bUE,434723
noatt - 245.PNG,0B8WcbXogHvegUHpxd2RINUs1cjg,418893
noatt - 246.PNG,0B8WcbXogHvegUFU5YUlJcUxILXc,439176
noatt - 247.PNG,0B8WcbXogHvegNkZfNFRwWHp4UWc,412112
noatt - 248.PNG,0B8WcbXogHvegUDMxakNFMDN5ZEE,430067
noatt - 249.PNG,0B8WcbXogHvegbVpGcXRONTdlNU0,431689
noatt - 25.PNG,0B8WcbXogHvegcVBsR24xRmozYjQ,472645
noatt - 250.PNG,0B8WcbXogHvegZFYzYU53LWRfVzg,437044
noatt - 251.PNG,0B8WcbXogHvegQlRyX3drM1pNbEU,456971
noatt - 252.PNG,0B8WcbXogHvegX0xuY0dySGp3VU0,461130
noatt - 253.PNG,0B8WcbXogHvegdzZsd080bGN2M2c,460856
noatt - 254.PNG,0B8WcbXogHvegUzdybUVUb1hSMzQ,468355
noatt - 255.PNG,0B8WcbXogHvegVUpkWVBqMm1XaWs,480525
noatt - 256.PNG,0B8WcbXogHvegVDBOaUpsUUIzUlE,500525
noatt - 257.PNG,0B8WcbXogHvegaFVlU09XWGEzZVk,497822
noatt - 258.PNG,0B8WcbXogHvegMWJ4WElYQVhfU28,503414
noatt - 259.PNG,0B8WcbXogHvegMzBpQzY3cnIzdnM,409267
noatt - 26.PNG,0B8WcbXogHvegZkZ4V29CbGRVdTg,430149
noatt - 260.PNG,0B8WcbXogHvegcWQxcVhEY2R1c2M,401558
noatt - 261.PNG,0B8WcbXogHvegakFSOE1vemJQajA,398552
noatt - 262.PNG,0B8WcbXogHvegaVpiYmlncmxRSUE,406159
noatt - 263.PNG,0B8WcbXogHvegTEtaS01EaFRCTXc,395073
noatt - 264.PNG,0B8WcbXogHvegSEVOaVd0RnB0TXc,382509
noatt - 265.PNG,0B8WcbXogHvegbUVNc2FTYk5taDQ,370208
noatt - 266.PNG,0B8WcbXogHvegUWpkd0tPTWZ3blU,413813
noatt - 267.PNG,0B8WcbXogHvegVl9GaHliTmgwTzg,407712
noatt - 268.PNG,0B8WcbXogHvegR2p4b2tDbTVYOFU,402986
noatt - 269.PNG,0B8WcbXogHvegVWpHaXRkM0I4WG8,403096
noatt - 27.PNG,0B8WcbXogHvegdmN6QWZsQXBIeGs,452505
noatt - 270.PNG,0B8WcbXogHvegMUlIVzFCQmF3WGc,405418
noatt - 271.PNG,0B8WcbXogHvegWGQwa1JUeXJrcDQ,373093
noatt - 272.PNG,0B8WcbXogHvegSXVfdEk3eGJUU0E,367082
noatt - 273.PNG,0B8WcbXogHvegWnJYRVltSk5mc28,369319
noatt - 274.PNG,0B8WcbXogHvegMG1sZEEzSEtidk0,364305
noatt - 275.PNG,0B8WcbXogHvegUDV4NUk0VllvWjA,344487
noatt - 276.PNG,0B8WcbXogHvegMlpWYW1sUkE2NEk,334799
noatt - 277.PNG,0B8WcbXogHvegYzBaZGJJNENHcE0,373247
noatt - 278.PNG,0B8WcbXogHvegd1FCd1pRa2M0X3M,346354
noatt - 279.PNG,0B8WcbXogHvegQ200akw4bWs4cmM,412050
noatt - 28.PNG,0B8WcbXogHvegTmpob0tvdGdVQnM,441213
noatt - 280.PNG,0B8WcbXogHvegZk80N1JnY3M4TzA,411206
noatt - 281.PNG,0B8WcbXogHvegVG91V29GZGoweHc,358349
noatt - 282.PNG,0B8WcbXogHvegQ3d2QVBac0tjc00,352377
noatt - 283.PNG,0B8WcbXogHvegS1FlUFZ1TjRZeU0,379300
noatt - 284.PNG,0B8WcbXogHvegMGtlVS15Y3B2b1U,254854
noatt - 285.PNG,0B8WcbXogHvegWmhTcXFsYjRyRms,453819
noatt - 286.PNG,0B8WcbXogHvegVU9VS1pDOG56UFk,331551
noatt - 287.PNG,0B8WcbXogHvegOHpsS0lYdFdiTUU,364994
noatt - 288.PNG,0B8WcbXogHvegc2NvelNUeGRyazg,376125
noatt - 289.PNG,0B8WcbXogHvegQS1yVXpVa1p1eTA,332306
noatt - 29.PNG,0B8WcbXogHvegcVAtS2pKTGgyd0U,490193
noatt - 290.PNG,0B8WcbXogHvegSHcwXy1YWDlrWUU,330740
noatt - 291.PNG,0B8WcbXogHvegNW1kNGpmcXliczA,347922
noatt - 292.PNG,0B8WcbXogHvegSGY1Y1RSczlqM3M,403003
noatt - 293.PNG,0B8WcbXogHvegdWVqc1V2dUJQaVU,464157
noatt - 294.PNG,0B8WcbXogHvegYmVsb0tPell5N1E,472016
noatt - 295.PNG,0B8WcbXogHvegdVU3NERUWmpCZG8,468542
noatt - 296.PNG,0B8WcbXogHvegWThuZmRGblBDU0k,475276
noatt - 297.PNG,0B8WcbXogHvegQy1xZzVQWWpRVjQ,516913
noatt - 298.PNG,0B8WcbXogHvegM3QwdllvcjhsZlE,534979
noatt - 299.PNG,0B8WcbXogHvegb2hQRUZQSGwxRU0,545710
noatt - 3.PNG,0B8WcbXogHvegYzdMY0NmakxMemM,296440
noatt - 30.PNG,0B8WcbXogHvegVWVOUG5RcGY1SFU,484925
noatt - 300.PNG,0B8WcbXogHvegMmsyRVE5NXF3RDQ,501130
noatt - 301.PNG,0B8WcbXogHvegUWt2ZVh5YVg1N28,504025
noatt - 302.PNG,0B8WcbXogHvegVERxSkFodWlBZDg,462411
noatt - 303.PNG,0B8WcbXogHvegLXNqODdUSFVRZUU,445414
noatt - 304.PNG,0B8WcbXogHvegaksyaU1Ddk5ieWc,436853
noatt - 305.PNG,0B8WcbXogHvegUjRUVlM1eTNlVEE,479346
noatt - 306.PNG,0B8WcbXogHvegc0hTRkVMa2E0R1U,457496
noatt - 307.PNG,0B8WcbXogHvegVGtIT05Cb1lnZlE,381819
noatt - 308.PNG,0B8WcbXogHvegNjZ5RXJPNEZwY28,296926
noatt - 309.PNG,0B8WcbXogHvegeXpMZkFXdXNPNnc,313143
noatt - 31.PNG,0B8WcbXogHvegUklDcHlUSmdxUm8,462044
noatt - 310.PNG,0B8WcbXogHvegTkNOQkc4c0FxWnc,380668
noatt - 311.PNG,0B8WcbXogHvegNk8xN19OTnowc3M,393301
noatt - 312.PNG,0B8WcbXogHvegQmZxTncxQTV3SUk,406789
noatt - 313.PNG,0B8WcbXogHvegaEp4U19FbHpTRW8,410378
noatt - 314.PNG,0B8WcbXogHvegeHNTeGdfUUdHeGM,384474
noatt - 315.PNG,0B8WcbXogHvegcU9zTW14clVxTWs,364689
noatt - 316.PNG,0B8WcbXogHvegeXRaYTY1X3E1d2s,360462
noatt - 317.PNG,0B8WcbXogHvegTEc5MC0tVnlnWWs,346913
noatt - 318.PNG,0B8WcbXogHvegZW9sT2I2NmRsVTQ,375376
noatt - 319.PNG,0B8WcbXogHvegVG1zbGMxVHRkQ0E,505727
noatt - 32.PNG,0B8WcbXogHvegUFU1N2liQlRBMWc,391846
noatt - 320.PNG,0B8WcbXogHvegVkdxc3ZZdnFpZGc,495261
noatt - 321.PNG,0B8WcbXogHvegbDZmMlBhbDdTclk,490593
noatt - 322.PNG,0B8WcbXogHvegOUFqVU5yNC1vTVE,401418
noatt - 323.PNG,0B8WcbXogHvegMDA1Z0ticW4yZlE,443507
noatt - 324.PNG,0B8WcbXogHvegMnlBTlZGcEJ6dXc,401376
noatt - 325.PNG,0B8WcbXogHvegenQzS1AtMkdrOGs,445414
noatt - 326.PNG,0B8WcbXogHvegYTMzYXhZLS1JZnc,464895
noatt - 327.PNG,0B8WcbXogHvegMFJzU1dEZnBlVTg,446508
noatt - 328.PNG,0B8WcbXogHveganc1LTdSTm9xRGM,438562
noatt - 329.PNG,0B8WcbXogHvegdUtUQUN6LXNtVnc,391842
noatt - 33.PNG,0B8WcbXogHvegajlCSkpEVEcwWTA,469573
noatt - 330.PNG,0B8WcbXogHvegbTZTOU9TTEN5cUk,400660
noatt - 331.PNG,0B8WcbXogHvegdmVvVTVmVllObnM,381658
noatt - 332.PNG,0B8WcbXogHvegRS1nM1VFY2ZvZGs,376506
noatt - 333.PNG,0B8WcbXogHvegVFhGX2l6WnVIZlE,521173
noatt - 334.PNG,0B8WcbXogHvegbG8td0dUTmlGYXM,500584
noatt - 335.PNG,0B8WcbXogHvegM3NUSkxrQ1FUMmc,493897
noatt - 336.PNG,0B8WcbXogHvegdXVyQ3VuWjlBbEE,477185
noatt - 337.PNG,0B8WcbXogHvegQm9oV1JoS0R6TVE,500344
noatt - 338.PNG,0B8WcbXogHvegV2lKejJYMkd5ZlE,514001
noatt - 339.PNG,0B8WcbXogHvegc3J0bXp0eEE3TXM,500939
noatt - 34.PNG,0B8WcbXogHvegdDA0NGNLSVlaaU0,378421
noatt - 340.PNG,0B8WcbXogHvegQTN3VDZBalpfTUU,483942
noatt - 341.PNG,0B8WcbXogHvegSWdpaVU5YVdzV2M,491396
noatt - 342.PNG,0B8WcbXogHvegenh5Z0hBQnFJekU,480329
noatt - 343.PNG,0B8WcbXogHvegT3FQMFlmOWVXYUE,495024
noatt - 344.PNG,0B8WcbXogHvegRXFGbXVrd0NaODA,498306
noatt - 345.PNG,0B8WcbXogHvegaE1CS3RJUk8wU3c,370014
noatt - 346.PNG,0B8WcbXogHvegS1ZRd2JCbTI3czQ,351335
noatt - 347.PNG,0B8WcbXogHvegS1ZGNUZ5ZzdSUFE,362824
noatt - 348.PNG,0B8WcbXogHvegY29yT1lsSnM0TDQ,368984
noatt - 349.PNG,0B8WcbXogHvegcW9ES1FGY05HWmc,388347
noatt - 35.PNG,0B8WcbXogHvegelJBN1ROTExEQkU,430470
noatt - 350.PNG,0B8WcbXogHvegclM1RWVEVXM5QWc,384382
noatt - 351.PNG,0B8WcbXogHvegQ2pmbkJ1Z18wOG8,413505
noatt - 352.PNG,0B8WcbXogHvegUGZYeWRXc0xwTFk,421422
noatt - 353.PNG,0B8WcbXogHvegS1hjY0VfRTNBX0E,444645
noatt - 354.PNG,0B8WcbXogHvegWEQwMnBTUGNwdlE,432014
noatt - 355.PNG,0B8WcbXogHvegdW91VlRabld6Vmc,448469
noatt - 356.PNG,0B8WcbXogHvegdUF3b2FBSENlSE0,444718
noatt - 357.PNG,0B8WcbXogHvegTjI4TElYVzdJZ00,439491
noatt - 358.PNG,0B8WcbXogHvegeEtTd1ZxNVFfTDQ,417481
noatt - 359.PNG,0B8WcbXogHvegWWVndkhrbkNGQU0,475428
noatt - 36.PNG,0B8WcbXogHvegQXF1ZzhPUklpX3c,408039
noatt - 360.PNG,0B8WcbXogHvegRXVNQnJMaW9jQ1k,432794
noatt - 361.PNG,0B8WcbXogHvegU0ttNDVOcjRmd0U,411843
noatt - 362.PNG,0B8WcbXogHvegV2Z1dFJ1WlpWRDA,567368
noatt - 363.PNG,0B8WcbXogHvegaEZ4TGVTa0pVMlk,557001
noatt - 364.PNG,0B8WcbXogHvegeVNBRGIwUEFITXc,459675
noatt - 365.PNG,0B8WcbXogHvegSEJ2Q05oRC1IT1U,370944
noatt - 366.PNG,0B8WcbXogHvegN0d3ZVJrM2gxaEU,372208
noatt - 367.PNG,0B8WcbXogHvegQzM3ODNOM1BidGM,620394
noatt - 368.PNG,0B8WcbXogHvegZWxoUUZBTW5Ocnc,602242
noatt - 369.PNG,0B8WcbXogHvegYWFPU1ZpTUplQ2M,619790
noatt - 37.PNG,0B8WcbXogHvegdUN1cTY4alQ2b00,427395
noatt - 370.PNG,0B8WcbXogHvegRjNjaW5Gbmo5M3c,447637
noatt - 371.PNG,0B8WcbXogHvegUVZaOHN0dnZlZFU,446547
noatt - 372.PNG,0B8WcbXogHvegQ1p5YWVVejZFM2s,444957
noatt - 373.PNG,0B8WcbXogHvegOVVTa2xWVnhWbUU,428510
noatt - 374.PNG,0B8WcbXogHvegU2l4dWY0UHFDWFk,637356
noatt - 375.PNG,0B8WcbXogHvegVG84YU5YZmNlQnM,487810
noatt - 376.PNG,0B8WcbXogHvegVlNEbmJocGVvTmM,483757
noatt - 377.PNG,0B8WcbXogHvegNmpuc2VQU3QwWm8,495254
noatt - 378.PNG,0B8WcbXogHvegV1ZnTjJJZ0g3eUk,504157
noatt - 379.PNG,0B8WcbXogHvegU2lSMDVray1oVzA,514153
noatt - 38.PNG,0B8WcbXogHvegWkZISUhBSmxiaGc,407850
noatt - 380.PNG,0B8WcbXogHvegd3FnTUZDMlJZUHc,483446
noatt - 381.PNG,0B8WcbXogHvegd01jQWQ3clVZQmM,376272
noatt - 382.PNG,0B8WcbXogHvegcWdHcnBTYlNILUE,386595
noatt - 383.PNG,0B8WcbXogHvegSWo0cklGUWRRaGM,440724
noatt - 384.PNG,0B8WcbXogHvegSUFndnFQQ2Q5ZnM,458802
noatt - 385.PNG,0B8WcbXogHvegSWJkUFN3WU9Wcmc,392534
noatt - 386.PNG,0B8WcbXogHvegWTVLRUFOcFdDc2s,396921
noatt - 387.PNG,0B8WcbXogHvegSEJyTkppMXFwcDg,395999
noatt - 388.PNG,0B8WcbXogHvegenBnU1lwYjlfT0E,389347
noatt - 389.PNG,0B8WcbXogHvega0tXZUt6WDBwUHc,394488
noatt - 39.PNG,0B8WcbXogHvegMVk0elBEbXRoMFE,394492
noatt - 390.PNG,0B8WcbXogHvegMUhmbXd0czV0Z2c,414816
noatt - 391.PNG,0B8WcbXogHvegaGl0X3A5UTNjQUk,481233
noatt - 392.PNG,0B8WcbXogHvegaHpRc25BQ1B1M3c,473282
noatt - 393.PNG,0B8WcbXogHvegXzRYSEZSOEV1NVU,388802
noatt - 394.PNG,0B8WcbXogHvegRTR0MEZsTnF6OVU,556577
noatt - 395.PNG,0B8WcbXogHvegQVJOemxhVW0yNlE,565570
noatt - 396.PNG,0B8WcbXogHvegazZwdXRkclEyMkU,596782
noatt - 397.PNG,0B8WcbXogHvegODdKaGpIbnVJY1U,523820
noatt - 398.PNG,0B8WcbXogHvegRkZ5Z1pYT0Vnd1E,542537
noatt - 399.PNG,0B8WcbXogHvegOVpQWmhKQ3hSaUU,539515
noatt - 4.PNG,0B8WcbXogHvegaGx3RS0yUVJmbG8,337826
noatt - 40.PNG,0B8WcbXogHvegbmVNeFZTSTNrbXM,389169
noatt - 400.PNG,0B8WcbXogHvegWGdDdVZKTC0xd1U,532927
noatt - 401.PNG,0B8WcbXogHvegWlUtMml0cWk4Qlk,737633
noatt - 402.PNG,0B8WcbXogHvegelo5Rk4ydml6Ylk,402902
noatt - 403.PNG,0B8WcbXogHvegYm12VHM1TUk1Ync,383202
noatt - 404.PNG,0B8WcbXogHvegSElPemFwb1hGM0k,444883
noatt - 405.PNG,0B8WcbXogHvegdDMwQm9VSDZZc00,534187
noatt - 406.PNG,0B8WcbXogHvegbDdUek5Da0pHbDg,412533
noatt - 407.PNG,0B8WcbXogHvegcjk2c0JYNFN1S0U,399223
noatt - 408.PNG,0B8WcbXogHvegUVdXSHFoUVJWRUk,449366
noatt - 409.PNG,0B8WcbXogHvegTHNZUUJGVExDSXM,476839
noatt - 41.PNG,0B8WcbXogHvegOGUwUmJBU05USFk,365486
noatt - 410.PNG,0B8WcbXogHvegZlNZRWRRMUJzT1E,539991
noatt - 411.PNG,0B8WcbXogHvegXzJQUno3bjNrT1E,642098
noatt - 412.PNG,0B8WcbXogHvegb3lKdE1VSHhFVVE,657703
noatt - 413.PNG,0B8WcbXogHvegempXVzRIaWRZbmM,323741
noatt - 414.PNG,0B8WcbXogHvegMm5xVVBRSXNhcXc,386601
noatt - 415.PNG,0B8WcbXogHvegTXQ0dGRGdU1vMTQ,415792
noatt - 416.PNG,0B8WcbXogHvegUEZuYmEtQU9kRUU,581223
noatt - 417.PNG,0B8WcbXogHvegWERIV2dIYXlfY3M,561739
noatt - 418.PNG,0B8WcbXogHvegNC1fcXJkOGpPbGs,554958
noatt - 419.PNG,0B8WcbXogHvegRFh2UGFfQmt1SmM,552164
noatt - 42.PNG,0B8WcbXogHvegOTFwQ3NDdW40RzA,374767
noatt - 420.PNG,0B8WcbXogHvegR2JWdWZVOVhUT2M,543826
noatt - 421.PNG,0B8WcbXogHvegSjAxaExvbFRWZUk,687838
noatt - 422.PNG,0B8WcbXogHvegUnByb1dNVDhPbmM,677790
noatt - 423.PNG,0B8WcbXogHvegWERnbkc0TnhUZmc,609709
noatt - 424.PNG,0B8WcbXogHvegTVJFWGQza0dCSjA,613376
noatt - 425.PNG,0B8WcbXogHvegZXRNUmd4b2F0VWs,603172
noatt - 426.PNG,0B8WcbXogHvegQ004YWFlT00wMVE,502644
noatt - 427.PNG,0B8WcbXogHvegX3Q2djNEVTRxRXM,497334
noatt - 428.PNG,0B8WcbXogHvegLTZVeDktdEdwbkk,502425
noatt - 429.PNG,0B8WcbXogHvegSlRkWVRTOGxqbkU,468360
noatt - 43.PNG,0B8WcbXogHvegWlN5c2xNM25UMWc,408463
noatt - 430.PNG,0B8WcbXogHvegSTAwUUJRRHQ5MHc,424653
noatt - 431.PNG,0B8WcbXogHvegZEpySHJ1Vk1uS1k,425870
noatt - 432.PNG,0B8WcbXogHvegMWtSQzh4NXBSRU0,431688
noatt - 433.PNG,0B8WcbXogHvegZjR2UXRPQjJCSUU,470317
noatt - 434.PNG,0B8WcbXogHvegNEhxTXhOYV83X3c,466201
noatt - 435.PNG,0B8WcbXogHvegV19qUWh1SWl1WEE,713270
noatt - 436.PNG,0B8WcbXogHvegdWt3cVFxQTl2VkE,735399
noatt - 437.PNG,0B8WcbXogHvegUUZyd1FoZXBZdHc,699098
noatt - 438.PNG,0B8WcbXogHvegbmdYQ3g3bFdOa00,692536
noatt - 439.PNG,0B8WcbXogHvegOFNZZlVQWUI1WlU,348459
noatt - 44.PNG,0B8WcbXogHvegNk8tZ0UzZ3hOU0k,361524
noatt - 440.PNG,0B8WcbXogHvegN016dWllUTRnNnc,357369
noatt - 441.PNG,0B8WcbXogHvegdXBfSHZfX3Atd1U,357085
noatt - 442.PNG,0B8WcbXogHvegeEpGZTBreXJ4YWM,355777
noatt - 443.PNG,0B8WcbXogHvegNjFzNDFoR1ZFVnM,336574
noatt - 444.PNG,0B8WcbXogHvegSDdrMElIS1pzNUE,323983
noatt - 445.PNG,0B8WcbXogHvegX2pyeHJZNmFkZ0k,347307
noatt - 446.PNG,0B8WcbXogHvegV1ZpbzlqVU8yNlE,527623
noatt - 447.PNG,0B8WcbXogHvegUkc0RG5PMXUtc1E,533938
noatt - 448.PNG,0B8WcbXogHvegcUlUamNadkpwdTA,503957
noatt - 449.PNG,0B8WcbXogHvegVFpObVNkbWwzNE0,452921
noatt - 45.PNG,0B8WcbXogHvegV2N0aUVpTVZHYmc,324614
noatt - 450.PNG,0B8WcbXogHvegZHd2Wjkwc2J3MUk,456941
noatt - 451.PNG,0B8WcbXogHvegX3FEM3k3a3N2OE0,524365
noatt - 452.PNG,0B8WcbXogHvegWkY1cThmV0Jtdnc,449940
noatt - 453.PNG,0B8WcbXogHvegbXg1c0pGRTR1cDA,493350
noatt - 454.PNG,0B8WcbXogHvegbDhSLWdFMFp0U0k,488875
noatt - 455.PNG,0B8WcbXogHvegSkxWdC02eHJhVVE,489335
noatt - 456.PNG,0B8WcbXogHvegRkRfcWQ2OVBtSm8,329209
noatt - 457.PNG,0B8WcbXogHvegc2ZzV2s3cWlINFE,330686
noatt - 458.PNG,0B8WcbXogHvegclZ5ZzZCdE85NFE,269032
noatt - 459.PNG,0B8WcbXogHvegUk5TUXpKMGl5N2s,450350
noatt - 46.PNG,0B8WcbXogHvegX3dsODRmdVloRDQ,277925
noatt - 460.PNG,0B8WcbXogHvegUFNNbWZVUWZJaGc,463945
noatt - 461.PNG,0B8WcbXogHvegY25QQV9LWDZHYnc,467953
noatt - 462.PNG,0B8WcbXogHvegSEJyU0tGOTN1LVU,477996
noatt - 463.PNG,0B8WcbXogHvegc2dxS2hyb3lzTDQ,487872
noatt - 464.PNG,0B8WcbXogHvegRzhKSzlvZDdxTzA,496978
noatt - 465.PNG,0B8WcbXogHvegQUZPeDJERXZObTQ,501363
noatt - 466.PNG,0B8WcbXogHvegT1FubnZOeVl6ZW8,503907
noatt - 467.PNG,0B8WcbXogHvegUGV0T19yVEJHWFU,597501
noatt - 468.PNG,0B8WcbXogHvegUkgxWlJZNXRxcDA,572767
noatt - 469.PNG,0B8WcbXogHvegZE5YYUlPOHcyLTA,540392
noatt - 47.PNG,0B8WcbXogHvegUjdubUsybUthWFk,317594
noatt - 470.PNG,0B8WcbXogHvegb3h3aWtMUlYzUzg,479755
noatt - 471.PNG,0B8WcbXogHvegdEp4bFg2WnAtaFE,467379
noatt - 472.PNG,0B8WcbXogHvegLXlNZlRmTjhzc2M,535387
noatt - 473.PNG,0B8WcbXogHvegVzduQjZjeF8zMDQ,587174
noatt - 474.PNG,0B8WcbXogHvegUko2ak8tblJ5Smc,565026
noatt - 475.PNG,0B8WcbXogHvegRXdSbUZFWHNneFk,503357
noatt - 476.PNG,0B8WcbXogHvegUExackMxYzFzVjQ,470175
noatt - 477.PNG,0B8WcbXogHvegRDJuQWw4RVV5bW8,530471
noatt - 478.PNG,0B8WcbXogHvegX0xtdTRjeXdXdlk,520415
noatt - 479.PNG,0B8WcbXogHvegTnJhWXNWcjY3YVk,535174
noatt - 48.PNG,0B8WcbXogHvegREZVV2RBOTdsVEk,401564
noatt - 480.PNG,0B8WcbXogHvegVXhjWGxBQnRNSnM,506025
noatt - 481.PNG,0B8WcbXogHvegZTlDZVBsakVwelE,496543
noatt - 482.PNG,0B8WcbXogHvegVjdIbWowM08xd2s,461086
noatt - 483.PNG,0B8WcbXogHvegcVlqOWFwV3duVnM,480552
noatt - 484.PNG,0B8WcbXogHvegOWttdDA5c3Y2ZmM,621600
noatt - 485.PNG,0B8WcbXogHvegRWhBXzBTQUpYdTQ,581136
noatt - 486.PNG,0B8WcbXogHvega1FmaFN4ODJxcDA,603401
noatt - 487.PNG,0B8WcbXogHvegZml6a1BiODhFdlk,372768
noatt - 488.PNG,0B8WcbXogHvegdG5UZE1lS2U2Tzg,445475
noatt - 489.PNG,0B8WcbXogHvegMWkwVF8yQmdBVFE,499809
noatt - 49.PNG,0B8WcbXogHvegRl9MS21QUVYwUkU,458183
noatt - 490.PNG,0B8WcbXogHvegTUtDdUFfR2d1em8,504320
noatt - 491.PNG,0B8WcbXogHvegQzd2QmdVVkdYcFE,530223
noatt - 492.PNG,0B8WcbXogHvegRmp3dElfMUprRU0,519295
noatt - 493.PNG,0B8WcbXogHvegWnhsbjFsclUzTXM,532528
noatt - 494.PNG,0B8WcbXogHvegQUN5d3dSV196TnM,465836
noatt - 495.PNG,0B8WcbXogHvegRmZlUEJWa2JLaEk,418552
noatt - 496.PNG,0B8WcbXogHvega0ppOVRuenkxNTQ,489967
noatt - 497.PNG,0B8WcbXogHvegbFVFZ2FsRmVQbHc,492017
noatt - 498.PNG,0B8WcbXogHvegWExQVWwwZ3JEUFE,556714
noatt - 499.PNG,0B8WcbXogHvega0ZJMTZGYnQyQU0,546784
noatt - 5.PNG,0B8WcbXogHvegMlZRSlhoZWk1OUE,356381
noatt - 50.PNG,0B8WcbXogHvegejBYbHlMNFF1WXc,548441
noatt - 500.PNG,0B8WcbXogHvegSjZRZjZrbDFpOWM,551042
noatt - 501.PNG,0B8WcbXogHvegMDBlUEVhM2p2c00,554890
noatt - 502.PNG,0B8WcbXogHvegb1ZqSUU0dVdWOWs,559835
noatt - 503.PNG,0B8WcbXogHvegb2ZTU2NtcVYyakE,416336
noatt - 504.PNG,0B8WcbXogHvegSXRYTFBTYTIydzQ,368333
noatt - 505.PNG,0B8WcbXogHvegRjRKaWw3Yi1EbFU,388735
noatt - 506.PNG,0B8WcbXogHvegMEdWRGZPNm5fRGc,392491
noatt - 507.PNG,0B8WcbXogHvegeS1UTk5SdGxUSTA,532589
noatt - 508.PNG,0B8WcbXogHvegVExxTXdDZnhobWc,524301
noatt - 509.PNG,0B8WcbXogHvegSDJKWFRoVnlaUnc,516551
noatt - 51.PNG,0B8WcbXogHvegV2RQWnhjS2VTQWM,512146
noatt - 510.PNG,0B8WcbXogHvegUHNzMWY0V1dCUjg,502960
noatt - 511.PNG,0B8WcbXogHvegRnJwWExKM3hHVDQ,504501
noatt - 512.PNG,0B8WcbXogHvegUDdreUxLS25YWGM,513457
noatt - 513.PNG,0B8WcbXogHvegVDlNTGticVRqMlU,505460
noatt - 514.PNG,0B8WcbXogHvegeE5BM0MtUzg3RzA,396521
noatt - 515.PNG,0B8WcbXogHvegMWZ3Sm5LZHFqeGc,384881
noatt - 516.PNG,0B8WcbXogHvegcWJpb19LUDVTemM,381531
noatt - 517.PNG,0B8WcbXogHvegaTQxOWw4X25hTDQ,387548
noatt - 518.PNG,0B8WcbXogHvegei1QRWZOYkZFYVE,367903
noatt - 519.PNG,0B8WcbXogHvegcTZlRzc1aTFDVHc,366733
noatt - 52.PNG,0B8WcbXogHvegZnNyWnpMck9Tdms,515651
noatt - 520.PNG,0B8WcbXogHvegQXhhQTg1SWZsNGM,395675
noatt - 521.PNG,0B8WcbXogHvegUk1ZU2RVTm5Fb0k,409444
noatt - 522.PNG,0B8WcbXogHvegZWIwSzRkTFRoNnc,372945
noatt - 523.PNG,0B8WcbXogHvegMGh1cDR6QlNLVGs,350814
noatt - 524.PNG,0B8WcbXogHvegYm9SZ2V3REw0a2s,340615
noatt - 525.PNG,0B8WcbXogHvegbWlIYlEyZDF0WHM,330479
noatt - 526.PNG,0B8WcbXogHvegQzAxRGFPX1FQVG8,324068
noatt - 527.PNG,0B8WcbXogHvegX1N6c3gzcTdXeWM,337765
noatt - 528.PNG,0B8WcbXogHvegUGJpQlhhMnhpZjA,386329
noatt - 529.PNG,0B8WcbXogHvegdDFzeU9NZjcwNGM,385238
noatt - 53.PNG,0B8WcbXogHvegQ2h2cGNPa1R0UHM,402026
noatt - 530.PNG,0B8WcbXogHvegQmFvNFMwMEFmVnc,369084
noatt - 531.PNG,0B8WcbXogHvegSnNxM0NtM3BLeW8,372971
noatt - 532.PNG,0B8WcbXogHvegaElIQ3N2U3d6Wjg,358921
noatt - 533.PNG,0B8WcbXogHvegU08zUGdha25jVTA,374140
noatt - 534.PNG,0B8WcbXogHvegcmZrOGt5TmhnV0E,366154
noatt - 535.PNG,0B8WcbXogHvegRlItaGJmbnlRZU0,348530
noatt - 536.PNG,0B8WcbXogHvegWW9OU0xla01IVmM,349428
noatt - 537.PNG,0B8WcbXogHvegX1hIeGs5YWRHWUk,315828
noatt - 538.PNG,0B8WcbXogHvegUFpzS3gtTHJhRWM,280970
noatt - 539.PNG,0B8WcbXogHvegVm9VRFNFUVFlY1U,301032
noatt - 54.PNG,0B8WcbXogHvegSDlBS044T2ZrdEE,519093
noatt - 540.PNG,0B8WcbXogHvegSU9LdUZHVWZHME0,345137
noatt - 541.PNG,0B8WcbXogHvegVGJZMFlNUGFMdGc,353204
noatt - 542.PNG,0B8WcbXogHvegNGxGdVUtMnNLWE0,283822
noatt - 543.PNG,0B8WcbXogHvegenpQYk9MWEVtdWM,333156
noatt - 544.PNG,0B8WcbXogHvegV3A0TFlvTUVNeE0,358528
noatt - 545.PNG,0B8WcbXogHvegdjlxQUlTTFIzNG8,350678
noatt - 546.PNG,0B8WcbXogHvegXy11dl9mMzRjM2c,389664
noatt - 547.PNG,0B8WcbXogHvegZkRXZjdqajdMMUU,422422
noatt - 548.PNG,0B8WcbXogHvegcEZwcGdpVHR3SG8,416573
noatt - 549.PNG,0B8WcbXogHvegYmFqZk1Tck5rMDg,415448
noatt - 55.PNG,0B8WcbXogHvegNDJXS1pRQ1VhSFU,464700
noatt - 550.PNG,0B8WcbXogHvegUHRIM0N5d0JIbFE,381128
noatt - 551.PNG,0B8WcbXogHvegb0U5NC1jMExkdzg,332216
noatt - 552.PNG,0B8WcbXogHvegQmgwellJVzRkdzg,335589
noatt - 553.PNG,0B8WcbXogHvegUnprUXhJNmV4eGc,300763
noatt - 554.PNG,0B8WcbXogHvegcVdqZTdHZVltVEU,353386
noatt - 555.PNG,0B8WcbXogHvegbXd0WGQ3emdDbkk,303656
noatt - 556.PNG,0B8WcbXogHvegODhnd2FhNm5GSmc,388654
noatt - 557.PNG,0B8WcbXogHvegR3hiZEw2eHFsUEk,375352
noatt - 558.PNG,0B8WcbXogHvegZnUzQU9QR1RqTVU,388212
noatt - 559.PNG,0B8WcbXogHvegOUswQnFOTHR5Qzg,420323
noatt - 56.PNG,0B8WcbXogHvegQjBJLTR5dXFnREE,400442
noatt - 560.PNG,0B8WcbXogHvegcTVfT2g5a3ZWVjA,404994
noatt - 561.PNG,0B8WcbXogHvegVV9aTmNvTHNQSVE,420756
noatt - 562.PNG,0B8WcbXogHvegVkFIRmpUMFM1TEk,428748
noatt - 563.PNG,0B8WcbXogHvegUklJckMxQ2U3VkE,440928
noatt - 564.PNG,0B8WcbXogHvegZnoyS1phUWZkOGc,440930
noatt - 565.PNG,0B8WcbXogHvegRXRjSkVndWpIcms,436175
noatt - 566.PNG,0B8WcbXogHvegcVVRYjRrMGdHZTQ,427633
noatt - 567.PNG,0B8WcbXogHvegYjRDenljUUk0R0E,434582
noatt - 568.PNG,0B8WcbXogHvegZ0hSU0g0bWlFVDA,429066
noatt - 569.PNG,0B8WcbXogHvegY19ueDZSaGVIbG8,407686
noatt - 57.PNG,0B8WcbXogHvegb0VKcExwb0NUQUk,439992
noatt - 570.PNG,0B8WcbXogHvegdndIRFMxdTBfWnM,400225
noatt - 571.PNG,0B8WcbXogHvegS0pDSUMxX0FMVUE,435310
noatt - 572.PNG,0B8WcbXogHvegdWZ3WnY1MDdpdFU,423990
noatt - 573.PNG,0B8WcbXogHvegbXVEdEZhTFVubWc,436877
noatt - 574.PNG,0B8WcbXogHvegVFloYkIzZVRDVmM,426197
noatt - 575.PNG,0B8WcbXogHvegbHZmMHV4c3hqMmc,420909
noatt - 576.PNG,0B8WcbXogHvegYWx5V2xDNHV4ME0,447531
noatt - 577.PNG,0B8WcbXogHvegNkhhOGYyOUxPOEE,455308
noatt - 578.PNG,0B8WcbXogHvegamY5QTdTWEJWWWc,451738
noatt - 579.PNG,0B8WcbXogHvegREZnRU5nNkZJQkE,452017
noatt - 58.PNG,0B8WcbXogHvegVGlJYXVQUXJxb28,445772
noatt - 580.PNG,0B8WcbXogHvegVlVZUURqM3BDTTg,435414
noatt - 581.PNG,0B8WcbXogHvegV1V6dGg5YldfcGs,411083
noatt - 582.PNG,0B8WcbXogHvegc0RrRkJSYklzQjQ,409473
noatt - 583.PNG,0B8WcbXogHvegMmo1X3Bldm5RU1E,408685
noatt - 584.PNG,0B8WcbXogHvegM1c4SEp4WktVZ1U,479163
noatt - 585.PNG,0B8WcbXogHvegd05zM1pSc3V0akU,544091
noatt - 586.PNG,0B8WcbXogHvegME5Uc2RNWWR2WlU,540051
noatt - 587.PNG,0B8WcbXogHvegbmdMYTJ2WWdEQVk,548131
noatt - 588.PNG,0B8WcbXogHvegY283UzdwN3lZSzg,546376
noatt - 589.PNG,0B8WcbXogHvegWGxqYmZMeU9jQzA,548415
noatt - 59.PNG,0B8WcbXogHvegVnk4MkdaLTNjdk0,422262
noatt - 590.PNG,0B8WcbXogHvegUDY5ZVgzbDdaRW8,547265
noatt - 591.PNG,0B8WcbXogHvegVDNBNzlXQ1p1OTA,546581
noatt - 592.PNG,0B8WcbXogHvegN1pPbFYwS2tkdmM,571581
noatt - 593.PNG,0B8WcbXogHvegeFJ0Q2pDMHFxa1k,516800
noatt - 594.PNG,0B8WcbXogHvegMzVsczI0NkR2a0U,452042
noatt - 595.PNG,0B8WcbXogHvegS1R2SGd2eE1TOFk,420941
noatt - 596.PNG,0B8WcbXogHvegUV9jNHZwNVNNY2s,341088
noatt - 597.PNG,0B8WcbXogHvegM1RPZHRobzlmNVE,330856
noatt - 598.PNG,0B8WcbXogHvegTjg3QlIxbnQtMnM,354667
noatt - 599.PNG,0B8WcbXogHvegZmRtcm1DemltUzQ,388192
noatt - 6.PNG,0B8WcbXogHvegb2tSTXBMTVE4Wk0,397341
noatt - 60.PNG,0B8WcbXogHvegLXg3TXFWaXdxVGc,411242
noatt - 600.PNG,0B8WcbXogHvegaGx1Y3pJbGx0S1E,401817
noatt - 601.PNG,0B8WcbXogHvegcldrS09LZnZsWDQ,407472
noatt - 602.PNG,0B8WcbXogHvegc2RRWW41Mk9IN3M,429512
noatt - 603.PNG,0B8WcbXogHvegSTJrY2tma0FmVmM,423502
noatt - 604.PNG,0B8WcbXogHvegRk01TWdldVRRSlE,444963
noatt - 605.PNG,0B8WcbXogHvegWndEc1d0V2JUT00,441714
noatt - 606.PNG,0B8WcbXogHvegZ3ZZU3U0VU1yVlE,448253
noatt - 607.PNG,0B8WcbXogHvegejBVbmJEM3FWVUk,443085
noatt - 608.PNG,0B8WcbXogHvegdEY4WXJTaXhaS1E,438752
noatt - 609.PNG,0B8WcbXogHvegcHBMc0FYTFpxYnc,447395
noatt - 61.PNG,0B8WcbXogHvegTVduZmdtYWVwek0,405708
noatt - 610.PNG,0B8WcbXogHvegTmhUenJOTUR4VHc,321371
noatt - 611.PNG,0B8WcbXogHvegSURiQzN5cXpsUWc,501657
noatt - 612.PNG,0B8WcbXogHvegSlJZNmhaNklYQnM,524478
noatt - 613.PNG,0B8WcbXogHvegZWpPclJ4N3NRRHc,448208
noatt - 614.PNG,0B8WcbXogHvegMS0zRDEtZkNOdm8,551600
noatt - 615.PNG,0B8WcbXogHvegNjNZX0M4Z0NQZjQ,435350
noatt - 616.PNG,0B8WcbXogHvegVG9wRlAyVTJZbWc,437715
noatt - 617.PNG,0B8WcbXogHvegZGNELVpDb2JlNWc,536570
noatt - 618.PNG,0B8WcbXogHvegZUI5eEJjcDlwU1k,538422
noatt - 619.PNG,0B8WcbXogHvegSXM1dFd0WUlDTTQ,560682
noatt - 62.PNG,0B8WcbXogHvegTC1sc3M5ZFZCZDQ,385082
noatt - 620.PNG,0B8WcbXogHvegU3prck1Wc25UOEU,517500
noatt - 621.PNG,0B8WcbXogHvegdHlrQ3R0cnlZb3M,546035
noatt - 622.PNG,0B8WcbXogHvegclNIdnFjQVc3aGM,436480
noatt - 623.PNG,0B8WcbXogHvegNjFLTmtZXzVnTXc,438119
noatt - 624.PNG,0B8WcbXogHvegcVMxTHN0QVJ0bnc,394476
noatt - 625.PNG,0B8WcbXogHveganRnUTFfZWxGOGM,390978
noatt - 626.PNG,0B8WcbXogHvegOW1ONlJEVl9jckk,418000
noatt - 627.PNG,0B8WcbXogHvegejJBbWVQUjg1c28,407506
noatt - 628.PNG,0B8WcbXogHvegcmgyWlVNV2NQVTQ,445387
noatt - 629.PNG,0B8WcbXogHvegVElQN0xiQ1c0NE0,424966
noatt - 63.PNG,0B8WcbXogHvegdG1rU21PWExRblk,377410
noatt - 630.PNG,0B8WcbXogHvegNHZMV2prU1BsS1E,464777
noatt - 631.PNG,0B8WcbXogHvegRC1paFhpZmJtNmc,446484
noatt - 632.PNG,0B8WcbXogHvegcjJNTlAycHhFSVE,452590
noatt - 633.PNG,0B8WcbXogHvegb2hKYmxKWl9jWTQ,467559
noatt - 634.PNG,0B8WcbXogHvegX1BLaEVra0tfb1E,469545
noatt - 635.PNG,0B8WcbXogHvegRzdtTl9kSkpubWM,466060
noatt - 636.PNG,0B8WcbXogHvegaFl3TlkxOUtUZlk,464603
noatt - 637.PNG,0B8WcbXogHvegWWcxS1cyNVF2TmM,446396
noatt - 638.PNG,0B8WcbXogHvegNkdEMjRFX0ViTlU,453950
noatt - 639.PNG,0B8WcbXogHvegUXFjWXlkRUtydzQ,452187
noatt - 64.PNG,0B8WcbXogHvegUzBPaDJQWlVvclE,362986
noatt - 640.PNG,0B8WcbXogHvegQm1tc0ZqNXhtems,455780
noatt - 641.PNG,0B8WcbXogHvegRHpxVmVlNHBtM2c,459725
noatt - 642.PNG,0B8WcbXogHvegUmE1NHBjWTg2RzQ,459387
noatt - 643.PNG,0B8WcbXogHvegczA0QVVsY3o5TWM,469041
noatt - 644.PNG,0B8WcbXogHvegaThuVVJEOE9Za3M,485134
noatt - 645.PNG,0B8WcbXogHvegQzkxM21ZUExaZGM,474819
noatt - 646.PNG,0B8WcbXogHvegRmVYTVhScGx3S0E,485190
noatt - 647.PNG,0B8WcbXogHvegd0hKWnkzOUxtbmc,492815
noatt - 648.PNG,0B8WcbXogHvegc2twMGN1MnVPUTA,495602
noatt - 649.PNG,0B8WcbXogHvegMUYwRGRNVm5sNEU,502442
noatt - 65.PNG,0B8WcbXogHvegN0xCSmVsS00wOFk,346909
noatt - 650.PNG,0B8WcbXogHvegdXR1Z3JKSlB2Wkk,503724
noatt - 651.PNG,0B8WcbXogHvegWmpKNVpGdGZyczg,507779
noatt - 652.PNG,0B8WcbXogHvegSGUyem9HYnNSdDQ,513768
noatt - 653.PNG,0B8WcbXogHvegbXRmd05vSU9PLWs,513970
noatt - 654.PNG,0B8WcbXogHvegSnMyVERKa0N5RG8,519238
noatt - 655.PNG,0B8WcbXogHvegMFpWdWVfSFNKdnc,523275
noatt - 656.PNG,0B8WcbXogHvegblgtY2lXTXB5WFk,518395
noatt - 657.PNG,0B8WcbXogHvegWUdaSmJXZGlVZmc,514930
noatt - 658.PNG,0B8WcbXogHvegREJlNUxPa080bUk,501053
noatt - 659.PNG,0B8WcbXogHvegSzhibXBnNDlTOEU,454299
noatt - 66.PNG,0B8WcbXogHvegVTE0UTZ2YjRqeEE,345912
noatt - 660.PNG,0B8WcbXogHvegdFdUZEVxZ1dDODg,451000
noatt - 661.PNG,0B8WcbXogHvegdnVGZDU2MGxYRTQ,472986
noatt - 662.PNG,0B8WcbXogHvegNlpmaDNBV0JtQkk,461605
noatt - 663.PNG,0B8WcbXogHvegbF96T0J3UEs3YVU,459515
noatt - 664.PNG,0B8WcbXogHvegRE5IWG94bFdWZEE,470413
noatt - 665.PNG,0B8WcbXogHvegX1M5ay1tU1Babmc,459444
noatt - 666.PNG,0B8WcbXogHvegSHFlNHVOZ1hjYlE,593189
noatt - 667.PNG,0B8WcbXogHvegWFR5T1lyMGl3N2M,425350
noatt - 668.PNG,0B8WcbXogHvegTjNOaXUtRW1fUEk,443019
noatt - 669.PNG,0B8WcbXogHvegYThiaC1TZ1l6V0U,429225
noatt - 67.PNG,0B8WcbXogHvegU3BJLTl1M0dOOVk,339183
noatt - 670.PNG,0B8WcbXogHvegODJZOHQycm1qbVE,446192
noatt - 671.PNG,0B8WcbXogHvegRTZuSlpZMmxRNEE,442166
noatt - 672.PNG,0B8WcbXogHvega2tmTUtzdVpiZWM,454295
noatt - 673.PNG,0B8WcbXogHvegUkRYbEgxbnNxcW8,464137
noatt - 674.PNG,0B8WcbXogHvegMlczdy13Tnp3YTQ,408613
noatt - 675.PNG,0B8WcbXogHvegOWlYUlhYOXFoazg,485585
noatt - 676.PNG,0B8WcbXogHvegaVFMV3E0dDdDSGM,470207
noatt - 677.PNG,0B8WcbXogHvegbEVZdTVJS3dSNnc,416190
noatt - 678.PNG,0B8WcbXogHvegZXdCOWJkUG43MTA,481926
noatt - 679.PNG,0B8WcbXogHvegdDVUNUFsR19TUnM,488309
noatt - 68.PNG,0B8WcbXogHvegQldycUI4QVdzQnM,350854
noatt - 680.PNG,0B8WcbXogHvegV3NFMWhYOW96d0U,502400
noatt - 681.PNG,0B8WcbXogHvegalBqdjluaVRlb2M,489673
noatt - 682.PNG,0B8WcbXogHvegaEZURHlhcWRjZHM,478814
noatt - 683.PNG,0B8WcbXogHvegMko1YW1OalBOSlU,475592
noatt - 684.PNG,0B8WcbXogHvegb0ZMWHZOV2NPOXM,423482
noatt - 685.PNG,0B8WcbXogHvegb2o3d2Q1ZmIyMHM,422923
noatt - 686.PNG,0B8WcbXogHvegY1BaeGNhUy1sVkk,416320
noatt - 687.PNG,0B8WcbXogHvegRGQ0eG9ybHZhOFk,427828
noatt - 688.PNG,0B8WcbXogHvegcDZYbkZsbDlseW8,422740
noatt - 689.PNG,0B8WcbXogHvegZHUxbG1lQlpLRTQ,416819
noatt - 69.PNG,0B8WcbXogHvegWGUxTkhqUnY4QWM,357205
noatt - 690.PNG,0B8WcbXogHvegTkpfejZOVUZDSms,431677
noatt - 691.PNG,0B8WcbXogHvegMGZ2NU1RVkdKYk0,422666
noatt - 692.PNG,0B8WcbXogHvegM29GRUF3bDFSd0E,428642
noatt - 693.PNG,0B8WcbXogHvegd3hGVnpRdUxYN28,425848
noatt - 694.PNG,0B8WcbXogHvegbkxhQWZoa0U0S1k,424003
noatt - 695.PNG,0B8WcbXogHvegQk1QUlhoNzN6R2c,395155
noatt - 696.PNG,0B8WcbXogHvegcFJLRFF0LU1kTDg,357822
noatt - 697.PNG,0B8WcbXogHvegUFB4dVR0VUhZLTQ,343614
noatt - 698.PNG,0B8WcbXogHvegTUNxb0hoQ0VIN2M,360250
noatt - 699.PNG,0B8WcbXogHvegb1dpdlVDM0xRaHc,358691
noatt - 7.PNG,0B8WcbXogHvegNUhldlpjZGdnTDg,400091
noatt - 70.PNG,0B8WcbXogHvega2I4NUVmSlFoQzg,377022
noatt - 700.PNG,0B8WcbXogHvegWndyV0d4ODZzRDQ,369432
noatt - 701.PNG,0B8WcbXogHvegSUlVYnlIV2phYmM,371969
noatt - 702.PNG,0B8WcbXogHvegUER5UmpuVUhCZ0U,392244
noatt - 703.PNG,0B8WcbXogHvegX0RvaHgzMWdkU00,405640
noatt - 704.PNG,0B8WcbXogHvegUzZTQUlOOG5ZUjA,418257
noatt - 705.PNG,0B8WcbXogHvegOXZieTVQc0k5WDQ,418389
noatt - 706.PNG,0B8WcbXogHvegTlJUVDltVnlPd2c,411948
noatt - 707.PNG,0B8WcbXogHvegREI4VDhFZVZSNHM,367504
noatt - 708.PNG,0B8WcbXogHvegaXAyeXUtQlV5ZDQ,360865
noatt - 709.PNG,0B8WcbXogHvegdExxTEhWZmhCc2M,370079
noatt - 71.PNG,0B8WcbXogHvegRlFaQVlhR0pTMGc,384765
noatt - 710.PNG,0B8WcbXogHvegdkt0ck1ILTU3ZDQ,395391
noatt - 711.PNG,0B8WcbXogHvegSW0zMkhoZUVLcFk,392274
noatt - 712.PNG,0B8WcbXogHvegclBEdDM5amVicTQ,384610
noatt - 713.PNG,0B8WcbXogHvegUVVKNGkweVFrY28,380116
noatt - 714.PNG,0B8WcbXogHvegdGJXX21qZWV0ajg,395733
noatt - 715.PNG,0B8WcbXogHvegNXJuS0thTmZOUkk,412066
noatt - 716.PNG,0B8WcbXogHvegdFdzMURSNEtXNDQ,418402
noatt - 717.PNG,0B8WcbXogHvegVS1pemRWMzVKdFk,434897
noatt - 718.PNG,0B8WcbXogHvegVzlXT2Zhb0oxNmM,421662
noatt - 719.PNG,0B8WcbXogHvegODRnUHl2b1piRDg,439226
noatt - 72.PNG,0B8WcbXogHvegTE03R3ktVk5VYUE,396157
noatt - 720.PNG,0B8WcbXogHvegTXhjMUtqME14Y1E,432284
noatt - 721.PNG,0B8WcbXogHvegekdfS1VRSWs2ZWM,450435
noatt - 722.PNG,0B8WcbXogHvegZUdudTBrQXhRUUU,436518
noatt - 723.PNG,0B8WcbXogHvegYkdiQ1NFUlREWkU,459384
noatt - 724.PNG,0B8WcbXogHvegVlJja29memF4Y3c,465915
noatt - 725.PNG,0B8WcbXogHvegWHZBTEoyQXVia00,469444
noatt - 726.PNG,0B8WcbXogHvegUzF2RVZITGRmY1U,471054
noatt - 727.PNG,0B8WcbXogHvegQVVublExTnJ3M1k,492395
noatt - 728.PNG,0B8WcbXogHvegX3dXT0ZrblRuTXc,495988
noatt - 729.PNG,0B8WcbXogHvegWGRVcXBMQmNKR2s,507701
noatt - 73.PNG,0B8WcbXogHvegQkhxSHMwVDJLLWs,379366
noatt - 730.PNG,0B8WcbXogHvegaHF0TkJVc21xeXc,488233
noatt - 731.PNG,0B8WcbXogHvegZGNRVzU2Uy1OSms,486224
noatt - 732.PNG,0B8WcbXogHvegbHdQVUpfZ3lQcTQ,482877
noatt - 733.PNG,0B8WcbXogHvegLUZZcFhZUXowODg,482239
noatt - 734.PNG,0B8WcbXogHvegbGpaM0Jnd0wwM0k,485421
noatt - 735.PNG,0B8WcbXogHvegSjl6b2ZWWDhfZFk,498095
noatt - 736.PNG,0B8WcbXogHvegM3NtLS1vMUhpRTA,484063
noatt - 737.PNG,0B8WcbXogHvegS3hHSmdMTXhfSXc,501447
noatt - 738.PNG,0B8WcbXogHvegQWtXcE9HTlg2Z1E,494812
noatt - 739.PNG,0B8WcbXogHvegNDVvZGtWZmoxWFE,498252
noatt - 74.PNG,0B8WcbXogHvegVm1tUUlJWDlGeGM,408726
noatt - 740.PNG,0B8WcbXogHvegXzRVR1E0V2NZZjQ,488817
noatt - 741.PNG,0B8WcbXogHvegSUNUZF8wWlRqZ2c,490038
noatt - 742.PNG,0B8WcbXogHvegWWMtZm1abndJd1k,489603
noatt - 743.PNG,0B8WcbXogHvegRHl3UjFKU2wxZ1U,536719
noatt - 744.PNG,0B8WcbXogHvegUGNQZkR0LW5XYkU,550837
noatt - 745.PNG,0B8WcbXogHvegV3JsNHptSGZnVVE,581559
noatt - 746.PNG,0B8WcbXogHvegR0UxNUhKb2prNDA,579108
noatt - 747.PNG,0B8WcbXogHvegbjBwTUd6aElvRzQ,585363
noatt - 748.PNG,0B8WcbXogHvegbmNrVS1KaTZXQjg,577906
noatt - 749.PNG,0B8WcbXogHvegMV9SSC05SFk3bHc,584839
noatt - 75.PNG,0B8WcbXogHvegVGRsVnU0YnBkU3M,510815
noatt - 750.PNG,0B8WcbXogHvegNUh5WDFDZHN4eWs,585779
noatt - 751.PNG,0B8WcbXogHvegTzFreHZiSEFhMUE,594472
noatt - 752.PNG,0B8WcbXogHvegTXp3UE5jb2FuTnM,593522
noatt - 753.PNG,0B8WcbXogHvegUTE5V3lZWEM0Ujg,598949
noatt - 754.PNG,0B8WcbXogHvegd1NRMzNTcG5zM0k,607793
noatt - 755.PNG,0B8WcbXogHvegM0tPNmtMMUgwU3M,604256
noatt - 756.PNG,0B8WcbXogHvegZDFNLXVtNDd6OHc,626037
noatt - 757.PNG,0B8WcbXogHvegWlJjNmd2elFVWHM,626381
noatt - 758.PNG,0B8WcbXogHvegbDBwaVVJTk02eTA,634206
noatt - 759.PNG,0B8WcbXogHvegekF4NHZYWE91R0E,617017
noatt - 76.PNG,0B8WcbXogHvegaGxsSTJRTHo0UEE,492587
noatt - 760.PNG,0B8WcbXogHvegUzNpTVBwVEF5M1k,603984
noatt - 761.PNG,0B8WcbXogHvegQzVGYlNXTnN0SlE,603095
noatt - 762.PNG,0B8WcbXogHvegajhJSzgybHJvSEE,578984
noatt - 763.PNG,0B8WcbXogHvegejk3V2RBVFp2ZWM,580531
noatt - 764.PNG,0B8WcbXogHvegU25pNEYtQktHX2c,579195
noatt - 765.PNG,0B8WcbXogHvegMXJyc0ZUVWlYZnM,561174
noatt - 766.PNG,0B8WcbXogHvega2dlZWZMbEh4YTg,561448
noatt - 767.PNG,0B8WcbXogHvegN0NWLThKdzJ0THc,535601
noatt - 768.PNG,0B8WcbXogHvegNklfa1ZCczk5Nmc,551953
noatt - 769.PNG,0B8WcbXogHvegYzN5YmF5eTZlbkU,545462
noatt - 77.PNG,0B8WcbXogHvegUW1keXJYbVd2dDA,460154
noatt - 770.PNG,0B8WcbXogHvegR2l4MVk5V3ZHWkk,536539
noatt - 771.PNG,0B8WcbXogHvegRWpHNldraElQcDQ,530781
noatt - 772.PNG,0B8WcbXogHvegcWpqQ0ttcEFBSkE,536711
noatt - 773.PNG,0B8WcbXogHvegazdFY3pmYkZUVFU,563741
noatt - 774.PNG,0B8WcbXogHvegNW1rWE5RS1RsUFE,563054
noatt - 775.PNG,0B8WcbXogHvegNTJpQ0lXUTVNLW8,556947
noatt - 776.PNG,0B8WcbXogHvegdlhCLTNRV0hWWk0,551403
noatt - 777.PNG,0B8WcbXogHvegWHlRb0trZGI1WXM,542841
noatt - 778.PNG,0B8WcbXogHvegWnFCQzZfLXdPZXc,526514
noatt - 779.PNG,0B8WcbXogHvegcWlTRGRfMVI1LXc,498798
noatt - 78.PNG,0B8WcbXogHvegaUxHNGZjOV9TVnM,363050
noatt - 780.PNG,0B8WcbXogHvegdEZsSTU3QnNveGc,524000
noatt - 781.PNG,0B8WcbXogHvegc2JPaGs0Rmh3eHM,521436
noatt - 782.PNG,0B8WcbXogHvegUXlGN0dMS1JDSVU,478401
noatt - 783.PNG,0B8WcbXogHvegMDZtanVHSUVSYzQ,507551
noatt - 784.PNG,0B8WcbXogHvegaXhBM1NWbjVaa3M,519648
noatt - 785.PNG,0B8WcbXogHvegMG5Na3h1alF1LXc,528412
noatt - 786.PNG,0B8WcbXogHvegZ091MWdndEx2X0k,509922
noatt - 787.PNG,0B8WcbXogHvegMDFVTXpCYlp4MjQ,520026
noatt - 788.PNG,0B8WcbXogHvegdjFXRW91RW5CSHM,517171
noatt - 789.PNG,0B8WcbXogHvegdEZ1TmtxM25pOTg,500650
noatt - 79.PNG,0B8WcbXogHvegMFlzMGtYYUtwLTQ,306103
noatt - 790.PNG,0B8WcbXogHvegY0o4bWVmNzZraW8,526752
noatt - 791.PNG,0B8WcbXogHvegd1J4aDNTOV9BeTg,477597
noatt - 792.PNG,0B8WcbXogHvegU19KV1J1QVRkSVk,515093
noatt - 793.PNG,0B8WcbXogHvegYVY5alQtWmxiYlU,554514
noatt - 794.PNG,0B8WcbXogHvegNldGWVJVc2RPc0k,550567
noatt - 795.PNG,0B8WcbXogHvegcUZEVkVJa2U2aEE,532856
noatt - 796.PNG,0B8WcbXogHvegM0RRTDZfZnVYd3c,492783
noatt - 797.PNG,0B8WcbXogHvegYzM3ZHg3SFdfSnc,508167
noatt - 798.PNG,0B8WcbXogHvegREFIdmc2VU1jb0k,521391
noatt - 799.PNG,0B8WcbXogHvegWElMVWZ4NmVlLW8,538197
noatt - 8.PNG,0B8WcbXogHvegSFR3TXktNFZRb2M,424133
noatt - 80.PNG,0B8WcbXogHvegampHX055U3NBMUE,508386
noatt - 800.PNG,0B8WcbXogHvegVFZRRlNtb0ZSOVE,542614
noatt - 801.PNG,0B8WcbXogHvegMXVCdHZzNE5sY0U,562774
noatt - 802.PNG,0B8WcbXogHvegOEJIQ01WOTRFaUU,570955
noatt - 803.PNG,0B8WcbXogHvegUkRoMFR4c3k3Q0U,549100
noatt - 804.PNG,0B8WcbXogHvegUEhLX3BFTk1YbTQ,534155
noatt - 805.PNG,0B8WcbXogHvegS3ZldWpiaTFYWlU,541349
noatt - 806.PNG,0B8WcbXogHvegZ0M3VnZEZW9RVWM,565256
noatt - 807.PNG,0B8WcbXogHvegRHRKaTJyNmdqV00,584053
noatt - 808.PNG,0B8WcbXogHvegUjhGd0pEb1JaM1k,553225
noatt - 809.PNG,0B8WcbXogHvegeTlKRkhUR0JkZ0k,490712
noatt - 81.PNG,0B8WcbXogHvegT2x4UmhMRFgyenc,576071
noatt - 810.PNG,0B8WcbXogHvegT3Z4T0JhSXptRzg,516153
noatt - 811.PNG,0B8WcbXogHvegVzgycjJKZmdjbkU,550278
noatt - 812.PNG,0B8WcbXogHvegalFxRkVocUxMbWc,562111
noatt - 813.PNG,0B8WcbXogHvegVUJ0TXN3enFtSUE,576616
noatt - 814.PNG,0B8WcbXogHvegOTJ4S1AtWWJLbWs,553611
noatt - 815.PNG,0B8WcbXogHvegYkFUZk8yU3YwaFk,553511
noatt - 816.PNG,0B8WcbXogHvegbVpmQ3JwYm91aWc,551302
noatt - 817.PNG,0B8WcbXogHvegNHM0TUYzWGxqNVE,551845
noatt - 818.PNG,0B8WcbXogHvegbVRTNURweDBoYTA,556336
noatt - 819.PNG,0B8WcbXogHvegQS1ZTnROU1B2Z28,553065
noatt - 82.PNG,0B8WcbXogHvegTWxIUkg4bllrdmM,585636
noatt - 820.PNG,0B8WcbXogHvegTmpJZFdWNXB3dFE,569649
noatt - 821.PNG,0B8WcbXogHvegMW1uM1ZhUGZrN1E,558874
noatt - 822.PNG,0B8WcbXogHvegZ25GUzE4eUNRUkE,536436
noatt - 823.PNG,0B8WcbXogHvegcVVFNWVhMGg4MGM,540971
noatt - 824.PNG,0B8WcbXogHvega0hiREtQVmM3SVU,534923
noatt - 825.PNG,0B8WcbXogHvegallDTlZPektrbGs,524176
noatt - 826.PNG,0B8WcbXogHvegV1dnNzF2c0FnNVk,535481
noatt - 827.PNG,0B8WcbXogHvegbG1XSnZETl9mVUU,530814
noatt - 828.PNG,0B8WcbXogHvegUTRKZFV2d1Jrbmc,523492
noatt - 829.PNG,0B8WcbXogHvegejRLN2pWYjVZQXM,524814
noatt - 83.PNG,0B8WcbXogHvegRjNDclpwUzg0eG8,603064
noatt - 830.PNG,0B8WcbXogHvegTVhYcXAtTGltNkU,513756
noatt - 831.PNG,0B8WcbXogHvegdVNQZHl2em5xX2c,519544
noatt - 832.PNG,0B8WcbXogHvegaE8wekJUdnRZQXc,534455
noatt - 833.PNG,0B8WcbXogHvegajJHRGUycHRKdjA,541421
noatt - 834.PNG,0B8WcbXogHvegR1BkOUVWdFZMQ0U,539883
noatt - 835.PNG,0B8WcbXogHvegZVVLTTBDYVFTdmc,546289
noatt - 836.PNG,0B8WcbXogHvegQ1BtZ19YX0dpSDg,542954
noatt - 837.PNG,0B8WcbXogHvegcXN6dW83eUlQRVk,522118
noatt - 838.PNG,0B8WcbXogHvegU3ZHaTFhMVpoeWM,512746
noatt - 839.PNG,0B8WcbXogHvegSDdXWHRrMEVGWk0,611988
noatt - 84.PNG,0B8WcbXogHvegNXhjY0tHZWRLUkk,383382
noatt - 840.PNG,0B8WcbXogHvegaTRxT09ENGZUVWM,611804
noatt - 841.PNG,0B8WcbXogHvegNE9LVlBPZnVmd1k,617125
noatt - 842.PNG,0B8WcbXogHvegY0VVMU9VX20yQVE,617982
noatt - 843.PNG,0B8WcbXogHvegLXJfd0dZc21hbnc,610812
noatt - 844.PNG,0B8WcbXogHvegZHhkQ1Y4SnRRSTA,596935
noatt - 845.PNG,0B8WcbXogHvegcG5RS2h6N1Vmdnc,600287
noatt - 846.PNG,0B8WcbXogHvegQkZRX2JJWVhnbjg,602435
noatt - 847.PNG,0B8WcbXogHvegMkVkS1NnLVNiMlU,588535
noatt - 848.PNG,0B8WcbXogHvegLUlsSWRpVkdFNlk,580780
noatt - 849.PNG,0B8WcbXogHvegd0pqZXNLQ01XNW8,564316
noatt - 85.PNG,0B8WcbXogHvegM21TM1BpcGg2LU0,448703
noatt - 850.PNG,0B8WcbXogHvegUHZSRDRWZkVYZDA,551589
noatt - 851.PNG,0B8WcbXogHvega3FEbWFRc0tEMFE,552096
noatt - 852.PNG,0B8WcbXogHvegOExtQmE5WUdNaVU,575746
noatt - 853.PNG,0B8WcbXogHvegdmF1R0NUMlpCdUU,591928
noatt - 854.PNG,0B8WcbXogHvegN0VpaDc0c2FjUDA,597503
noatt - 855.PNG,0B8WcbXogHvegNVdHb2tTMUtHN1E,604944
noatt - 856.PNG,0B8WcbXogHvega2wzVDlMdkZVN0k,603782
noatt - 857.PNG,0B8WcbXogHvegYUZlOG1HT0xvMkE,599591
noatt - 858.PNG,0B8WcbXogHvegV1ZZVFdlOEZBblU,594708
noatt - 859.PNG,0B8WcbXogHvegdWIxNnBkX01GWlE,589937
noatt - 86.PNG,0B8WcbXogHvegSXRmenNueEloajA,389435
noatt - 860.PNG,0B8WcbXogHvegSEM5R2lwUWlmMnM,591302
noatt - 861.PNG,0B8WcbXogHvegcjZsdEVqV2lfeEU,574414
noatt - 862.PNG,0B8WcbXogHvegbWxxeFpxSEp4WkU,552315
noatt - 863.PNG,0B8WcbXogHvegSDM5WWZjcDMxQWc,560221
noatt - 864.PNG,0B8WcbXogHvegUjRUcndqLTNtVVU,539624
noatt - 865.PNG,0B8WcbXogHvegMTM2M0xqU0d2aUU,552479
noatt - 866.PNG,0B8WcbXogHvegMjlGVTF0NnlTdWM,541737
noatt - 867.PNG,0B8WcbXogHvegeExJZVQ2b29LSWc,539291
noatt - 868.PNG,0B8WcbXogHvegMkY2LXNtX0I2bG8,565334
noatt - 869.PNG,0B8WcbXogHvegeU9vbENqXzR0eEk,575944
noatt - 87.PNG,0B8WcbXogHvegd3hvTUhvaEV1emc,444845
noatt - 870.PNG,0B8WcbXogHvegbEN1Qm9oMC1NSGc,605552
noatt - 871.PNG,0B8WcbXogHvegVGFBSVQzTHBjd2s,594934
noatt - 872.PNG,0B8WcbXogHvegUWNwczExMWNvVXM,620783
noatt - 873.PNG,0B8WcbXogHvegR01NVFo4cTV2Q2M,626081
noatt - 874.PNG,0B8WcbXogHvegMks1SE9iZW5HMjg,617446
noatt - 875.PNG,0B8WcbXogHvegUjB4cnA5eWhma2c,616747
noatt - 876.PNG,0B8WcbXogHvegZGRBMG50d1FpaEE,609971
noatt - 877.PNG,0B8WcbXogHvegY0QzSE1rSDZzelk,600480
noatt - 878.PNG,0B8WcbXogHvegNUNpa2czNmtlSU0,601827
noatt - 879.PNG,0B8WcbXogHvegcFRIbURxQUI3OWs,590312
noatt - 88.PNG,0B8WcbXogHvegYUNzNTdfc2FFNzQ,483254
noatt - 880.PNG,0B8WcbXogHvegUkNaSTY3cURkdWM,590933
noatt - 881.PNG,0B8WcbXogHvegZF9MdHhOeXFjdEE,589046
noatt - 882.PNG,0B8WcbXogHvegdThpZUZpN3RadUU,580681
noatt - 883.PNG,0B8WcbXogHvegM1JLNEZOTnhHbjA,574767
noatt - 884.PNG,0B8WcbXogHvegU1hvQU9mc1ktU0k,557727
noatt - 885.PNG,0B8WcbXogHvegc0ozemhOQldNam8,569213
noatt - 886.PNG,0B8WcbXogHvegVld5SkppMVZGQ1k,574216
noatt - 887.PNG,0B8WcbXogHvegWWptNHNzaFQzWG8,573450
noatt - 888.PNG,0B8WcbXogHvegZ3huMGFxRVFlY1k,567570
noatt - 889.PNG,0B8WcbXogHvegdDcxWFE4OWctOEk,563690
noatt - 89.PNG,0B8WcbXogHvegMFpLQVV5b2ZlUUE,486021
noatt - 890.PNG,0B8WcbXogHvegVHNyUkVYY2I0R28,561996
noatt - 891.PNG,0B8WcbXogHvegWHdTMmVMVmRpemc,568750
noatt - 892.PNG,0B8WcbXogHvegYm9RNkVSSXZaaVE,565068
noatt - 893.PNG,0B8WcbXogHvegU2EtVDhPUExmbEE,538922
noatt - 894.PNG,0B8WcbXogHvegbC1PYWVjZldqRG8,548663
noatt - 895.PNG,0B8WcbXogHvegME5hWVRCUHRoeUk,559280
noatt - 896.PNG,0B8WcbXogHvegT0JzWUZhR3MwR0k,566845
noatt - 897.PNG,0B8WcbXogHvegQVZRRnF0WnFvSzA,588008
noatt - 898.PNG,0B8WcbXogHvegc1Njal81RlFXbms,582754
noatt - 899.PNG,0B8WcbXogHvegNE84bldrbW1RYVk,577180
noatt - 9.PNG,0B8WcbXogHvegSFdGd2sxUGlmLVk,396376
noatt - 90.PNG,0B8WcbXogHvegSGdCbGVILXFaLW8,482963
noatt - 900.PNG,0B8WcbXogHvegSEp2YmNkc2JjcUE,566101
noatt - 901.PNG,0B8WcbXogHvegay0td2xmSkN4Y1E,555300
noatt - 902.PNG,0B8WcbXogHvegblhXTmw1Z04zVEE,547370
noatt - 903.PNG,0B8WcbXogHvegY2xjU0pSYk9GSzQ,521654
noatt - 904.PNG,0B8WcbXogHvegbW5Qa1ZhN0hHNkk,527583
noatt - 905.PNG,0B8WcbXogHvegLTVoVUM5V1IzYms,530493
noatt - 906.PNG,0B8WcbXogHvegZlRScU9ja3Y5aTA,517258
noatt - 907.PNG,0B8WcbXogHvegNjVxQ3pCVkdCaFU,515018
noatt - 908.PNG,0B8WcbXogHvegbDVMUllGdjNiM00,533399
noatt - 909.PNG,0B8WcbXogHvegc2tIeGFiVWdUa3c,550431
noatt - 91.PNG,0B8WcbXogHvega3BVZWhwYi1LYWM,494797
noatt - 910.PNG,0B8WcbXogHvegUzVURlROb0lEdzQ,546929
noatt - 911.PNG,0B8WcbXogHvegTjkzbGljYkVIVGc,545844
noatt - 912.PNG,0B8WcbXogHvegYnBWdnlXWjJoOVk,538258
noatt - 913.PNG,0B8WcbXogHvegand0b0RhM1dPd28,542025
noatt - 914.PNG,0B8WcbXogHvegdkhUT3RlMTl5WW8,538794
noatt - 915.PNG,0B8WcbXogHvegb2NFbENtd29jT0k,532882
noatt - 916.PNG,0B8WcbXogHvegMk93dDdzS2cxcVU,541951
noatt - 917.PNG,0B8WcbXogHvegMHZXeFc0eTI5Z1U,544159
noatt - 918.PNG,0B8WcbXogHvegZHZpMnA0MWVpRzQ,546415
noatt - 919.PNG,0B8WcbXogHveganphdmt6S3ZFdFk,559893
noatt - 92.PNG,0B8WcbXogHvegVHdqWERZeXNCR1k,517137
noatt - 920.PNG,0B8WcbXogHvegbWJyelZBRXdzUk0,554895
noatt - 921.PNG,0B8WcbXogHvegc3VuMGlMNENkd28,551119
noatt - 922.PNG,0B8WcbXogHvegOERaSjVTWjV1Tjg,549457
noatt - 923.PNG,0B8WcbXogHvegR0J6VGVJdzBINjQ,554852
noatt - 924.PNG,0B8WcbXogHvegTlFkLWJ2elE5bm8,564481
noatt - 925.PNG,0B8WcbXogHvegSnlZZ1d0OWhVdEE,575075
noatt - 926.PNG,0B8WcbXogHvegdEN0bzBKeXBhVUU,558276
noatt - 927.PNG,0B8WcbXogHvegQkhhblgtVkFmOTg,541952
noatt - 928.PNG,0B8WcbXogHvegbVdFOWpmWHdwR1U,537363
noatt - 929.PNG,0B8WcbXogHvegaEdXQ0dWai1CMnc,566089
noatt - 93.PNG,0B8WcbXogHvegWURlRTdYTmw1NXM,440548
noatt - 930.PNG,0B8WcbXogHvegMEUxSDJIcGUyVVk,540656
noatt - 931.PNG,0B8WcbXogHvegWElOWGl3RE5kUXM,533219
noatt - 932.PNG,0B8WcbXogHvegNWxtNFMzYWFsZG8,506527
noatt - 933.PNG,0B8WcbXogHvegR0trWV9CWkExdTg,503386
noatt - 934.PNG,0B8WcbXogHvegN0VOcEUxcm9meDg,508144
noatt - 935.PNG,0B8WcbXogHvegY2doVGpGbk9oZ1U,420479
noatt - 936.PNG,0B8WcbXogHvegSDRtQW82U29mOGM,404628
noatt - 937.PNG,0B8WcbXogHvegWEVPQ0tVZUVGUXM,403892
noatt - 938.PNG,0B8WcbXogHvegQmRtQUNvcHBDSzg,415590
noatt - 939.PNG,0B8WcbXogHvegcFd1d244bmFzNjQ,427629
noatt - 94.PNG,0B8WcbXogHvegSUhBdC1xbEt6N1U,433807
noatt - 940.PNG,0B8WcbXogHvegWmRDamNBeDl4bk0,456766
noatt - 941.PNG,0B8WcbXogHvegZ2lFT29tbEdyTlU,518026
noatt - 942.PNG,0B8WcbXogHvegQnNzVURvYlpna28,510991
noatt - 943.PNG,0B8WcbXogHvegTHN2eEhncEw0akU,529784
noatt - 944.PNG,0B8WcbXogHvegb2lMRG5HS1BGbzg,534223
noatt - 945.PNG,0B8WcbXogHvegSkttbE96S21Pd0k,567221
noatt - 946.PNG,0B8WcbXogHvegU1pyaEpKQlU3ZHc,577155
noatt - 947.PNG,0B8WcbXogHvegOEkxc1gwaWpvazQ,573399
noatt - 948.PNG,0B8WcbXogHvegcUp5aUI5NGZrYkE,573011
noatt - 949.PNG,0B8WcbXogHvegamhDU3BDd0NkREE,570939
noatt - 95.PNG,0B8WcbXogHvega1NHY1p0QnFYLTQ,434138
noatt - 950.PNG,0B8WcbXogHvegcTkzM1pjSFJ0ZXM,572433
noatt - 951.PNG,0B8WcbXogHvegWUtIRVhENWRJd0U,578429
noatt - 952.PNG,0B8WcbXogHvegS2tVZGZGOGNMZ2M,576919
noatt - 953.PNG,0B8WcbXogHvegTGpQZWhmQkIyOTQ,582969
noatt - 954.PNG,0B8WcbXogHvegZDJOUllYRkxzYnc,588315
noatt - 955.PNG,0B8WcbXogHvegcW5ZX3ZhTl8tUjg,596329
noatt - 956.PNG,0B8WcbXogHvegSWZGdXNvZ3pCT3M,601740
noatt - 957.PNG,0B8WcbXogHvegb0lYYzB2UURlVXc,608118
noatt - 958.PNG,0B8WcbXogHvegZTUyWXVlNFQ5SGc,617803
noatt - 959.PNG,0B8WcbXogHvegNTlrNUxrdXVfZUk,623958
noatt - 96.PNG,0B8WcbXogHvegQTgtTmZyZHJBSVU,408780
noatt - 960.PNG,0B8WcbXogHvegMnVfMWJFTzdlT3c,634702
noatt - 961.PNG,0B8WcbXogHveganE5elh3c3RTMjQ,625995
noatt - 962.PNG,0B8WcbXogHvegemQzN1lDRno4SWs,636451
noatt - 963.PNG,0B8WcbXogHvegTFlqaHc2NXBBX2s,634068
noatt - 964.PNG,0B8WcbXogHvegeWNtRmhRdjA4dnM,596958
noatt - 965.PNG,0B8WcbXogHvegMmxuYzZaS1BudGc,581138
noatt - 966.PNG,0B8WcbXogHvegUy1Na1JkQjZZb2c,588527
noatt - 967.PNG,0B8WcbXogHvegRlhHZEZsMUFBLXM,588965
noatt - 968.PNG,0B8WcbXogHvegVU41WnlSeE9wMDQ,585313
noatt - 969.PNG,0B8WcbXogHvegRmtoSzlMVi1pWGM,573867
noatt - 97.PNG,0B8WcbXogHvegRzNFc3hURFVUZVk,372632
noatt - 970.PNG,0B8WcbXogHvegbzFpTXdtRFozMkk,572737
noatt - 971.PNG,0B8WcbXogHvegVVI3bDJkN0VVZHM,581802
noatt - 972.PNG,0B8WcbXogHvegMy1UUGY4NFp3SEk,576133
noatt - 973.PNG,0B8WcbXogHvegV3lsb0IyYl9HOEE,571464
noatt - 974.PNG,0B8WcbXogHvegQ1RWR3BYaE00RkE,576879
noatt - 975.PNG,0B8WcbXogHvegeWFfY0tsazN5UEk,578203
noatt - 976.PNG,0B8WcbXogHvegUjV4NTVGS1FNaFU,577880
noatt - 977.PNG,0B8WcbXogHvegdnRnMUZsOW9tVEE,575314
noatt - 978.PNG,0B8WcbXogHvegZ3p2Q25naEZ3SzQ,585117
noatt - 979.PNG,0B8WcbXogHvegVWVxOVJXOWthTmM,590857
noatt - 98.PNG,0B8WcbXogHvegcFJrbW9tMm5CdGM,508358
noatt - 980.PNG,0B8WcbXogHvegU2I1eFEwSHRiUW8,588032
noatt - 981.PNG,0B8WcbXogHvegWjZsV2hQejZGdXM,593696
noatt - 982.PNG,0B8WcbXogHvegbGxJZ3lCV051aWc,604650
noatt - 983.PNG,0B8WcbXogHvegZUlPd3pLX2xRb1k,615989
noatt - 984.PNG,0B8WcbXogHvegME5ic3VuU2piS2s,617993
noatt - 985.PNG,0B8WcbXogHvegZ2tJZVJUcFhRNGs,618021
noatt - 986.PNG,0B8WcbXogHvegRGVCTXdhMzJ5RXc,610796
noatt - 987.PNG,0B8WcbXogHvegNmlIOUpMOTVtN1U,606080
noatt - 988.PNG,0B8WcbXogHvegeWk2eWRnamYya2M,608583
noatt - 989.PNG,0B8WcbXogHvegYm1NdXJOU1JjNnc,606090
noatt - 99.PNG,0B8WcbXogHvegSmY0ekdVdUJ1TWM,493202
noatt - 990.PNG,0B8WcbXogHvegNFdfWW8weWZZcW8,559071
noatt - 991.PNG,0B8WcbXogHvegcEk5d2hPbzNGd2s,568131
noatt - 992.PNG,0B8WcbXogHvegdkVBeHZBS0pvaFE,573783
noatt - 993.PNG,0B8WcbXogHvegOVVHNWdNRTl0OXM,594709
noatt - 994.PNG,0B8WcbXogHvegT21wMEFGNDk0VzQ,632649
noatt - 995.PNG,0B8WcbXogHvegdnY1bjYzN3QxRTg,663377
noatt - 996.PNG,0B8WcbXogHvegX05mdDg2amhNU0E,669708
noatt - 997.PNG,0B8WcbXogHvegNElGY0FmMk5vV0E,683407
noatt - 998.PNG,0B8WcbXogHvegUFp1ODR1UkZtUkU,700540
noatt - 999.PNG,0B8WcbXogHvegR3dpdTQ2Z1NHOVk,706495
