cap - 3000.PNG,0B8WcbXogHvegbVAwYjlIUzhmWUk,530700
cap - 3001.PNG,0B8WcbXogHvegVkpSeWlidFpCc2c,540499
cap - 3002.PNG,0B8WcbXogHvegcHFiekZvRWw0eTA,542277
cap - 3003.PNG,0B8WcbXogHvegdERaZjhWWWlkQ2s,555492
cap - 3004.PNG,0B8WcbXogHvegSnVnVkZWelFZMVk,556876
cap - 3005.PNG,0B8WcbXogHvegdTZ3NVZUV0syMGM,564994
cap - 3006.PNG,0B8WcbXogHvegem41M2pZZEt2X0E,560670
cap - 3007.PNG,0B8WcbXogHvegZ0tGSm4yR0NudGM,550417
cap - 3008.PNG,0B8WcbXogHvegaU85V3Z1YnNPOFE,545922
cap - 3009.PNG,0B8WcbXogHvegMTJHRkEwWlQ0MXM,549270
cap - 3010.PNG,0B8WcbXogHvegSDZVcmh5T2tfaUk,542096
cap - 3011.PNG,0B8WcbXogHvegdVpYNXVGV0haSUE,523740
cap - 3012.PNG,0B8WcbXogHvegUlNqbTZ5U3ZBbjg,518491
cap - 3013.PNG,0B8WcbXogHvegc2RZejlnRFVqalU,522962
cap - 3014.PNG,0B8WcbXogHvegOVJWU1Nzb0RkOXc,539525
cap - 3015.PNG,0B8WcbXogHvegQXVxRjA0WXZydnM,554842
cap - 3016.PNG,0B8WcbXogHvegM2pWNXpUZ0hKNE0,568225
cap - 3017.PNG,0B8WcbXogHvegTVFkRWpieGFMQ2c,563016
cap - 3018.PNG,0B8WcbXogHvegVENtU05DNTFFekk,553470
cap - 3019.PNG,0B8WcbXogHvegMDd5bHNORFA4SWc,545620
cap - 3020.PNG,0B8WcbXogHvegNHY4Z2t4U05US00,545397
cap - 3021.PNG,0B8WcbXogHvegeFBWV3ZRRjhDdG8,553663
cap - 3022.PNG,0B8WcbXogHvegdkJGT243MjJCNFU,550598
cap - 3023.PNG,0B8WcbXogHvegRzBWalRkQVBNN1k,549918
cap - 3024.PNG,0B8WcbXogHvegWXBYN0pfOVQwdDg,547261
cap - 3025.PNG,0B8WcbXogHvegZzJidXVPTXRwbmM,557031
cap - 3026.PNG,0B8WcbXogHvegc09maTluenhVd2c,566026
cap - 3027.PNG,0B8WcbXogHvegOUdWRTdBTW4wNFk,568665
cap - 3028.PNG,0B8WcbXogHvegUnpJa1BJUElXTmM,561590
cap - 3029.PNG,0B8WcbXogHvegbWdRLTVPZEZEOVE,556834
cap - 3030.PNG,0B8WcbXogHvegQWlhZjc1RmtzOTQ,554389
cap - 3031.PNG,0B8WcbXogHvegWThVTWJJbG92VDQ,541858
cap - 3032.PNG,0B8WcbXogHvegRnFvUGg4NXE0T1U,545888
cap - 3033.PNG,0B8WcbXogHvegSW5zQ1B6ZnRIc1U,543131
cap - 3034.PNG,0B8WcbXogHvegS3ZHbVVsclRsYXc,544919
cap - 3035.PNG,0B8WcbXogHvegSjd1bGdSQW8zZGs,558010
cap - 3036.PNG,0B8WcbXogHvegRUNjOXFUMXZGa3c,570172
cap - 3037.PNG,0B8WcbXogHvegeTZHN3BLQkZyTkk,582582
cap - 3038.PNG,0B8WcbXogHvegT2Y2SHVwVlBVRTQ,574754
cap - 3039.PNG,0B8WcbXogHvegS3hVN3FtVmpZM1k,589063
cap - 3040.PNG,0B8WcbXogHvegQnhwdnJkcXU4UDg,603472
cap - 3041.PNG,0B8WcbXogHvegdHBsV1hGdjloV3c,625485
cap - 3042.PNG,0B8WcbXogHvegQUhnVzEzeURoOEE,608345
cap - 3043.PNG,0B8WcbXogHvegbHNDQ19zbnhFQWM,629823
cap - 3044.PNG,0B8WcbXogHvegSzRaZU5UaGlHbGs,644245
cap - 3045.PNG,0B8WcbXogHvegeXRiUkRDM1d2NXc,645905
cap - 3046.PNG,0B8WcbXogHvegSEpoX0JWRFZPVnc,636927
cap - 3047.PNG,0B8WcbXogHvegNHhqeVNhb2hwZG8,655298
cap - 3048.PNG,0B8WcbXogHvegNjFLTmZ6dVhZUVk,657858
cap - 3049.PNG,0B8WcbXogHvegZ3NYc18ybGFFaFE,636272
cap - 3050.PNG,0B8WcbXogHvegUzVGN2lnUmp2TEk,601096
cap - 3051.PNG,0B8WcbXogHvegRUZnUEhDLXRvems,551025
cap - 3052.PNG,0B8WcbXogHvegMWlXZVRlUWR2eDA,542291
cap - 3053.PNG,0B8WcbXogHvegMDB4RHp0R1FxRW8,536436
cap - 3054.PNG,0B8WcbXogHvegYnF4eWFTMG1xSTQ,533488
cap - 3055.PNG,0B8WcbXogHvegY28yODk5VXU2WG8,537364
cap - 3056.PNG,0B8WcbXogHvegXzM4QXFBN0RfMTA,525961
cap - 3057.PNG,0B8WcbXogHvegTkdrUzlJd3pSaXc,485264
cap - 3058.PNG,0B8WcbXogHvegczFmQTdFeXYxaG8,411823
cap - 3059.PNG,0B8WcbXogHvegcl9wOXo3M2dLSU0,408900
cap - 3060.PNG,0B8WcbXogHvegekEtVFd2TEhWZUU,448555
cap - 3061.PNG,0B8WcbXogHvegNG42c0VzYThiS2M,480142
cap - 3062.PNG,0B8WcbXogHvegU1V0LTFCVmdCYmc,496158
cap - 3063.PNG,0B8WcbXogHvegek5VY20xc1JqZUk,520825
cap - 3064.PNG,0B8WcbXogHvegYnE0dTVqM2cwbGc,528197
cap - 3065.PNG,0B8WcbXogHvegaExONlVGTm5USzQ,518657
cap - 3066.PNG,0B8WcbXogHvegakF5bVhwMGlXMXM,535108
cap - 3067.PNG,0B8WcbXogHvegQXRHSnc0QlY2cnc,530292
cap - 3068.PNG,0B8WcbXogHvegRkdYUFV6MmdOeWc,438117
cap - 3069.PNG,0B8WcbXogHvegbXIxMXFzYTU3SFk,567521
cap - 3070.PNG,0B8WcbXogHvegeTFxUTNCZFN6S1U,544224
cap - 3071.PNG,0B8WcbXogHvegTEZ4ODN3cjQ2bWs,557055
cap - 3072.PNG,0B8WcbXogHvegeFRkN2pkM3RmeWM,529219
cap - 3073.PNG,0B8WcbXogHvegNWpMTG9Wd2xEOFE,561176
cap - 3074.PNG,0B8WcbXogHvegNDJnRkpwNjlmUFk,547602
cap - 3075.PNG,0B8WcbXogHvegQnpnMzd4emRRMG8,515193
cap - 3076.PNG,0B8WcbXogHvegaHV0RWVHbHd2TXc,554810
cap - 3077.PNG,0B8WcbXogHvegdVdrWHRaTmx0RTg,527248
cap - 3078.PNG,0B8WcbXogHvegZXRXRENaNUdfaG8,570313
cap - 3079.PNG,0B8WcbXogHvegV2tlb3R0YmN1cWM,582678
cap - 3080.PNG,0B8WcbXogHvegVTVxN0FzVTd3TmM,585089
cap - 3081.PNG,0B8WcbXogHvegYW9teVMyb2dCbTg,589771
cap - 3082.PNG,0B8WcbXogHvegQVdoVzN3TDR3Wnc,584707
cap - 3083.PNG,0B8WcbXogHvegVlY0YVNfY08zSlU,585824
cap - 3084.PNG,0B8WcbXogHvegWS1zeHZtTk1aZUk,585630
cap - 3085.PNG,0B8WcbXogHvegY2dNZHdmWHpEMm8,572974
cap - 3086.PNG,0B8WcbXogHvegV0dYSzdiT0NLSm8,589007
cap - 3087.PNG,0B8WcbXogHvegZkQ0MnlCd0FGMmc,595136
cap - 3088.PNG,0B8WcbXogHvegeDlyMThmU1RVaHM,574329
cap - 3089.PNG,0B8WcbXogHvegZjFfUVBOd2NnTUk,577199
cap - 3090.PNG,0B8WcbXogHvegU0FtdUFON3BYaGM,577866
cap - 3091.PNG,0B8WcbXogHvegTng1bTNnZ0s0Y0k,559940
cap - 3092.PNG,0B8WcbXogHvegSC1MVFN1OTJ5bzA,547031
cap - 3093.PNG,0B8WcbXogHvegamVkQkxmN0gwRUk,552151
cap - 3094.PNG,0B8WcbXogHvegckhUQ2JJZVlaTjg,539737
cap - 3095.PNG,0B8WcbXogHvegc0lCYTNMNEtuUjg,543755
cap - 3096.PNG,0B8WcbXogHvegd3czMHZjRXB2aWs,536576
cap - 3097.PNG,0B8WcbXogHvegVEFNZURTRWdySTQ,535716
cap - 3098.PNG,0B8WcbXogHvegZkc3YWhSSWxQaXM,534080
cap - 3099.PNG,0B8WcbXogHvegSUcxeWtPenREZkk,519552
cap - 3100.PNG,0B8WcbXogHvegRThWbVdveVhGVmM,524226
cap - 3101.PNG,0B8WcbXogHvegQ2Vvcmx2TDR1SVE,509319
cap - 3102.PNG,0B8WcbXogHvegN0dhRUhVWDJTR00,493994
cap - 3103.PNG,0B8WcbXogHvegMENqdW1mZERQZ2s,497822
cap - 3104.PNG,0B8WcbXogHvegeXJEOU92Z09ocWM,497153
cap - 3105.PNG,0B8WcbXogHvegV2RKWmJVM1lPOXM,538997
cap - 3106.PNG,0B8WcbXogHvegTkdQMHUyY1FJYTA,550960
cap - 3107.PNG,0B8WcbXogHvegLVUyVkc1cndrQXc,557891
cap - 3108.PNG,0B8WcbXogHvegTFlXWjNVN0pWc1E,568179
cap - 3109.PNG,0B8WcbXogHvegc015TFg5M1lieTQ,592134
cap - 3110.PNG,0B8WcbXogHvegcUp5WVJ0RXktbDg,583938
cap - 3111.PNG,0B8WcbXogHvegaG9ld1VmcGR3Ums,591580
cap - 3112.PNG,0B8WcbXogHvegNFp3OVRwcXdHa28,594148
cap - 3113.PNG,0B8WcbXogHvegNnBLa1pPWEFmcE0,595593
cap - 3114.PNG,0B8WcbXogHvegc2E0MFpQd240YW8,589205
cap - 3115.PNG,0B8WcbXogHvegTWVOV1RZbDNBbWs,589665
cap - 3116.PNG,0B8WcbXogHvegdHlDUHNKR0RwTXM,574018
cap - 3117.PNG,0B8WcbXogHvegcXRldGwySkxDMzg,572999
cap - 3118.PNG,0B8WcbXogHvegOUlQQjZraVZydTQ,561917
cap - 3119.PNG,0B8WcbXogHvegZTNOTjU5LUExQzA,538525
cap - 3120.PNG,0B8WcbXogHvegQ0Y3am9SemEzUmM,530519
cap - 3121.PNG,0B8WcbXogHvegb25kU0hSaFhobU0,566393
cap - 3122.PNG,0B8WcbXogHvegcnVhYWdLaWQ3dkk,577583
cap - 3123.PNG,0B8WcbXogHvegUG9XQVJKeWdlanc,582087
cap - 3124.PNG,0B8WcbXogHvegR0htR2JiVWlzb0k,575476
cap - 3125.PNG,0B8WcbXogHvega250RUt5SkNXZWs,592596
cap - 3126.PNG,0B8WcbXogHvegX0R0NlI4U1M1R2c,579224
cap - 3127.PNG,0B8WcbXogHvegdGw5WlVDS2JTWW8,600299
cap - 3128.PNG,0B8WcbXogHvegaUtmTE5wMEI4RXc,625964
cap - 3129.PNG,0B8WcbXogHvegY3NpVUF6YzJVR00,615646
cap - 3130.PNG,0B8WcbXogHvegeWY2MExJaEtlbWs,399088
cap - 3131.PNG,0B8WcbXogHvegeHlaMEVIRWpKUTg,384536
cap - 3132.PNG,0B8WcbXogHvegZVVwOVJEZ01nN1U,388667
cap - 3133.PNG,0B8WcbXogHvegaW9DUGRMVXA3cGM,424916
cap - 3134.PNG,0B8WcbXogHvegY2ZaQV9qMlZ3TzQ,428882
cap - 3135.PNG,0B8WcbXogHvegbllla0l0ekV4RWM,462205
cap - 3136.PNG,0B8WcbXogHvegRk1iMlMyemhwREE,481512
cap - 3137.PNG,0B8WcbXogHvegeEFFVlRUSGdVUU0,489326
cap - 3138.PNG,0B8WcbXogHvegV1FhTXRRUklnTGc,535281
cap - 3139.PNG,0B8WcbXogHvegSG1ZUTN6bUhUMnM,500827
cap - 3140.PNG,0B8WcbXogHvegc0RFQU9jdUMyRjg,400359
cap - 3141.PNG,0B8WcbXogHvegWUJwT2RUVjZycHc,511217
cap - 3142.PNG,0B8WcbXogHvegY2IyNmY0bnRuN1k,581480
cap - 3143.PNG,0B8WcbXogHvegNllfVVhHaTV4ZzA,496497
cap - 3144.PNG,0B8WcbXogHvegR21DT092MU13S3c,519455
cap - 3145.PNG,0B8WcbXogHvegUkNvcGZ4TXlneEE,563051
cap - 3146.PNG,0B8WcbXogHvegMG85LXJtLU43cHc,607340
cap - 3147.PNG,0B8WcbXogHvegblJMdXN0ODJsdFk,612040
cap - 3148.PNG,0B8WcbXogHvegQTE2cE9IUmFkRGs,600757
cap - 3149.PNG,0B8WcbXogHvegWHVlQVdKalZjbE0,569712
cap - 3150.PNG,0B8WcbXogHvegaldua2p0TTFVVVU,550889
cap - 3151.PNG,0B8WcbXogHvegZmw5YlR5OWdRQjg,526045
cap - 3152.PNG,0B8WcbXogHvegRWVBTGRIeXI2aHc,505325
cap - 3153.PNG,0B8WcbXogHvegWks5QTkwRVp3R1E,499130
cap - 3154.PNG,0B8WcbXogHvegaTBiaEMtZTJaNTQ,539889
cap - 3155.PNG,0B8WcbXogHvegNndnVlp6QXNqTGc,505673
cap - 3156.PNG,0B8WcbXogHvegQTJ0N09DaGxlWnM,505280
cap - 3157.PNG,0B8WcbXogHvegdlZ5UzR3TEVPX2M,483442
cap - 3158.PNG,0B8WcbXogHvega2M2LTQyM2VRMkE,502052
cap - 3159.PNG,0B8WcbXogHvegcElZZ0dGN2ktVm8,458981
cap - 3160.PNG,0B8WcbXogHvegMGVZbGlhSGFKZW8,512446
cap - 3161.PNG,0B8WcbXogHvegOUFwNjBFUTNHZTQ,514957
cap - 3162.PNG,0B8WcbXogHvegN1k2VWttb05udVk,527656
cap - 3163.PNG,0B8WcbXogHvegR0cyb3k0LUsxUVU,535668
cap - 3164.PNG,0B8WcbXogHvegLXVmSzlLQ3ZzcG8,635800
cap - 3165.PNG,0B8WcbXogHvegQ0E3QlJnaVV1bFE,603637
cap - 3166.PNG,0B8WcbXogHvegTk5uTV9BSmoxVkU,604551
cap - 3167.PNG,0B8WcbXogHvegbzJuZUlTMEdwdzA,563036
cap - 3168.PNG,0B8WcbXogHvegUVlDVm96RlVZcU0,725094
cap - 3169.PNG,0B8WcbXogHvegazJTOWJpU0F6SXM,645744
cap - 3170.PNG,0B8WcbXogHvegLTlmVlQ0TjhyZ0k,648352
cap - 3171.PNG,0B8WcbXogHvegVF9xLXhjcmc0emM,760379
cap - 3172.PNG,0B8WcbXogHvegRjFfOFlaQ0xLNjg,767170
cap - 3173.PNG,0B8WcbXogHvegVWtPYzAzSHRYNlk,787471
cap - 3174.PNG,0B8WcbXogHvegemI4cWp6MmFXMGc,718034
cap - 3175.PNG,0B8WcbXogHvegSmVLUGV0a01XZTg,677331
cap - 3176.PNG,0B8WcbXogHvegbnFxbTRwMHoyT1k,489982
cap - 3177.PNG,0B8WcbXogHvegdUg1c0hSZXJ5YkE,497134
cap - 3178.PNG,0B8WcbXogHvegUWFzWU9HVzJfc1k,509148
cap - 3179.PNG,0B8WcbXogHvegczBmNnpqUWpPdVU,555060
cap - 3180.PNG,0B8WcbXogHvegdVhtNERoVlV1MG8,552513
cap - 3181.PNG,0B8WcbXogHvegSW1lSTg1bVZRekU,578928
cap - 3182.PNG,0B8WcbXogHvegQjYxakV5WkJuNUk,670726
cap - 3183.PNG,0B8WcbXogHvegWkNhRTRpaFdON2c,681044
cap - 3184.PNG,0B8WcbXogHvegVzBuQzhXSDUtYlk,658578
cap - 3185.PNG,0B8WcbXogHvegRGl1bVl1Y1NYUFE,616258
cap - 3186.PNG,0B8WcbXogHvegT0xJZG9JbjB4WGs,616519
cap - 3187.PNG,0B8WcbXogHvegazg3MXlHZllEd0k,598464
cap - 3188.PNG,0B8WcbXogHvegYXZYQW9WYkF0MzA,644268
cap - 3189.PNG,0B8WcbXogHvegYjNNQnZzbVNObTg,608589
cap - 3190.PNG,0B8WcbXogHvegX1JjMWlxV3JoTFk,600523
cap - 3191.PNG,0B8WcbXogHvegYmxJZTdaZHgwQzA,595671
cap - 3192.PNG,0B8WcbXogHvegVm04b2RMMUtCOWc,583620
cap - 3193.PNG,0B8WcbXogHvegYjllU1QweWg5VUE,569913
cap - 3194.PNG,0B8WcbXogHvegcGVRMEhtMENyNWs,555922
cap - 3195.PNG,0B8WcbXogHvegVlNWcEJXT2hjWm8,552980
cap - 3196.PNG,0B8WcbXogHvegRmNPcGNiQl9sblE,541946
cap - 3197.PNG,0B8WcbXogHvegOVh4MnA3NW1lUUk,572485
cap - 3198.PNG,0B8WcbXogHvegVTd5Um1TLXpNblE,596649
cap - 3199.PNG,0B8WcbXogHvegYmp0Y0MwZWktWlE,593390
cap - 3200.PNG,0B8WcbXogHvegVkM0YVo2VEJjbEk,556125
cap - 3201.PNG,0B8WcbXogHvegRjE0eGxxZHpvam8,617541
cap - 3202.PNG,0B8WcbXogHvegZ2hNR0s1aVh1RGs,624310
cap - 3203.PNG,0B8WcbXogHvegeEFqNGp4VTZfRUU,568257
cap - 3204.PNG,0B8WcbXogHvegeDU0aGllcHNXem8,571805
cap - 3205.PNG,0B8WcbXogHvegcVNsYUY3MWs0bTA,554187
cap - 3206.PNG,0B8WcbXogHvegY1JoY2QzYklSWG8,537653
cap - 3207.PNG,0B8WcbXogHvegVEM5Nnp2YU9UYVk,546205
cap - 3208.PNG,0B8WcbXogHvegaEpwd09fUzFfUzA,528983
cap - 3209.PNG,0B8WcbXogHvegaE81QmgwMHRYbTQ,514871
cap - 3210.PNG,0B8WcbXogHvegN093VjV0QkhHUzQ,480705
cap - 3211.PNG,0B8WcbXogHvegU0J5LTlNUW95RzQ,475667
cap - 3212.PNG,0B8WcbXogHvegZ1hNWUVIVVJYcDg,706274
cap - 3213.PNG,0B8WcbXogHvegWTU5bS1mYVo3Yjg,790541
cap - 3214.PNG,0B8WcbXogHvegd3NWcVdPNnh3djg,796593
cap - 3215.PNG,0B8WcbXogHvegTjN2ZmtjQmx0VGs,808356
cap - 3216.PNG,0B8WcbXogHvegSmJlWDhuS2xJbVU,811875
cap - 3217.PNG,0B8WcbXogHvegbUpiMnpvcGdBWVE,825967
cap - 3218.PNG,0B8WcbXogHvegUmRzel9jTnpyajA,834298
cap - 3219.PNG,0B8WcbXogHvegc1JqUk5ocW5FUDQ,836240
cap - 3220.PNG,0B8WcbXogHvegSk9Jb1Y3bzMzRFU,823611
cap - 3221.PNG,0B8WcbXogHvegbi1pdVFUUFhIZWc,829004
cap - 3222.PNG,0B8WcbXogHvegSGFmV1JMb01JOHM,800820
cap - 3223.PNG,0B8WcbXogHvegMFBPMGN6OEl3OU0,806481
cap - 3224.PNG,0B8WcbXogHvegNFl6TDN2RFF4TWc,809995
cap - 3225.PNG,0B8WcbXogHvegQVVSbmF4eWdURWc,806628
cap - 3226.PNG,0B8WcbXogHvegYkdkUms1VUlqLVk,796850
cap - 3227.PNG,0B8WcbXogHvegdGc4SENuMC1KaWM,800549
cap - 3228.PNG,0B8WcbXogHvegQm1oU3RqR0VIaUE,774571
cap - 3229.PNG,0B8WcbXogHveganpVcDNYMGxGSEU,810937
cap - 3230.PNG,0B8WcbXogHvegeFR0QWpKSkd5VGs,808939
cap - 3231.PNG,0B8WcbXogHvegbk9wV01tVGRKVFU,784122
cap - 3232.PNG,0B8WcbXogHvegT2VMR3I4YUZjeGs,694748
cap - 3233.PNG,0B8WcbXogHvegbWhRYVZHOEUwcjQ,483668
cap - 3234.PNG,0B8WcbXogHvegQ2t0T3JfMWNHS1k,371930
cap - 3235.PNG,0B8WcbXogHvegUGJsRENpQ2VVSms,339555
cap - 3236.PNG,0B8WcbXogHvegRDZfaG56clYwVEE,441243
cap - 3237.PNG,0B8WcbXogHvegX2ZySHppVUp4NlE,737455
cap - 3238.PNG,0B8WcbXogHvegQkFMNVJXblI0Y0k,637055
cap - 3239.PNG,0B8WcbXogHvegNWhxRms2WG1aQXc,631249
cap - 3240.PNG,0B8WcbXogHvegMlRTZXlnVTQtLW8,665366
cap - 3241.PNG,0B8WcbXogHvegMmJLZ2lBQkhhVWM,711430
cap - 3242.PNG,0B8WcbXogHvega0dWNXptaW5VQnc,689117
cap - 3243.PNG,0B8WcbXogHvegaEprbXdBdWUtZTg,707673
cap - 3244.PNG,0B8WcbXogHvegNnN0b1pJX2xSWlE,740478
cap - 3245.PNG,0B8WcbXogHvegZ29UN3pLUFpwdkU,746393
cap - 3246.PNG,0B8WcbXogHvegTVM4N1BESmE3aTg,748453
cap - 3247.PNG,0B8WcbXogHvegdGFXNkNvZlpTRVk,756921
cap - 3248.PNG,0B8WcbXogHvegNFZjUE1LOGtmWDQ,733184
cap - 3249.PNG,0B8WcbXogHvegNWdxTXl3eTJtYmc,755024
cap - 3250.PNG,0B8WcbXogHvegV213RXdpakRDS00,751576
cap - 3251.PNG,0B8WcbXogHvegMmpqM3J0VlhLd2c,751345
cap - 3252.PNG,0B8WcbXogHvegTmp3R0I0QWpEZjQ,741657
cap - 3253.PNG,0B8WcbXogHvegX0ZlZTBaT3RyZTA,755267
cap - 3254.PNG,0B8WcbXogHvegM2szcVBkV2RCbm8,736527
cap - 3255.PNG,0B8WcbXogHvegbXJSSk1QMnZnRGs,696054
cap - 3256.PNG,0B8WcbXogHvegbjFmN013Umo0ems,735742
cap - 3257.PNG,0B8WcbXogHvegWTRUQ3ZNVUgta0k,740795
cap - 3258.PNG,0B8WcbXogHvegc0hlZ2RoU0xJNFk,756032
cap - 3259.PNG,0B8WcbXogHvegMEFPWkJjZlRNZUE,704682
cap - 3260.PNG,0B8WcbXogHvegTWRIMV9hSzAtNms,751299
cap - 3261.PNG,0B8WcbXogHvegNWV3aU5kSk1ST3M,763961
cap - 3262.PNG,0B8WcbXogHvegWE9ZRzJVTUxRQlk,741641
cap - 3263.PNG,0B8WcbXogHvegSS1JOUhOZUlfU2c,743068
cap - 3264.PNG,0B8WcbXogHvegd1R6X2pHU25VVU0,783822
cap - 3265.PNG,0B8WcbXogHvegZWVxRFBNaUp2cEE,780068
cap - 3266.PNG,0B8WcbXogHvegWVBmY2VHeXVSUlk,700057
cap - 3267.PNG,0B8WcbXogHvegLVdQN05sbGxRZ0k,713057
cap - 3268.PNG,0B8WcbXogHvegSlVsbmhOcVVtZVE,717723
cap - 3269.PNG,0B8WcbXogHvegdnBYT2FMWVZGa0U,647390
cap - 3270.PNG,0B8WcbXogHvegTkZ4SEpNaUV2Q3c,644104
cap - 3271.PNG,0B8WcbXogHvegZ1lSMWtqY1p6azQ,717469
cap - 3272.PNG,0B8WcbXogHvegQmRIUHVmSFZUbEk,729072
cap - 3273.PNG,0B8WcbXogHvegdlpueFZxa01QNVE,689898
cap - 3274.PNG,0B8WcbXogHvegUzBHSzlxc1V4akk,701392
cap - 3275.PNG,0B8WcbXogHvegSGtsZkI0aTJjSmM,756197
cap - 3276.PNG,0B8WcbXogHvegRjdoVDVmaUdwZXM,715045
cap - 3277.PNG,0B8WcbXogHvegd1RaMDd5d0VkYzA,734450
cap - 3278.PNG,0B8WcbXogHvegaGg1NEY5RmFvX2M,708958
cap - 3279.PNG,0B8WcbXogHvegQm9NRnJDenk0SFk,716862
cap - 3280.PNG,0B8WcbXogHvegckZGenFseThTeGs,699912
cap - 3281.PNG,0B8WcbXogHvegQkoyT29KWFlFTUE,700050
cap - 3282.PNG,0B8WcbXogHvegZ2JBYkh3SXd4eWc,705638
cap - 3283.PNG,0B8WcbXogHvegSTZGeG5zVGhqUlk,714012
cap - 3284.PNG,0B8WcbXogHvegMVg2RjA0S2dWQUE,661970
cap - 3285.PNG,0B8WcbXogHvegLWxBclIyaXBiT1k,718601
cap - 3286.PNG,0B8WcbXogHvegQ1BRc2dMdUdiU0E,730119
cap - 3287.PNG,0B8WcbXogHvegTFU1SHUxby1tNWc,764244
cap - 3288.PNG,0B8WcbXogHvegZUlVam8yZ1ZvU2c,680031
cap - 3289.PNG,0B8WcbXogHvegODNpMlY3V3Q1dlE,674690
cap - 3290.PNG,0B8WcbXogHvegR0JoUGV3UTBYUTg,730248
cap - 3291.PNG,0B8WcbXogHvegS0dCbi15WW5KdHM,724461
cap - 3292.PNG,0B8WcbXogHvegUDhxQktSdV9pZEk,738455
cap - 3293.PNG,0B8WcbXogHvegcmVqVG5KTDc5WUU,765784
cap - 3294.PNG,0B8WcbXogHvegd2V4TmdtMll3azQ,803587
cap - 3295.PNG,0B8WcbXogHvegNlAzSUdmXy1kOGM,795698
cap - 3296.PNG,0B8WcbXogHvegNDVDeldBMGJ4MUU,819433
cap - 3297.PNG,0B8WcbXogHvegR1BYbjBqZ1Fid2c,738934
cap - 3298.PNG,0B8WcbXogHvegYnU5bUZTbFJMRzA,798018
cap - 3299.PNG,0B8WcbXogHvegdU91d21SbldZNVE,812464
cap - 3300.PNG,0B8WcbXogHvegQ0g1cV9TT3N1RTQ,791166
cap - 3301.PNG,0B8WcbXogHvegTHRiR2NPNEVpODQ,746604
cap - 3302.PNG,0B8WcbXogHvegYW4tUVVZa3FTc00,787150
cap - 3303.PNG,0B8WcbXogHvegYWdsYkYzeEF4TGc,800859
cap - 3304.PNG,0B8WcbXogHvegajdIeHNoUzR6OUE,798111
cap - 3305.PNG,0B8WcbXogHvegWUExYTQzX1hVajg,806205
cap - 3306.PNG,0B8WcbXogHvegbFpSRDVfUm1MVXc,744741
cap - 3307.PNG,0B8WcbXogHvegaUFIMjdXWV9iTDg,834651
cap - 3308.PNG,0B8WcbXogHvegQ3FMYmhFNkRiR1k,802313
cap - 3309.PNG,0B8WcbXogHvegQXRCOVVMaUxabnM,834842
cap - 3310.PNG,0B8WcbXogHvegWnBleGVfUkpaMVU,844115
cap - 3311.PNG,0B8WcbXogHvegRnNkOWJaUmZxTzQ,797714
cap - 3312.PNG,0B8WcbXogHvegT0F0UFRpWmNTeGc,684845
cap - 3313.PNG,0B8WcbXogHvegUmtmeURTd0dHbUE,685091
cap - 3314.PNG,0B8WcbXogHvegdTJTYnBNZ0V0LUE,664215
cap - 3315.PNG,0B8WcbXogHvegYkJfOHMwMWFyZ2s,644258
cap - 3316.PNG,0B8WcbXogHvegcDExWV9keGNwQTg,682018
cap - 3317.PNG,0B8WcbXogHvegNVlBckpKTDl0NUU,686021
cap - 3318.PNG,0B8WcbXogHvegcGVGNWQ1TXhVUTQ,661375
cap - 3319.PNG,0B8WcbXogHvegVkVsbl9MR2ZCcTg,643250
cap - 3320.PNG,0B8WcbXogHvegX0EwbDRVejdXMEE,561195
cap - 3321.PNG,0B8WcbXogHvegZzQ1aG9GSHdMZ0k,629139
cap - 3322.PNG,0B8WcbXogHvegT29aT08wWVpURGM,621546
cap - 3323.PNG,0B8WcbXogHvegX3NVbUZnMnlWUzA,653924
cap - 3324.PNG,0B8WcbXogHvegMF9hTzBxRVJDMGc,664409
cap - 3325.PNG,0B8WcbXogHvegX0JoX1llUURQT1E,564286
cap - 3326.PNG,0B8WcbXogHvegU0NUdUdaeWpJc1k,580291
cap - 3327.PNG,0B8WcbXogHvegTldxTThPdWltZmc,533588
cap - 3328.PNG,0B8WcbXogHvegWGRUNDBsLVBmelk,499019
cap - 3329.PNG,0B8WcbXogHvegV2ZmbTlKY3NLeDQ,471129
cap - 3330.PNG,0B8WcbXogHvegcllYQkdzMXpqVGM,417515
cap - 3331.PNG,0B8WcbXogHvegdnJsQ2NwZWQ3MkE,445639
cap - 3332.PNG,0B8WcbXogHvegczRCUmVHbUZfS1U,456023
cap - 3333.PNG,0B8WcbXogHvegd3F6S3Q1VU5Ockk,475182
cap - 3334.PNG,0B8WcbXogHvegUjJfUnNDQnJHeTg,463609
cap - 3335.PNG,0B8WcbXogHvegQVJZUTVmUjIxQjQ,448755
cap - 3336.PNG,0B8WcbXogHvegajNaRm5aOU1NaFU,455393
cap - 3337.PNG,0B8WcbXogHvega05yUDNzQi1xd2M,460690
cap - 3338.PNG,0B8WcbXogHvegbTA5b0ZGUGpXOGs,461598
cap - 3339.PNG,0B8WcbXogHvegeGc5TThxbkxZVnM,472206
cap - 3340.PNG,0B8WcbXogHvegaUQxVWxDcVdJUVU,552083
cap - 3341.PNG,0B8WcbXogHvegNVNXQjlVOU8yUXM,571272
cap - 3342.PNG,0B8WcbXogHvegOGdhaFV2MXB0R1U,605240
cap - 3343.PNG,0B8WcbXogHvegSm4tVlh0aE1oQlk,682323
cap - 3344.PNG,0B8WcbXogHvegbmNxc1JaU19ZYlE,582363
cap - 3345.PNG,0B8WcbXogHvegZ1lUNVFRRWNlTjQ,532136
cap - 3346.PNG,0B8WcbXogHvegcjkzdVJ1bWxwT0U,576996
cap - 3347.PNG,0B8WcbXogHvegd0FzOVVrR3hOT3c,636412
cap - 3348.PNG,0B8WcbXogHvegR3U4S1ZpeURHNnM,629252
cap - 3349.PNG,0B8WcbXogHvegOXlILXhwSUdvNkU,606822
cap - 3350.PNG,0B8WcbXogHvegZlkyeEJyZXhFNjA,710904
cap - 3351.PNG,0B8WcbXogHvegT1NKWGdtdzZZc3M,741185
cap - 3352.PNG,0B8WcbXogHvegb2swRW5UX2NnODg,669903
cap - 3353.PNG,0B8WcbXogHvegN1QyZ1lGUkRoNm8,703218
cap - 3354.PNG,0B8WcbXogHvegVThGdHo1bWNqdFU,625757
cap - 3355.PNG,0B8WcbXogHvegX29Ud3RRVkxkTUU,659754
cap - 3356.PNG,0B8WcbXogHvegaXVISG5qeHJ2dTQ,662513
cap - 3357.PNG,0B8WcbXogHvegNlRuWlBKcWdmSjA,771816
cap - 3358.PNG,0B8WcbXogHvegaXFzLWpTTTBSUk0,761740
cap - 3359.PNG,0B8WcbXogHvegQjBNbzk3VXZaSmM,770109
cap - 3360.PNG,0B8WcbXogHvegc2dmWmhURnVYMmM,776769
cap - 3361.PNG,0B8WcbXogHvegNWVJQlowcWNpeXc,787486
cap - 3362.PNG,0B8WcbXogHvegZEl6QnpmdXVZU0k,627785
cap - 3363.PNG,0B8WcbXogHvegX1NIWDdaOGtZaXM,561355
cap - 3364.PNG,0B8WcbXogHvegcUk1eldRTXJ1UEk,612331
cap - 3365.PNG,0B8WcbXogHvegWkFuSDRkUWpaakE,581097
cap - 3366.PNG,0B8WcbXogHvegVnBPWTROempTVnc,610110
cap - 3367.PNG,0B8WcbXogHvegM0J2Y0VoX1o2aXc,669185
cap - 3368.PNG,0B8WcbXogHvegTFNXRU41enAyRzQ,595968
cap - 3369.PNG,0B8WcbXogHvegX0YtbXVsSEtXMVU,577334
cap - 3370.PNG,0B8WcbXogHvegWWVEVjJmMjZpQjg,605925
cap - 3371.PNG,0B8WcbXogHvegYlhnVV81UUlxZnM,581434
cap - 3372.PNG,0B8WcbXogHvegb3I4R1UtYl82dmM,646140
cap - 3373.PNG,0B8WcbXogHvegZUZyNWExcHhsNk0,704120
cap - 3374.PNG,0B8WcbXogHvegeWc2RXJqOWQ1VGs,679949
cap - 3375.PNG,0B8WcbXogHvegZi13V0tZNHZSdTA,693044
cap - 3376.PNG,0B8WcbXogHvegVGNlUkx4ckp6cGs,694627
cap - 3377.PNG,0B8WcbXogHvegUGI4aE85c3g5dm8,711015
cap - 3378.PNG,0B8WcbXogHvegd0dFREl5NFExRmc,719386
cap - 3379.PNG,0B8WcbXogHvegQk5Vc2pndGx2ZEU,707359
cap - 3380.PNG,0B8WcbXogHvegRXRQbldpbVN1QTA,666631
cap - 3381.PNG,0B8WcbXogHvegZWEyM2VTTmVjWG8,459862
cap - 3382.PNG,0B8WcbXogHvegSzJZcFZkUF9PM0E,477234
cap - 3383.PNG,0B8WcbXogHvegdWhKalh0THpob00,465303
cap - 3384.PNG,0B8WcbXogHvegUEV6d2FEQklacWs,466961
cap - 3385.PNG,0B8WcbXogHvegYm1uR20xdkZOOFU,454023
cap - 3386.PNG,0B8WcbXogHvegV0w2dXBtbm16S3c,444866
cap - 3387.PNG,0B8WcbXogHvegakh0NUh0VEVodk0,440694
cap - 3388.PNG,0B8WcbXogHvegQlBwNENNb3k5QVE,528367
cap - 3389.PNG,0B8WcbXogHvegbzY0Sl9pX0MxN3c,525606
cap - 3390.PNG,0B8WcbXogHvegeXlUT29yYUZDeGc,556512
cap - 3391.PNG,0B8WcbXogHvegMUNld3Vsb2ltQUU,549384
cap - 3392.PNG,0B8WcbXogHvegSktqY0dKc1lBRUE,439103
cap - 3393.PNG,0B8WcbXogHvegeGhManJiUWhzN3c,508787
cap - 3394.PNG,0B8WcbXogHvegajBLSXpIQ1VLVDg,508185
cap - 3395.PNG,0B8WcbXogHvegNjM2TTFlVWs5ZEk,513955
cap - 3396.PNG,0B8WcbXogHvegMVEtZ0ZIR0JTOVE,509064
cap - 3397.PNG,0B8WcbXogHvegVFhXLUZZczZUWjA,559195
cap - 3398.PNG,0B8WcbXogHvegbnRNQ2g0c05ra2s,550383
cap - 3399.PNG,0B8WcbXogHvegMktud2thSm1UMzA,571512
cap - 3400.PNG,0B8WcbXogHvegTFdxWVlIQWlCajQ,614496
cap - 3401.PNG,0B8WcbXogHvega3p6MGQ1bDVFZnc,614759
cap - 3402.PNG,0B8WcbXogHvegYWhncXdnWEtLREk,662743
cap - 3403.PNG,0B8WcbXogHvegSVlCaGNoYjRDYWs,632100
cap - 3404.PNG,0B8WcbXogHvegM3FGRFNRNUlHWWM,619272
cap - 3405.PNG,0B8WcbXogHvegNFZWbTBIOXYweG8,560154
cap - 3406.PNG,0B8WcbXogHvegLVhmak1kTnRJdk0,613974
cap - 3407.PNG,0B8WcbXogHvegU2pxbGhNRElrMXc,606848
cap - 3408.PNG,0B8WcbXogHvegVE96MlZoTU1jb0k,588002
cap - 3409.PNG,0B8WcbXogHvegMGcyRkwxQ0dVWU0,639115
cap - 3410.PNG,0B8WcbXogHvegUi1JQ3JURS1MUnM,641185
cap - 3411.PNG,0B8WcbXogHvegQXYxbERld1k2Qnc,635412
cap - 3412.PNG,0B8WcbXogHvegN2hEVkgtb3F6dWc,565516
cap - 3413.PNG,0B8WcbXogHvegSmduR3FoS2dYUk0,592732
cap - 3414.PNG,0B8WcbXogHvegeE1NTlpQNE9zbTA,552014
cap - 3415.PNG,0B8WcbXogHvegd3AtVFN4LVFuQ28,591150
cap - 3416.PNG,0B8WcbXogHvegb3NyRzM3QmNHX1E,570143
cap - 3417.PNG,0B8WcbXogHvegTklZUnpEMGs3a0E,543350
cap - 3418.PNG,0B8WcbXogHvegbW5qc3ZNX2pNOUU,548930
cap - 3419.PNG,0B8WcbXogHvegWHhPakdHb3RKYnM,551550
cap - 3420.PNG,0B8WcbXogHvegUkxrbXZQTThhSzA,536889
cap - 3421.PNG,0B8WcbXogHvegWDlJUDFNdXNtODg,552248
cap - 3422.PNG,0B8WcbXogHvegdkhPaXU4MHZQYWc,575293
cap - 3423.PNG,0B8WcbXogHvegTTRpZG81VjJVQTA,624050
cap - 3424.PNG,0B8WcbXogHvegLUNQaThMdG1KakE,520779
cap - 3425.PNG,0B8WcbXogHvegNl9mUmxWZ0ZGRFE,525145
cap - 3426.PNG,0B8WcbXogHvegYzFJYk45UlRBN1U,520920
cap - 3427.PNG,0B8WcbXogHvegWl82bWE1T0NCeUU,510921
cap - 3428.PNG,0B8WcbXogHvegNmdaREpkRDRZR3M,523756
cap - 3429.PNG,0B8WcbXogHvegV0tnZG5aNzNXNzA,516371
cap - 3430.PNG,0B8WcbXogHvegdTAyN08ybXctTkU,498789
cap - 3431.PNG,0B8WcbXogHvegWGo5TW9maVY0aFU,454157
cap - 3432.PNG,0B8WcbXogHvegdFVrQ2d5THkxZnc,508429
cap - 3433.PNG,0B8WcbXogHvegdEE1b3RkbFRURzA,582110
cap - 3434.PNG,0B8WcbXogHvegbmtRYmJtQzlEMU0,444438
cap - 3435.PNG,0B8WcbXogHvegV3hTa0hPVDE1cms,442065
cap - 3436.PNG,0B8WcbXogHvegTFJwd3l6M1p2NTA,478133
cap - 3437.PNG,0B8WcbXogHvegdmY1U2o1RnByQ0E,532314
cap - 3438.PNG,0B8WcbXogHvegRjhxbjVIbDJ4anM,482905
cap - 3439.PNG,0B8WcbXogHvegTkhCUl9tb1ZGTUU,429539
cap - 3440.PNG,0B8WcbXogHvegYTNHQVprSWdXVlE,410950
cap - 3441.PNG,0B8WcbXogHvegakdUVFNXM1VObGM,561936
cap - 3442.PNG,0B8WcbXogHvegMEdqS3d4UENCMTA,582969
cap - 3443.PNG,0B8WcbXogHvegeHhIaWZHUXl2UEU,478725
cap - 3444.PNG,0B8WcbXogHvegX0k3LUVZeE9TVkE,480284
cap - 3445.PNG,0B8WcbXogHvegek5zNWF5RU9fNk0,533998
cap - 3446.PNG,0B8WcbXogHvegbm8wa1U4aFN5X00,526641
cap - 3447.PNG,0B8WcbXogHvegeFlOdFJTZ3QyQTQ,470887
cap - 3448.PNG,0B8WcbXogHvegbnkyMjBEdHhMemM,550183
cap - 3449.PNG,0B8WcbXogHvegQVBvT3VlXzFZWWM,494207
cap - 3450.PNG,0B8WcbXogHvegUzhGSVhCRHdmUWc,500379
cap - 3451.PNG,0B8WcbXogHvegUVkwdTVQek9lZFk,462476
cap - 3452.PNG,0B8WcbXogHvegNDJvREp5U3hINVE,452525
cap - 3453.PNG,0B8WcbXogHvegMmVHaDJTbk9PMGM,449487
cap - 3454.PNG,0B8WcbXogHvegNlRDUG51VzVvNkE,516899
cap - 3455.PNG,0B8WcbXogHvegN0VpZTYxZ1lUc1k,464567
cap - 3456.PNG,0B8WcbXogHvegb0tOR3lwY0NrVEk,457427
cap - 3457.PNG,0B8WcbXogHvegRGU5VF9xQnVhWTg,518955
cap - 3458.PNG,0B8WcbXogHvegR3ZLMW40NFJ0R28,540677
cap - 3459.PNG,0B8WcbXogHvegTEpHcFVYRDQ5WGM,544667
cap - 3460.PNG,0B8WcbXogHvegTU9WNWhmUXRGYWs,478141
cap - 3461.PNG,0B8WcbXogHvegeVZVWURTRWZrQjA,459958
cap - 3462.PNG,0B8WcbXogHvegOWZlN0VsTUpVRGM,445847
cap - 3463.PNG,0B8WcbXogHvegQ0V6UjlQMTl4clE,417484
cap - 3464.PNG,0B8WcbXogHvegaUR2OTlPbmR2dW8,399616
cap - 3465.PNG,0B8WcbXogHvegdjkxQlI2SjY3M0U,409180
cap - 3466.PNG,0B8WcbXogHvegSlNtYjF4d0lCQ1k,428555
cap - 3467.PNG,0B8WcbXogHvegVkpVTmxNc0ZhV0k,402580
cap - 3468.PNG,0B8WcbXogHvegX1M2NElsTVkycG8,387359
cap - 3469.PNG,0B8WcbXogHvegMm1BQjYzM21BZGs,417182
cap - 3470.PNG,0B8WcbXogHvegM2ItMW5rVzg3ZUU,437780
cap - 3471.PNG,0B8WcbXogHvegSnY0WHZDdjBRWTg,455607
cap - 3472.PNG,0B8WcbXogHvegZDhnVjhyXzlYTE0,471408
cap - 3473.PNG,0B8WcbXogHvegaFZPLUdtQzJOc2s,459314
cap - 3474.PNG,0B8WcbXogHvegaWdYc2otZnhtcDQ,454638
cap - 3475.PNG,0B8WcbXogHvegbXg3Rm1RRW9WZjA,533871
cap - 3476.PNG,0B8WcbXogHvegZzZwa1VtaGFZQVk,546438
cap - 3477.PNG,0B8WcbXogHvegR2k0UWZwM2F2QmM,467438
cap - 3478.PNG,0B8WcbXogHvegU1d5ODFKSFJmTjg,620565
cap - 3479.PNG,0B8WcbXogHvegbHdteWRjTEVkU2M,599891
cap - 3480.PNG,0B8WcbXogHvegZmNaSDUtRlJlUlk,571786
cap - 3481.PNG,0B8WcbXogHvegeEpCblhqUDI2ZHc,586534
cap - 3482.PNG,0B8WcbXogHvegRy1CaE5zZ21KSWc,588877
cap - 3483.PNG,0B8WcbXogHvegZVoyanBHVE8wbk0,607005
cap - 3484.PNG,0B8WcbXogHvegcENmbl8zYzBJVHc,627864
cap - 3485.PNG,0B8WcbXogHvegZkd1Y0RKT25xbEk,597948
cap - 3486.PNG,0B8WcbXogHvegMnk4VTZHeDVtWTg,587040
cap - 3487.PNG,0B8WcbXogHvegTlcxenFrV2MyZ1k,484129
cap - 3488.PNG,0B8WcbXogHvegY3lrYmh4QWFrdEU,420693
cap - 3489.PNG,0B8WcbXogHvegbFpCRnFQSUNIWVk,425287
cap - 3490.PNG,0B8WcbXogHvegeHpMZXdqREx5TDQ,386548
cap - 3491.PNG,0B8WcbXogHvegbDVmVkVuYUVNd2s,349205
cap - 3492.PNG,0B8WcbXogHvegYjhSeExFazBvQ0k,436065
cap - 3493.PNG,0B8WcbXogHvegbS1BZWFGN0xNRTQ,445975
cap - 3494.PNG,0B8WcbXogHvegSnBDRUlOSlpHaDg,441060
cap - 3495.PNG,0B8WcbXogHvegUTVIN3N1Y21zZlE,429285
cap - 3496.PNG,0B8WcbXogHvega2Z4aWNNSHdrM2M,387509
cap - 3497.PNG,0B8WcbXogHvegOUVpalFJMUhmdFk,376332
cap - 3498.PNG,0B8WcbXogHvegUTRfOTdDREJmNHc,371541
cap - 3499.PNG,0B8WcbXogHvegNDQ0SU9weHd2bnc,372488
cap - 3500.PNG,0B8WcbXogHvegVTFmRm4tRXA5Y1E,372831
cap - 3501.PNG,0B8WcbXogHvegYWdSWTNUb0ZoOXM,354936
cap - 3502.PNG,0B8WcbXogHvegTl96eWU1NUNIbVk,418070
cap - 3503.PNG,0B8WcbXogHvegaEFrRHNDejR0RXc,439656
cap - 3504.PNG,0B8WcbXogHvegTjNTemZwSVBuUTA,445636
cap - 3505.PNG,0B8WcbXogHvegZUhMM1EyWF9rdkU,449436
cap - 3506.PNG,0B8WcbXogHvegMFhMeW82NElyQk0,433292
cap - 3507.PNG,0B8WcbXogHvegc1BLTTV3MVU0bTg,439259
cap - 3508.PNG,0B8WcbXogHvegRjFueEZiNmw0QzQ,450523
cap - 3509.PNG,0B8WcbXogHvegRUlRRWdoV2pubHc,463224
cap - 3510.PNG,0B8WcbXogHvegUXdxcElCajdkRU0,470926
cap - 3511.PNG,0B8WcbXogHvegWm9oVU9INlhMUlE,501769
cap - 3512.PNG,0B8WcbXogHvegREdHZTF5bmo4M3M,514186
cap - 3513.PNG,0B8WcbXogHvegUzJpQU1NT3dsdk0,481408
cap - 3514.PNG,0B8WcbXogHvegbjNLUnFZc3I3VXM,498236
cap - 3515.PNG,0B8WcbXogHvegWnFpMS1SdkFSN00,482402
cap - 3516.PNG,0B8WcbXogHvegbWVLSkxKY3lpbG8,461104
cap - 3517.PNG,0B8WcbXogHvegakNjVnllZWtQeDA,484733
cap - 3518.PNG,0B8WcbXogHvegSjRnOGdLdml0eGc,469959
cap - 3519.PNG,0B8WcbXogHvegVTZMUXppM09kRGs,478227
cap - 3520.PNG,0B8WcbXogHvegWU1Xd3U4TDV6UFE,466995
cap - 3521.PNG,0B8WcbXogHvegR2EwMHJwWTRXazA,455404
cap - 3522.PNG,0B8WcbXogHvegc0RGQWtZODBBNHc,479348
cap - 3523.PNG,0B8WcbXogHvegd0xUOWdxazZibEU,486980
cap - 3524.PNG,0B8WcbXogHvegeV9IQVZRTmxpUkU,496930
cap - 3525.PNG,0B8WcbXogHvegSldXNmJpMkFiUUU,456631
cap - 3526.PNG,0B8WcbXogHvegM0dvTE1XQ185cmc,443256
cap - 3527.PNG,0B8WcbXogHvegMXhCNEZ3akNmM0U,360129
cap - 3528.PNG,0B8WcbXogHvegOUo5cVVGRU00aE0,381135
cap - 3529.PNG,0B8WcbXogHvegaTl0alozT3JXQVk,395841
cap - 3530.PNG,0B8WcbXogHvegaXh5emlhZG5kYWM,410919
cap - 3531.PNG,0B8WcbXogHvegUXRzQkhJN3pEYUU,383655
cap - 3532.PNG,0B8WcbXogHveganNYYXpCSEpDNlU,534647
cap - 3533.PNG,0B8WcbXogHvegM2FLbVR0WFY5R0U,433113
cap - 3534.PNG,0B8WcbXogHvegOWJTWUppSjRRM0E,452044
cap - 3535.PNG,0B8WcbXogHvegUzNLdVplUnRoZVk,438946
cap - 3536.PNG,0B8WcbXogHvegSTdmek1yQUNXWFU,392004
cap - 3537.PNG,0B8WcbXogHvegMTNuX0p6bU11LTA,390160
cap - 3538.PNG,0B8WcbXogHvegcVd1dUpLb09obm8,361705
cap - 3539.PNG,0B8WcbXogHvegNmpfcDMwcjJPaU0,321734
cap - 3540.PNG,0B8WcbXogHvegX0drVHlhWnY0MGc,305748
cap - 3541.PNG,0B8WcbXogHvegWUV2TWtlaU44UzQ,292686
cap - 3542.PNG,0B8WcbXogHvegM1B3ek1WbWdKQWs,378008
cap - 3543.PNG,0B8WcbXogHvegMVdDNE1pZGZWUzQ,401859
cap - 3544.PNG,0B8WcbXogHvegdGJMX0IzUmN0cW8,414762
cap - 3545.PNG,0B8WcbXogHvegdVV6MmZQc2pSNU0,463229
cap - 3546.PNG,0B8WcbXogHvegOU55RDNUMEJCeFE,465620
cap - 3547.PNG,0B8WcbXogHvegUE80cmo1Q3lzYTA,349886
cap - 3548.PNG,0B8WcbXogHvegOEVtV0V4T2RINlk,310625
cap - 3549.PNG,0B8WcbXogHvegZHB1ZEduQ2k5N00,402547
cap - 3550.PNG,0B8WcbXogHvegU25GSXNyWUstbE0,416680
cap - 3551.PNG,0B8WcbXogHvegWXBtSjI0T0Rsb1U,470327
cap - 3552.PNG,0B8WcbXogHvegVjJGUmtaTXVZeHc,466529
cap - 3553.PNG,0B8WcbXogHvegaDVNZWZzNGN2aVU,427295
cap - 3554.PNG,0B8WcbXogHvegeFBCb2ZGREVxdlU,451386
cap - 3555.PNG,0B8WcbXogHvegQXVMTUJ0NmhtQUk,471323
cap - 3556.PNG,0B8WcbXogHvegX05rdHd6X0g5ek0,566161
cap - 3557.PNG,0B8WcbXogHvegX3djYmlXdHdudW8,546147
cap - 3558.PNG,0B8WcbXogHvegcy1pNUFmNWRJRzA,535966
cap - 3559.PNG,0B8WcbXogHvegTzFDZUEwaENzVzg,555416
cap - 3560.PNG,0B8WcbXogHvegODVDeGUya2tEdkU,548199
cap - 3561.PNG,0B8WcbXogHvegQ3J0VXdRR0RQN2c,530873
cap - 3562.PNG,0B8WcbXogHvegV0N2ZzdlTlpIdVk,523303
cap - 3563.PNG,0B8WcbXogHvegb3lwV0Z3bFRSQWc,393273
cap - 3564.PNG,0B8WcbXogHvegeVV0aFNkMkZ4R2M,373022
cap - 3565.PNG,0B8WcbXogHvegU2l5UF9VQ2tSeWc,453349
cap - 3566.PNG,0B8WcbXogHvegNTdEbE1CQk5aR0U,501852
cap - 3567.PNG,0B8WcbXogHvega0dFNHFJc2NwdE0,533471
cap - 3568.PNG,0B8WcbXogHvegdG1vN3JoT1B5bWM,586501
cap - 3569.PNG,0B8WcbXogHvegUjhGZTZ6b0VUWUU,465771
cap - 3570.PNG,0B8WcbXogHvegMEJTVXE5UlBBRGs,487344
cap - 3571.PNG,0B8WcbXogHvegdHRQLTJPMXJjYlk,430362
cap - 3572.PNG,0B8WcbXogHvegM25ZM1dJZTJWQVE,465932
cap - 3573.PNG,0B8WcbXogHvegNEd3ZDNvdDRnREU,505815
cap - 3574.PNG,0B8WcbXogHvegM25iOWpTbTlTOTA,563941
cap - 3575.PNG,0B8WcbXogHvegY2pqYzRJREV2ZU0,572516
cap - 3576.PNG,0B8WcbXogHvegWDByNnN4NkJ2b0E,445833
cap - 3577.PNG,0B8WcbXogHvegR1VMSmIyZHgycGs,403254
cap - 3578.PNG,0B8WcbXogHvegZ21lcDByWGp6N28,319375
cap - 3579.PNG,0B8WcbXogHvegZzRsaWNsRzdLX2c,326199
cap - 3580.PNG,0B8WcbXogHvegLVIyS3ZVbjRFWkE,334372
cap - 3581.PNG,0B8WcbXogHvegVDQwTlpudTRVTFk,321922
cap - 3582.PNG,0B8WcbXogHvegemROeEJuS0JkQUU,318757
cap - 3583.PNG,0B8WcbXogHvegaDQxYnlfU2RZTkE,345055
cap - 3584.PNG,0B8WcbXogHvegMGtzRE9DVnB1Skk,572056
cap - 3585.PNG,0B8WcbXogHvegZXNEMVJMS1NsV3M,620228
cap - 3586.PNG,0B8WcbXogHvegM3BCMDR2UFpKSG8,638900
cap - 3587.PNG,0B8WcbXogHvegWHBNSld0cnZxV0U,675456
cap - 3588.PNG,0B8WcbXogHvegWVhtdnlrNTltWjQ,574354
cap - 3589.PNG,0B8WcbXogHvegeG82QTVvRDAzV28,574596
cap - 3590.PNG,0B8WcbXogHvegMDdISmNRTHRlS00,596776
cap - 3591.PNG,0B8WcbXogHvegd2N6SVVzaUdNeGM,600449
cap - 3592.PNG,0B8WcbXogHvegQVJVeW5OcVduTUU,598357
cap - 3593.PNG,0B8WcbXogHvegVk5oTGhVUlQ1TFU,570594
cap - 3594.PNG,0B8WcbXogHvegelN6eTVGbDB4YXM,511951
cap - 3595.PNG,0B8WcbXogHvegSjMtSjdNYU5LalU,555741
cap - 3596.PNG,0B8WcbXogHvegYTU1clNrVk5MaEU,565265
cap - 3597.PNG,0B8WcbXogHvegZTh3bDJFUFRZODA,565556
cap - 3598.PNG,0B8WcbXogHvegR1kzUkxsQmJrdVk,589969
cap - 3599.PNG,0B8WcbXogHvegSHhEMWFZR0d6cXc,596767
cap - 3600.PNG,0B8WcbXogHvegZ0ZGUXlWbjB4STA,393653
cap - 3601.PNG,0B8WcbXogHvegMGoweW5DaV8tbmM,429912
cap - 3602.PNG,0B8WcbXogHvegRWlodUFSd21SY0E,399844
cap - 3603.PNG,0B8WcbXogHvegM1l4Q1BHMzEtQlE,541340
cap - 3604.PNG,0B8WcbXogHvegS0J0NDBLYUdKQk0,408156
cap - 3605.PNG,0B8WcbXogHvegcW1ORWxSemVlWDA,430160
cap - 3606.PNG,0B8WcbXogHvegd3lhMHluU0p1Ums,472042
cap - 3607.PNG,0B8WcbXogHvegcmhZdkVjRENlVGc,468994
cap - 3608.PNG,0B8WcbXogHvegTTZOcGM3WWRxZGc,615151
cap - 3609.PNG,0B8WcbXogHvegQzRMNzFhTnpRYzg,662173
cap - 3610.PNG,0B8WcbXogHvegbzZ4ZklCR1d3bjg,621491
cap - 3611.PNG,0B8WcbXogHvegOTI1Tl9pOTVVaDQ,622616
cap - 3612.PNG,0B8WcbXogHvegbGN0cm9nRHdsYWM,555100
cap - 3613.PNG,0B8WcbXogHvegLWg1M3VYZkczQ00,578562
cap - 3614.PNG,0B8WcbXogHvegQ2pJd0VqMVNBY00,490785
cap - 3615.PNG,0B8WcbXogHvegUkNqWDcxSmhXYlU,522954
cap - 3616.PNG,0B8WcbXogHvegZkRHNER0NWhNYkk,577834
cap - 3617.PNG,0B8WcbXogHvegOHVqeE5ieUpYZWs,583320
cap - 3618.PNG,0B8WcbXogHvegU2VlRWk0U0VlekE,517192
cap - 3619.PNG,0B8WcbXogHvegZUF1T1RXaUVvOHc,473070
cap - 3620.PNG,0B8WcbXogHvegM2NKN3BsMHhJMUE,502488
cap - 3621.PNG,0B8WcbXogHvegSkh5ckR4MmNuY00,462330
cap - 3622.PNG,0B8WcbXogHvegQzFEbnVNbXVNU00,445737
cap - 3623.PNG,0B8WcbXogHvegYmRuOUNjSC14bjg,541952
cap - 3624.PNG,0B8WcbXogHvegRDZlNVpmczZaRVU,599199
cap - 3625.PNG,0B8WcbXogHvegUF8yZnJ0bFlIek0,500014
cap - 3626.PNG,0B8WcbXogHvegQlZkdUQtR3VrS0k,462399
cap - 3627.PNG,0B8WcbXogHvegc19fRmJQMVB0Qm8,537948
cap - 3628.PNG,0B8WcbXogHvegdC15a255cVJpMXM,538396
cap - 3629.PNG,0B8WcbXogHvegeWFLTXUtRDFFajA,543392
cap - 3630.PNG,0B8WcbXogHvegWkFTbFpMeXZmRDg,574767
cap - 3631.PNG,0B8WcbXogHvegMlJ2Y0tNdlB6YUk,574491
cap - 3632.PNG,0B8WcbXogHvegd3pFYjRVWVhwQzQ,645207
cap - 3633.PNG,0B8WcbXogHvegdnhhMGNWSzg2dkE,684238
cap - 3634.PNG,0B8WcbXogHvegRDhTd3dxVm1NRnc,556422
cap - 3635.PNG,0B8WcbXogHvegOWlzWERmMVhlTUU,540662
cap - 3636.PNG,0B8WcbXogHvegcUlQM2hSai1Wc1E,497042
cap - 3637.PNG,0B8WcbXogHvegTUdOVkpEYkFqbFE,384405
cap - 3638.PNG,0B8WcbXogHvegb2FybUJXb3FkS3c,370625
cap - 3639.PNG,0B8WcbXogHvegMEtOeHFwUVFGaUU,456091
cap - 3640.PNG,0B8WcbXogHvegU2gwaWFmM05oX1k,542052
cap - 3641.PNG,0B8WcbXogHvega0NhaFpCUTVwQlU,540463
cap - 3642.PNG,0B8WcbXogHvegUmp5RV9pRGg1bEE,600583
cap - 3643.PNG,0B8WcbXogHvegU3cwSHBXNWxCUkU,568851
cap - 3644.PNG,0B8WcbXogHvegZDF3QWRmTlBNd28,582093
cap - 3645.PNG,0B8WcbXogHvegYXp2ZE9xTTFqT3c,619442
cap - 3646.PNG,0B8WcbXogHvegNHhqY3FKTDNraEU,712701
cap - 3647.PNG,0B8WcbXogHvegVHA4cVd0THBUc0U,573332
cap - 3648.PNG,0B8WcbXogHvegSll4Ty1oWHpXV2c,572873
cap - 3649.PNG,0B8WcbXogHvegSDBBSUJSMFFrTE0,388778
cap - 3650.PNG,0B8WcbXogHvegNjd1R2lXRGRfRjA,441067
cap - 3651.PNG,0B8WcbXogHvegbm5lN2hlUGxOUVk,555295
cap - 3652.PNG,0B8WcbXogHvegdzZkZWduVVYwVDg,622076
cap - 3653.PNG,0B8WcbXogHvegRHoybnBxTzRLbWs,565625
cap - 3654.PNG,0B8WcbXogHvegb0o4OUJhTVJDbkU,548034
cap - 3655.PNG,0B8WcbXogHvegdW11ZnBzaW5CTFE,500908
cap - 3656.PNG,0B8WcbXogHvegOUZMa3Z2SkJsLWc,505038
cap - 3657.PNG,0B8WcbXogHvegV093R1dpa0hfWjA,662986
cap - 3658.PNG,0B8WcbXogHvegQU1KZ05pME95NUk,715753
cap - 3659.PNG,0B8WcbXogHvegZnBpTF9MNmVoc0U,823567
cap - 3660.PNG,0B8WcbXogHvegeWhGVzFiRFZtTFE,840700
cap - 3661.PNG,0B8WcbXogHvegWVRwZm5tYzVyY0k,861326
cap - 3662.PNG,0B8WcbXogHvegMkNfR0dORjV6SHc,857158
cap - 3663.PNG,0B8WcbXogHvegdmRnV2hYckFfdW8,880712
cap - 3664.PNG,0B8WcbXogHvegR3Bnb2MybWlERDA,843647
cap - 3665.PNG,0B8WcbXogHvegNC1wN19scUVkTzQ,803513
cap - 3666.PNG,0B8WcbXogHvegZzhwS29iLTNQSWc,841884
cap - 3667.PNG,0B8WcbXogHvegSXp1clhKS1p4NjQ,871687
cap - 3668.PNG,0B8WcbXogHvegQTRpUlhtZTdPaWM,857033
cap - 3669.PNG,0B8WcbXogHvegZ1V6b25YU2ZOa28,804307
cap - 3670.PNG,0B8WcbXogHvegdGlmeHRNcEZuQkE,706706
cap - 3671.PNG,0B8WcbXogHvegZ3otaXhEMV9kSnc,749176
cap - 3672.PNG,0B8WcbXogHvegWkNWYjgwaTJBd0U,759852
cap - 3673.PNG,0B8WcbXogHvegdjBQRlpweUJGUzA,765762
cap - 3674.PNG,0B8WcbXogHvegX0pWbnFWRUEyYUU,700354
cap - 3675.PNG,0B8WcbXogHvegTW10RlFKakJnckE,788926
cap - 3676.PNG,0B8WcbXogHvegMmZYRnFzcHBldjA,778776
cap - 3677.PNG,0B8WcbXogHvegcU1GSDlxUWRvdW8,732674
cap - 3678.PNG,0B8WcbXogHvega0dJTGRnWUVMWUk,735992
cap - 3679.PNG,0B8WcbXogHvegTzJqTDk5aFBYNjg,697316
cap - 3680.PNG,0B8WcbXogHvegYUdMY3YwTGpoQ1k,873702
cap - 3681.PNG,0B8WcbXogHvegdWNVT1M4aG9vYUU,882286
cap - 3682.PNG,0B8WcbXogHvegekNWUjZaaVhveDA,855714
cap - 3683.PNG,0B8WcbXogHvegSXIxcWtiZmIzRjQ,872429
cap - 3684.PNG,0B8WcbXogHvegSnRBRS13QlZWemc,881549
cap - 3685.PNG,0B8WcbXogHvegWVp4dlB5SUNFVGM,893627
cap - 3686.PNG,0B8WcbXogHvegY0cxV3I5cnpaVlU,659124
cap - 3687.PNG,0B8WcbXogHvegYnZGVEYwX3BRSUk,655085
cap - 3688.PNG,0B8WcbXogHvegNWpKWHk0bUNWTnc,782475
cap - 3689.PNG,0B8WcbXogHvegNmdKY2xhSVNnd0U,801310
cap - 3690.PNG,0B8WcbXogHvegc2lKSjdSd2JMbVU,776846
cap - 3691.PNG,0B8WcbXogHvegSktDZ0ZGdUFIZ0U,730135
cap - 3692.PNG,0B8WcbXogHvegLUhRZE1aOXR6WWs,584828
cap - 3693.PNG,0B8WcbXogHvegdkxXZEhvYWZOUDg,641357
cap - 3694.PNG,0B8WcbXogHvegekwzUEhQNXExaEk,594903
cap - 3695.PNG,0B8WcbXogHvegc0cwbkZYa3VRc00,557795
cap - 3696.PNG,0B8WcbXogHvegVVVGWm43RmM2VlU,606641
cap - 3697.PNG,0B8WcbXogHvegNHFzd2hyelYtWnM,456569
cap - 3698.PNG,0B8WcbXogHvegNlZsREpxVWpCLTA,433414
cap - 3699.PNG,0B8WcbXogHvegYVRtX2xmMVVTZXM,417071
cap - 3700.PNG,0B8WcbXogHvegNUtDU1k0QlN0Z2c,407048
cap - 3701.PNG,0B8WcbXogHvegeDFzWWhlZ1ZRclE,761246
cap - 3702.PNG,0B8WcbXogHvegbGduLTJqT0w1TU0,840690
cap - 3703.PNG,0B8WcbXogHvegcHcyVlFHak81cGc,859653
cap - 3704.PNG,0B8WcbXogHvegLWNEZnBjTDRLS2s,850509
cap - 3705.PNG,0B8WcbXogHvegRHE5M1JRZENCZ1E,762775
cap - 3706.PNG,0B8WcbXogHvegcF9NeTJUMUphbjQ,774355
cap - 3707.PNG,0B8WcbXogHvegTFFqcEFEMzFaNDg,789501
cap - 3708.PNG,0B8WcbXogHvegaDd0QVFXLVJ5NUk,744813
cap - 3709.PNG,0B8WcbXogHvegQ1dBZlRJT29KbWc,715198
cap - 3710.PNG,0B8WcbXogHvegMmdpRy1VdDZacmc,726511
cap - 3711.PNG,0B8WcbXogHvegTXZUWG1oUThKWkE,743074
cap - 3712.PNG,0B8WcbXogHvegdXVtU0RrWEQ3NDg,668942
cap - 3713.PNG,0B8WcbXogHvegVHBaZ1Zzb3p0Qkk,630834
cap - 3714.PNG,0B8WcbXogHvegN0hQZWpCVTFUcWc,775782
cap - 3715.PNG,0B8WcbXogHvegMVhiMmpWcmtXa00,781248
cap - 3716.PNG,0B8WcbXogHvegQ1J0MHRQQkdFV2s,780667
cap - 3717.PNG,0B8WcbXogHvegRnJ4NWdCSW5zYkk,780102
cap - 3718.PNG,0B8WcbXogHvegUkdZT2pJRl9UOUE,775742
cap - 3719.PNG,0B8WcbXogHvegdXN0TDRIaHZDc1E,774002
cap - 3720.PNG,0B8WcbXogHvegWEtYd2Vaa0RVeDQ,767170
cap - 3721.PNG,0B8WcbXogHvegWk1JdUJwdUx4dUU,768626
cap - 3722.PNG,0B8WcbXogHvegRUowUTEybEZ6LVk,770329
cap - 3723.PNG,0B8WcbXogHvegSjNxeUlaY2NfNEU,754140
cap - 3724.PNG,0B8WcbXogHvegRHp5eWxnR1A5Wkk,727128
cap - 3725.PNG,0B8WcbXogHvegVURqTHBYRFRSRG8,734430
cap - 3726.PNG,0B8WcbXogHvegMjFQRTdyWXNFRTQ,715904
cap - 3727.PNG,0B8WcbXogHvegNHlMQ1p6SUV4dnM,708036
cap - 3728.PNG,0B8WcbXogHvegUmluYlpaTHRqV2M,715619
cap - 3729.PNG,0B8WcbXogHvegUllBcjZ2MEhBb28,680139
cap - 3730.PNG,0B8WcbXogHvegQ2I4OTEyaURkT1E,694949
cap - 3731.PNG,0B8WcbXogHvegNFpVWXpGYUVSSnc,599981
cap - 3732.PNG,0B8WcbXogHvegRjZ3UklzSWRnaWM,728059
cap - 3733.PNG,0B8WcbXogHvegcDhWcTJqaGlyWjA,699545
cap - 3734.PNG,0B8WcbXogHvegOXJwbUd2OVdwOFE,769886
cap - 3735.PNG,0B8WcbXogHvegWEtua1RybzlVZ0E,722746
cap - 3736.PNG,0B8WcbXogHvegVUlJdHpONXdmTnM,659572
cap - 3737.PNG,0B8WcbXogHvegR2lUempXMFJLTXM,657400
cap - 3738.PNG,0B8WcbXogHvegVlplUUw5V3JZUnc,649885
cap - 3739.PNG,0B8WcbXogHvegWVEtMU5vd3dBTEk,621172
cap - 3740.PNG,0B8WcbXogHvegX3dhVms3VGJWaEk,670159
cap - 3741.PNG,0B8WcbXogHvegcmdfTkVXNHNmaWc,616445
cap - 3742.PNG,0B8WcbXogHvegQ1pCZENKbDNKcUk,693543
cap - 3743.PNG,0B8WcbXogHvegQV9LYmFQN0NVMnM,695670
cap - 3744.PNG,0B8WcbXogHvegVnB3SGNfQkNQcTg,722297
cap - 3745.PNG,0B8WcbXogHvegc1Jtc1VMSFpSLW8,699492
cap - 3746.PNG,0B8WcbXogHvegNDB4aEEzdDhrbTg,704123
cap - 3747.PNG,0B8WcbXogHvegSEwySHhmV1VOUzg,675947
cap - 3748.PNG,0B8WcbXogHvegRnNQQ01qUEN0dTg,707904
cap - 3749.PNG,0B8WcbXogHvegUVdRcmZVajlSNjA,737827
cap - 3750.PNG,0B8WcbXogHvegUU4yUmRITFNQV00,635429
cap - 3751.PNG,0B8WcbXogHvegSlVOR0xndUFFSWc,647684
cap - 3752.PNG,0B8WcbXogHvegai1oVWZ1U2FTNkk,686839
cap - 3753.PNG,0B8WcbXogHvegS0E4YXNFYnAzelk,404456
cap - 3754.PNG,0B8WcbXogHvegazJpUGt1dnZ1dVk,554546
cap - 3755.PNG,0B8WcbXogHvegSTJCcTdKbFB1aDA,644999
cap - 3756.PNG,0B8WcbXogHvegWDN2dG5qSGJJNUU,761274
cap - 3757.PNG,0B8WcbXogHvegQ1JfWjJsRkRNYVk,768532
cap - 3758.PNG,0B8WcbXogHvegMzN6cEJpcHdlX1U,751549
cap - 3759.PNG,0B8WcbXogHvega21kNnh1MVh0eEU,724815
cap - 3760.PNG,0B8WcbXogHvegaFFkckFGTFhTMjQ,735932
cap - 3761.PNG,0B8WcbXogHvegWi1VR1pOZTVfLXc,685092
cap - 3762.PNG,0B8WcbXogHvegVEs0MDdwaW1PQkE,676258
cap - 3763.PNG,0B8WcbXogHvegejF0Q191TmRENlU,653817
cap - 3764.PNG,0B8WcbXogHvegVjFERFJGbnZBLTA,808456
cap - 3765.PNG,0B8WcbXogHvegU0NzVXFyNFFKZXc,815790
cap - 3766.PNG,0B8WcbXogHvegazZKRTRrYTQ0VE0,878934
cap - 3767.PNG,0B8WcbXogHvegcUR4THplWE50ZDA,882532
cap - 3768.PNG,0B8WcbXogHvegajNxOXBNZGNGcVU,888469
cap - 3769.PNG,0B8WcbXogHvegLXg1UVprSDAzZzQ,868702
cap - 3770.PNG,0B8WcbXogHvegT3FBdzVQWWkyVms,833328
cap - 3771.PNG,0B8WcbXogHvegN1dXam11NzFlczg,864406
cap - 3772.PNG,0B8WcbXogHvegOHNMUHVzUHRPZEk,830837
cap - 3773.PNG,0B8WcbXogHvegMmJGX3RoZVg2MWM,814871
cap - 3774.PNG,0B8WcbXogHvegQnRwbjdmMEo0cUU,792936
cap - 3775.PNG,0B8WcbXogHvegTWkwc1h3N0hQdkU,601765
cap - 3776.PNG,0B8WcbXogHvegR3gzZDFVUDdJQ0U,570569
cap - 3777.PNG,0B8WcbXogHvegdExRWGsxbl9sdjA,587768
cap - 3778.PNG,0B8WcbXogHvegSGJMajhWUG1sWEE,552570
cap - 3779.PNG,0B8WcbXogHvegQmtxMktYemVwc3M,551752
cap - 3780.PNG,0B8WcbXogHvegRW9IQW1MSEhVc1E,553834
cap - 3781.PNG,0B8WcbXogHvegN3VhUjhIRk9ZRnM,543663
cap - 3782.PNG,0B8WcbXogHvegYllmdTJobkZONTg,574925
cap - 3783.PNG,0B8WcbXogHvegcnhDLVhVQ3NUbTQ,524294
cap - 3784.PNG,0B8WcbXogHvegd2RkTWNuaFltZDQ,517987
cap - 3785.PNG,0B8WcbXogHvegUHB1X2t4a21RZ0U,534621
cap - 3786.PNG,0B8WcbXogHvegR29pWjdOdVo5aEk,533253
cap - 3787.PNG,0B8WcbXogHvegbnNGLUtENmpVNGc,564093
cap - 3788.PNG,0B8WcbXogHvegMW9ZU2h2YkJ5LU0,556662
cap - 3789.PNG,0B8WcbXogHvegbmxvQ0FHcTJkRG8,546065
cap - 3790.PNG,0B8WcbXogHvegaW15UUNZMTNqUjQ,531155
cap - 3791.PNG,0B8WcbXogHvegMjZiOFpCNWFHWWM,539779
cap - 3792.PNG,0B8WcbXogHvegNXJNVld6VHNOam8,590300
cap - 3793.PNG,0B8WcbXogHvegQ3lTalR0aFF3aTQ,661477
cap - 3794.PNG,0B8WcbXogHvegN29GaGJUVjQ4cTA,748495
cap - 3795.PNG,0B8WcbXogHvegdTlybnNvZy16M1E,574618
cap - 3796.PNG,0B8WcbXogHvegSnBLSWhZLTlqTVU,619182
cap - 3797.PNG,0B8WcbXogHvegZXNWNkdlV3RkWlU,651995
cap - 3798.PNG,0B8WcbXogHvegdVAwWUNPVzh2X00,674151
cap - 3799.PNG,0B8WcbXogHvegZllJdW1URTlvWFE,476442
cap - 3800.PNG,0B8WcbXogHvegYk5OQldZWEFIREU,601859
cap - 3801.PNG,0B8WcbXogHvegbzM1ZDRKbHdIaDg,499050
cap - 3802.PNG,0B8WcbXogHvegSFQtdnNmMVdoU0U,426248
cap - 3803.PNG,0B8WcbXogHvegX0JxSVBlbHBSdW8,529964
cap - 3804.PNG,0B8WcbXogHvegMUd1T1BYemdNbWs,427260
cap - 3805.PNG,0B8WcbXogHvegZWxLcmhSUlVxMDg,398028
cap - 3806.PNG,0B8WcbXogHvegVXJManQ3OVVpWUE,436852
cap - 3807.PNG,0B8WcbXogHvegcDNLc2k1Z3FGQVk,677701
cap - 3808.PNG,0B8WcbXogHvegejhlYXRORF81RDg,646292
cap - 3809.PNG,0B8WcbXogHvegcEhHSFJPWVNKMms,545806
cap - 3810.PNG,0B8WcbXogHvegUnhfM2RGUjJ0eGc,542082
cap - 3811.PNG,0B8WcbXogHvegaFBZZmkwVnF0N2M,507080
cap - 3812.PNG,0B8WcbXogHvegWXJWVm9SbDdCcFE,500450
cap - 3813.PNG,0B8WcbXogHvegRWJWZGtIYXA2N1k,512093
cap - 3814.PNG,0B8WcbXogHvegTmNsMmZMRFZaM1k,531032
cap - 3815.PNG,0B8WcbXogHvegZUZyZlB1MHFGRFU,510615
cap - 3816.PNG,0B8WcbXogHvega1VXMzVyWEZ5Q2M,485603
cap - 3817.PNG,0B8WcbXogHvegNy1UWVZIODdMT1k,487075
cap - 3818.PNG,0B8WcbXogHvegd0ZWbEU3bHByMTA,507439
cap - 3819.PNG,0B8WcbXogHvegQm03aHZ0TDFPQUE,433494
cap - 3820.PNG,0B8WcbXogHvegX0w2dlFEbm56RVU,532762
cap - 3821.PNG,0B8WcbXogHvegcnRVOGF2OTdkOEU,547289
cap - 3822.PNG,0B8WcbXogHvegQ2dtS0hsXzR6X28,622920
cap - 3823.PNG,0B8WcbXogHvegRGJSd1paczRuTm8,569282
cap - 3824.PNG,0B8WcbXogHvegNTVmVFdFLXdyREE,586498
cap - 3825.PNG,0B8WcbXogHvegQWRtSW9HLWRlM3M,606138
cap - 3826.PNG,0B8WcbXogHvegZUZaN3g0UTRUQ1U,539658
cap - 3827.PNG,0B8WcbXogHvegUHVqT2lBUldra2M,566809
cap - 3828.PNG,0B8WcbXogHvegclZEazdFOXNmLVE,543762
cap - 3829.PNG,0B8WcbXogHvegeEVaWG40eDc2NWM,487280
cap - 3830.PNG,0B8WcbXogHvegY1d2YzBtWnp5Qjg,497106
cap - 3831.PNG,0B8WcbXogHvegZm9oWVdqT3h5YWM,483557
cap - 3832.PNG,0B8WcbXogHvegZUdtLVpBQjBmR2M,515187
cap - 3833.PNG,0B8WcbXogHvegcGUyRERaakdLbms,522119
cap - 3834.PNG,0B8WcbXogHvegQkNnYzlkcjRhRWs,428447
cap - 3835.PNG,0B8WcbXogHvegaXFNNmJOLUFHX2M,496728
cap - 3836.PNG,0B8WcbXogHvegU3F1cllpWnFWTTQ,624109
cap - 3837.PNG,0B8WcbXogHvegaXVheTRTYmx2eDA,634284
cap - 3838.PNG,0B8WcbXogHvegcW0zUFV5a19YS0k,602017
cap - 3839.PNG,0B8WcbXogHvegUWgtTm0zVWcyeEE,599180
cap - 3840.PNG,0B8WcbXogHvegNVRVVm5jS3V0Mzg,642605
cap - 3841.PNG,0B8WcbXogHvegRWxVOGFQQW5CemM,624971
cap - 3842.PNG,0B8WcbXogHvegSDFFeHRQR3NDbjA,655875
cap - 3843.PNG,0B8WcbXogHvegZkVPSTdFTE9kaGc,624255
cap - 3844.PNG,0B8WcbXogHvegNjh0UWEzbGIzX00,621932
cap - 3845.PNG,0B8WcbXogHvegYUxDMDJUWkFkeVk,631577
cap - 3846.PNG,0B8WcbXogHvegeUFqckxHaWF0Y00,661741
cap - 3847.PNG,0B8WcbXogHvegMUZ6RllqMm0zbUE,653587
cap - 3848.PNG,0B8WcbXogHvegazBoc05JejhwWHM,635719
cap - 3849.PNG,0B8WcbXogHvegbEttX2FQOEtKY28,616737
cap - 3850.PNG,0B8WcbXogHvegcXBERnFaNmRrcFE,611036
cap - 3851.PNG,0B8WcbXogHvegUktiSzdzQ2d1bXM,576562
cap - 3852.PNG,0B8WcbXogHvegM0lVc0ZBbXZfbFE,618159
cap - 3853.PNG,0B8WcbXogHvegejV6WFdGWUJ3a3M,616030
cap - 3854.PNG,0B8WcbXogHvegSmlNWHFrN3E3MTQ,582625
cap - 3855.PNG,0B8WcbXogHvegZ3JxdVp0eXlhR0k,547029
cap - 3856.PNG,0B8WcbXogHvegM3p1QkcxUWp1R3M,602685
cap - 3857.PNG,0B8WcbXogHvegTUdpSm1mQTJkRHM,624026
cap - 3858.PNG,0B8WcbXogHvegd3pBdmdOTnFHTnc,625525
cap - 3859.PNG,0B8WcbXogHvegNnM1S1ZDSlVlaDA,694010
cap - 3860.PNG,0B8WcbXogHvegelQ2RGJjTUJQeTQ,776047
cap - 3861.PNG,0B8WcbXogHvegR0lKb010bTJ2d2s,772819
cap - 3862.PNG,0B8WcbXogHvegZEw4Y1JhR20xWEk,804521
cap - 3863.PNG,0B8WcbXogHvegWFNURkI5SUhTcTA,717397
cap - 3864.PNG,0B8WcbXogHvegaHBmNVF0RG5xSTA,760948
cap - 3865.PNG,0B8WcbXogHvegNmFPX3ZEejZkdWc,685087
cap - 3866.PNG,0B8WcbXogHvegOTJSb0x0eHE5NWc,632689
cap - 3867.PNG,0B8WcbXogHvegUDRhQlBFQk1KcDA,637471
cap - 3868.PNG,0B8WcbXogHvegUFRFVHlIamtoTXM,653959
cap - 3869.PNG,0B8WcbXogHvegZUhneHIwNGcxSVU,637354
cap - 3870.PNG,0B8WcbXogHvegYVpZS2ZDNm41aDQ,678309
cap - 3871.PNG,0B8WcbXogHvegaWFKRmE3aVRQRkE,729661
cap - 3872.PNG,0B8WcbXogHvegWFpHQkJJUHdkQkU,743327
cap - 3873.PNG,0B8WcbXogHvegZTF3Q2d1RXJXekU,578266
cap - 3874.PNG,0B8WcbXogHvegWlJVMnJ6TzlVWTQ,636354
cap - 3875.PNG,0B8WcbXogHvegaVhYVjJwMVRmS0k,756966
cap - 3876.PNG,0B8WcbXogHvegUTNfY0Rwb2gtMDA,855657
cap - 3877.PNG,0B8WcbXogHvegMjc4LWdfMEczRXc,773705
cap - 3878.PNG,0B8WcbXogHvegWklJQ3RFcVlnYms,792213
cap - 3879.PNG,0B8WcbXogHvegbXJqU3hTREM0dEk,690087
cap - 3880.PNG,0B8WcbXogHvegVFR4ZmlFc2hGOFk,712998
cap - 3881.PNG,0B8WcbXogHvegUnJiRXNoZVNyTkU,638414
cap - 3882.PNG,0B8WcbXogHvegeWVlbWFRZXQyVjA,578366
cap - 3883.PNG,0B8WcbXogHvegampCR1lsTUVTMjA,563149
cap - 3884.PNG,0B8WcbXogHvegamVCc2VUTVgwQTg,553360
cap - 3885.PNG,0B8WcbXogHvegeG81WW9fUDFLbzg,686066
cap - 3886.PNG,0B8WcbXogHvegXzV5ay10eVRvWDA,676033
cap - 3887.PNG,0B8WcbXogHvegbEFTLUtaSWNGeEk,701974
cap - 3888.PNG,0B8WcbXogHvegLWo3SDRZd1VXTEE,645576
cap - 3889.PNG,0B8WcbXogHvegNkx0eXFKd0xLVzA,651097
cap - 3890.PNG,0B8WcbXogHvegeXE2Q2pXaWtlT0k,606049
cap - 3891.PNG,0B8WcbXogHvegeTNjWEFZQzVSRUE,669716
cap - 3892.PNG,0B8WcbXogHvegLW9NR2Y3TVMzcjQ,671368
cap - 3893.PNG,0B8WcbXogHvegcjIzSTFGSXpYNnM,557392
cap - 3894.PNG,0B8WcbXogHvegNERHSUpMNVctYTg,557768
cap - 3895.PNG,0B8WcbXogHvegZEpBTFlXUGJkMnc,559590
cap - 3896.PNG,0B8WcbXogHvegaUpwN3c0a2c3S2M,566028
cap - 3897.PNG,0B8WcbXogHvegcVB3RDkzSDctcGc,535804
cap - 3898.PNG,0B8WcbXogHvegWnBZczBZSU5rRVU,526986
cap - 3899.PNG,0B8WcbXogHvegM0psYTBTSnU3T2c,562442
cap - 3900.PNG,0B8WcbXogHvegQlJWMlR1NnZWNUU,483298
cap - 3901.PNG,0B8WcbXogHvegZ3FYcG8yMkZFOG8,528453
cap - 3902.PNG,0B8WcbXogHvegNmthMTgyajl0ckU,563776
cap - 3903.PNG,0B8WcbXogHvegU21icEVBclRNaHc,508039
cap - 3904.PNG,0B8WcbXogHvegVE8yc0o1cHVwRmc,494632
cap - 3905.PNG,0B8WcbXogHvegS3JSQ3JSYmY2QnM,491093
cap - 3906.PNG,0B8WcbXogHvegamRja0lGVW5FTXc,588270
cap - 3907.PNG,0B8WcbXogHvegRU5RUW1Zc045TGc,614433
cap - 3908.PNG,0B8WcbXogHvegalJXVTN2aWY4dFE,602364
cap - 3909.PNG,0B8WcbXogHvegOEY4U1VxcEQzQWs,566493
cap - 3910.PNG,0B8WcbXogHvegZGJCWjFnMDFkWjA,572378
cap - 3911.PNG,0B8WcbXogHvegZzFJME5ZcU83MGM,588933
cap - 3912.PNG,0B8WcbXogHvegVlZRU3hHRnFURFU,672744
cap - 3913.PNG,0B8WcbXogHvegaWYtRTE1dHFzakU,588690
cap - 3914.PNG,0B8WcbXogHvegSzJFUE5pYUpKM00,585776
cap - 3915.PNG,0B8WcbXogHvegdHB4R1YwMW1DWWM,575866
cap - 3916.PNG,0B8WcbXogHvegNl9jejV1TFRsOVk,585917
cap - 3917.PNG,0B8WcbXogHvegWWthZWxiemh5Y2c,585599
cap - 3918.PNG,0B8WcbXogHvegbTkzU1lyWGoxbnM,587676
cap - 3919.PNG,0B8WcbXogHvegWWp0ckVPZ0RvSFU,591569
cap - 3920.PNG,0B8WcbXogHvegY29sdWQzeENhbGs,621919
cap - 3921.PNG,0B8WcbXogHvegcEREMU9aU1pvNzA,605482
cap - 3922.PNG,0B8WcbXogHvegY1doRV9ZRE1HUGc,585735
cap - 3923.PNG,0B8WcbXogHvegZTE5bUNQZGNwdEE,650184
cap - 3924.PNG,0B8WcbXogHvegQmZMQnBsMWotWU0,786039
cap - 3925.PNG,0B8WcbXogHvegOFc3d2hUQnRvVDg,742717
cap - 3926.PNG,0B8WcbXogHvegTGtJdHpZS254bU0,736019
cap - 3927.PNG,0B8WcbXogHvegNmlyQ0M4UnBNbEk,794567
cap - 3928.PNG,0B8WcbXogHvegN3BRUmh4MUhuM3c,743035
cap - 3929.PNG,0B8WcbXogHvegWnNVRm9SNjdxaWc,723268
cap - 3930.PNG,0B8WcbXogHvegVXZzZURhR19zVEE,640570
cap - 3931.PNG,0B8WcbXogHvegeXFUSEdYTGMwdUk,607344
cap - 3932.PNG,0B8WcbXogHvegU3JzX0JIeHRUcWM,584576
cap - 3933.PNG,0B8WcbXogHvega2RvY3h2dUhMRjg,629876
cap - 3934.PNG,0B8WcbXogHvegci0yYzEzaTNhc0E,667101
cap - 3935.PNG,0B8WcbXogHvegRUo4U3I2YUpaaGM,599467
cap - 3936.PNG,0B8WcbXogHvegdHdqeUVsRU1TbWc,586967
cap - 3937.PNG,0B8WcbXogHvegN1hYRzNrVDNONVk,587299
cap - 3938.PNG,0B8WcbXogHvegeVlma2dMZ205Y2s,601942
cap - 3939.PNG,0B8WcbXogHvegUUtzSkZyNWtRVDg,631881
cap - 3940.PNG,0B8WcbXogHvegSFQ2XzNld2EtS0E,615086
cap - 3941.PNG,0B8WcbXogHvegMENwMGpIQmRnYXc,645631
cap - 3942.PNG,0B8WcbXogHvegZUd5RjRFUWRWc1k,615214
cap - 3943.PNG,0B8WcbXogHvegbm9lcGxzRm94RXc,621153
cap - 3944.PNG,0B8WcbXogHvegRGI1aEo3ajFMM1E,699865
cap - 3945.PNG,0B8WcbXogHvegS0V0TWxxR1pwdWM,779284
cap - 3946.PNG,0B8WcbXogHvegeW9YTlc4UFQ1aVU,723043
cap - 3947.PNG,0B8WcbXogHvegUTdSSVlud0hNWlE,662141
cap - 3948.PNG,0B8WcbXogHvegR0x3UW9hanR1UG8,713555
cap - 3949.PNG,0B8WcbXogHvegWno3YmRfT0NockE,757652
cap - 3950.PNG,0B8WcbXogHvegb2tqaWVMQm1fVUU,799155
cap - 3951.PNG,0B8WcbXogHvegdG1VdVRRYmluVGs,728020
cap - 3952.PNG,0B8WcbXogHvegbS13VGxrZDZOa3c,648023
cap - 3953.PNG,0B8WcbXogHvegR19rbzRyNzMzaUE,811623
cap - 3954.PNG,0B8WcbXogHvegVUx1MHdyOVRMbzQ,764319
cap - 3955.PNG,0B8WcbXogHvegb0txSGZfVGhjaEU,707738
cap - 3956.PNG,0B8WcbXogHvegQ2FaSW1uOHFnb0k,684011
cap - 3957.PNG,0B8WcbXogHvegS3Nudm5Vb0k3WjQ,659906
cap - 3958.PNG,0B8WcbXogHvegTW9SWHZLQkUyaDQ,690727
cap - 3959.PNG,0B8WcbXogHvegcWNtdVk4UTJqMmM,736372
cap - 3960.PNG,0B8WcbXogHvegaldOdXNVMldIT1E,694634
cap - 3961.PNG,0B8WcbXogHvegMDZHZVpBQWdKZ2c,603627
cap - 3962.PNG,0B8WcbXogHvegUnFnVU85VnY1c2c,664875
cap - 3963.PNG,0B8WcbXogHvegejRvWUQzQVEtQTg,605270
cap - 3964.PNG,0B8WcbXogHvegTUJlXzQ3YlZ1UFE,580316
cap - 3965.PNG,0B8WcbXogHvegcGY2Yi1wTXFfYmc,576429
cap - 3966.PNG,0B8WcbXogHvegTGgyT2VlLUZiRjA,592051
cap - 3967.PNG,0B8WcbXogHvegbDlzWkFPNTNLUU0,604471
cap - 3968.PNG,0B8WcbXogHvegeVVmYm5NcWI3WnM,602821
cap - 3969.PNG,0B8WcbXogHvegcUJ1Wld2U195d2s,588486
cap - 3970.PNG,0B8WcbXogHvegUm5qMk45T0MzaTA,565025
cap - 3971.PNG,0B8WcbXogHvegRDdyVkIyaWtiY3M,607678
cap - 3972.PNG,0B8WcbXogHvegZ0NncEtCOWJaQjg,614399
cap - 3973.PNG,0B8WcbXogHvegQnVFVFMzZkJ1WWc,535560
cap - 3974.PNG,0B8WcbXogHvegYWstaHBpRzh3Rjg,527352
cap - 3975.PNG,0B8WcbXogHvegQ2gyNUtjMUlDY00,418224
cap - 3976.PNG,0B8WcbXogHvegWXBvUHdPYi0yZ1k,367014
cap - 3977.PNG,0B8WcbXogHvegamsyclc3ZVV1Y2s,386310
cap - 3978.PNG,0B8WcbXogHvegX2xmNFhKV1JHaWs,404295
cap - 3979.PNG,0B8WcbXogHvegbHdHVlZrTjcyRU0,410817
cap - 3980.PNG,0B8WcbXogHvegckhwYlIxRWJsSm8,404754
cap - 3981.PNG,0B8WcbXogHvegeWMtdGcwRlVpMWM,387619
cap - 3982.PNG,0B8WcbXogHvegcTlpRElkeDlaTDQ,485391
cap - 3983.PNG,0B8WcbXogHvegdnRtSXZVNzZlSlE,507648
cap - 3984.PNG,0B8WcbXogHvegUXV0T0N4bXpLWVU,532617
cap - 3985.PNG,0B8WcbXogHvegTzFOUVZiaGRiUVk,566542
cap - 3986.PNG,0B8WcbXogHvegRUNITGFEUnNnd2c,523718
cap - 3987.PNG,0B8WcbXogHvegX0oxVFpqaFlCcXc,528810
cap - 3988.PNG,0B8WcbXogHvegNjhyMW81VS1PckU,538142
cap - 3989.PNG,0B8WcbXogHvegOGJvZU15bEdnWEk,581349
cap - 3990.PNG,0B8WcbXogHvegbXlLbkJYdENlOW8,476881
cap - 3991.PNG,0B8WcbXogHvegUklrS0RHaG91dkU,520895
cap - 3992.PNG,0B8WcbXogHvegaXJtdHZuSGdvd3c,472788
cap - 3993.PNG,0B8WcbXogHvegdmFtSmF4MkdqM2c,493224
cap - 3994.PNG,0B8WcbXogHvegQkw2UlpfODNZZk0,694239
cap - 3995.PNG,0B8WcbXogHvegOGJzMXJsYVp3Tk0,677464
cap - 3996.PNG,0B8WcbXogHvegZzVRZUZMZTFvRGc,613278
cap - 3997.PNG,0B8WcbXogHvegNjMwWExZQUNnX28,677889
cap - 3998.PNG,0B8WcbXogHvegQWR5UjF3V2ZBZUE,655743
cap - 3999.PNG,0B8WcbXogHvegcWpTWDM1b1VnUk0,629770
