cap - 2000.PNG,0B8WcbXogHvegZ0pyNmtEVldvLVU,453670
cap - 2001.PNG,0B8WcbXogHvegamYyZW5yd0pLd0U,470609
cap - 2002.PNG,0B8WcbXogHvegcEFJSnEyVW0xTDg,457825
cap - 2003.PNG,0B8WcbXogHvegSEVUemdlWHBHT1E,449138
cap - 2004.PNG,0B8WcbXogHvegTnItakZzSWxYd0k,460236
cap - 2005.PNG,0B8WcbXogHvegYV9LS3hzMTNBaWs,471021
cap - 2006.PNG,0B8WcbXogHvegN0pidE9XU0hzSDg,470384
cap - 2007.PNG,0B8WcbXogHvegY0hBR2wxdG1xQVE,469151
cap - 2008.PNG,0B8WcbXogHvegZGp1NjBJN3IwakU,420972
cap - 2009.PNG,0B8WcbXogHvegR0lUZVJoc2JUT1U,455124
cap - 2010.PNG,0B8WcbXogHvegWE1wMDJ4cnBHVmc,421956
cap - 2011.PNG,0B8WcbXogHvegRnp1NzkzbzZ5YkE,418892
cap - 2012.PNG,0B8WcbXogHvegWHNTaXBqLTluM00,412462
cap - 2013.PNG,0B8WcbXogHvegTmxDNEtGcDNfbkU,397297
cap - 2014.PNG,0B8WcbXogHvegamRzdGdYejROUTQ,400727
cap - 2015.PNG,0B8WcbXogHvegcUd5dFppcTZzYnM,399961
cap - 2016.PNG,0B8WcbXogHvegRzhKb3RsTVlLazg,421148
cap - 2017.PNG,0B8WcbXogHvegLWxjaTRpMlpIdG8,410283
cap - 2018.PNG,0B8WcbXogHvegZzNrakEycWcyMXc,418545
cap - 2019.PNG,0B8WcbXogHvegVnE0UmQwNEt5ZTQ,433689
cap - 2020.PNG,0B8WcbXogHvegMHhHOXVielFVdEE,434595
cap - 2021.PNG,0B8WcbXogHvegdjRIRW5oZWZXWFU,437537
cap - 2022.PNG,0B8WcbXogHvegVjFQY2o3eWxRX2s,436585
cap - 2023.PNG,0B8WcbXogHvegZldJQ1lnV1dPeTQ,429308
cap - 2024.PNG,0B8WcbXogHvegTl9IOEVKUU9rMHM,432003
cap - 2025.PNG,0B8WcbXogHvegbVZ5MWdBd1VwSjQ,423037
cap - 2026.PNG,0B8WcbXogHvegdHJHZzRQMFp5YzA,453525
cap - 2027.PNG,0B8WcbXogHvegNFFSYms2NEZ5SG8,461559
cap - 2028.PNG,0B8WcbXogHvegdXhPREZuNXVlYlk,430926
cap - 2029.PNG,0B8WcbXogHvegZldrMi1PblZuLTQ,438577
cap - 2030.PNG,0B8WcbXogHvegUFF0bzRocm1aSzg,427993
cap - 2031.PNG,0B8WcbXogHvegVm5lRFJOS1NkV0E,470685
cap - 2032.PNG,0B8WcbXogHvegamw1RkhudzVlVkU,409326
cap - 2033.PNG,0B8WcbXogHvegWGJrZzdmV3NMbVU,406885
cap - 2034.PNG,0B8WcbXogHvegeUh0b3FOaGlZaFk,354947
cap - 2035.PNG,0B8WcbXogHvegVkFpUkYwN1BwVlE,337211
cap - 2036.PNG,0B8WcbXogHvegQXhBUHlQMDIwcDA,319413
cap - 2037.PNG,0B8WcbXogHvegNWJtRnYtOVhjVE0,356855
cap - 2038.PNG,0B8WcbXogHvegQXlqc0RXNUNuVEk,403338
cap - 2039.PNG,0B8WcbXogHvegdW9SMFdQMkt6Wnc,443936
cap - 2040.PNG,0B8WcbXogHvegclVVeDE4V0xtUHM,442366
cap - 2041.PNG,0B8WcbXogHvegaEROWG5xY1NTY1U,413366
cap - 2042.PNG,0B8WcbXogHvegSGtRZzBOT1dhd2s,446477
cap - 2043.PNG,0B8WcbXogHvegMWRZMU9EYzNMOUk,445730
cap - 2044.PNG,0B8WcbXogHvegS25lRG5vcVFWOGM,441818
cap - 2045.PNG,0B8WcbXogHvegbXkwYUduY19qNE0,456708
cap - 2046.PNG,0B8WcbXogHvegV1hnSWo2NjY1ODQ,450255
cap - 2047.PNG,0B8WcbXogHvegeFBkaXFqNEJ0Ym8,437674
cap - 2048.PNG,0B8WcbXogHvegazlGaUR0a1R5WDg,440169
cap - 2049.PNG,0B8WcbXogHvegajFqWlZKaGxqbXM,429020
cap - 2050.PNG,0B8WcbXogHvegUGh3ODg3SFlXZEE,425666
cap - 2051.PNG,0B8WcbXogHvegNndpbHFUUVBZSXc,395244
cap - 2052.PNG,0B8WcbXogHvegQ2tCYlhodWFyazg,407447
cap - 2053.PNG,0B8WcbXogHvegUGFSRFhhNjMySTQ,420230
cap - 2054.PNG,0B8WcbXogHvegVFZsU0xLZmNLcTA,434740
cap - 2055.PNG,0B8WcbXogHvegM3ltZ2E2aHhTU2s,448130
cap - 2056.PNG,0B8WcbXogHvegMnR4aThPNXZ1YWs,430917
cap - 2057.PNG,0B8WcbXogHvegYTVOMk5IdjJRQlU,455947
cap - 2058.PNG,0B8WcbXogHvegczdzamVNcFk0VWM,465621
cap - 2059.PNG,0B8WcbXogHvegaDY3MmhPNlBCMDg,487883
cap - 2060.PNG,0B8WcbXogHvegMm9teEtJYzlVY2s,462964
cap - 2061.PNG,0B8WcbXogHvegTWxwTjVvUnJDLVU,439954
cap - 2062.PNG,0B8WcbXogHvegLURJSTJ6WTQtMmc,436485
cap - 2063.PNG,0B8WcbXogHvegaEk3YU1GX2M5cFE,443064
cap - 2064.PNG,0B8WcbXogHvegY3ViQjMzakNoOVk,444533
cap - 2065.PNG,0B8WcbXogHvegUzZkeGRFMER1MTg,422056
cap - 2066.PNG,0B8WcbXogHvegc0RoVldzMmlJWWM,420037
cap - 2067.PNG,0B8WcbXogHvegb0YtalJKaDgxRDQ,386447
cap - 2068.PNG,0B8WcbXogHvegNG83WVpSQW04SVU,401577
cap - 2069.PNG,0B8WcbXogHvegWVJhelhRNWdIc1U,393746
cap - 2070.PNG,0B8WcbXogHvegbktPdEMtRWduM2M,409526
cap - 2071.PNG,0B8WcbXogHvegMzAxcWxnNzFybEk,381563
cap - 2072.PNG,0B8WcbXogHvegdE1CZHFxUl9XR3M,398828
cap - 2073.PNG,0B8WcbXogHvegNXhyUmtwQ1ZfN1E,415751
cap - 2074.PNG,0B8WcbXogHvegWG5iUkw5UXFDUk0,405022
cap - 2075.PNG,0B8WcbXogHvegcDhBbWV0eWFpWlk,454601
cap - 2076.PNG,0B8WcbXogHvegYkwzWlpoQ0FTOVE,490857
cap - 2077.PNG,0B8WcbXogHvegU05Cc1JNeTZkaEk,433689
cap - 2078.PNG,0B8WcbXogHvegTDR0cGFwUk5qZVE,411682
cap - 2079.PNG,0B8WcbXogHvegNExPUlFpdmhqUkE,441824
cap - 2080.PNG,0B8WcbXogHvegNWJ0QmFKeGtXYjQ,470985
cap - 2081.PNG,0B8WcbXogHvegTVEtUzN5cnB6RWM,478001
cap - 2082.PNG,0B8WcbXogHvegcTlvUmVlQTd6MUk,455982
cap - 2083.PNG,0B8WcbXogHvegb1V0NzB2elBDN2c,429644
cap - 2084.PNG,0B8WcbXogHvegdk1YbFJJMWRIV0k,423229
cap - 2085.PNG,0B8WcbXogHvegVk80NVQtZ1dKZnM,386374
cap - 2086.PNG,0B8WcbXogHvegU1ZJNVRGUVJXc28,395546
cap - 2087.PNG,0B8WcbXogHvegTWdIaTBIMFJwVVk,409719
cap - 2088.PNG,0B8WcbXogHvegekxFck8wb1ctOW8,419822
cap - 2089.PNG,0B8WcbXogHvegQkl5aHkzcWhJQXM,428372
cap - 2090.PNG,0B8WcbXogHvegNkpVQkdtcXZvVjA,413213
cap - 2091.PNG,0B8WcbXogHvegQzlvSmhfTEVuN28,328994
cap - 2092.PNG,0B8WcbXogHvegRzJXYzFSQ2pNYUU,344168
cap - 2093.PNG,0B8WcbXogHvegZVdPRjYteS12dm8,356975
cap - 2094.PNG,0B8WcbXogHvegdTVqUnhYdHBaVkk,310610
cap - 2095.PNG,0B8WcbXogHvegaXl3dzBOU3FWTDA,433742
cap - 2096.PNG,0B8WcbXogHvegNm5oOFE3VlkzODA,441151
cap - 2097.PNG,0B8WcbXogHvegTG9zZzVSWHpxY3M,442643
cap - 2098.PNG,0B8WcbXogHvegWjN2QzlLVmhrSnM,464229
cap - 2099.PNG,0B8WcbXogHvegSmNEaEhqcUMzTkU,538494
cap - 2100.PNG,0B8WcbXogHvegektBeDFxYnZDYWc,549002
cap - 2101.PNG,0B8WcbXogHvegSENMZUxpM2E3RkU,554680
cap - 2102.PNG,0B8WcbXogHvegWjNOdEhfNWpZTUk,551173
cap - 2103.PNG,0B8WcbXogHvegdGhJNzNhQTVpcjQ,552066
cap - 2104.PNG,0B8WcbXogHvegX3dva1UtcDl0dUU,546121
cap - 2105.PNG,0B8WcbXogHvegdUkxMFpWR1l0a28,547471
cap - 2106.PNG,0B8WcbXogHvegN3NVSFhiMXoxNHc,571901
cap - 2107.PNG,0B8WcbXogHvegb3ViX0M0OWFWQlU,559943
cap - 2108.PNG,0B8WcbXogHvegazZ2MHk2azJDTTA,572181
cap - 2109.PNG,0B8WcbXogHvega25hUG5TTXp1LTQ,568867
cap - 2110.PNG,0B8WcbXogHvegT05ZaHdLaW9BSU0,524009
cap - 2111.PNG,0B8WcbXogHvegU2FqWDZhVG90RVk,476465
cap - 2112.PNG,0B8WcbXogHvegUHNqY3NxOHkyR0k,499250
cap - 2113.PNG,0B8WcbXogHvegSWt1NU9XX01VSXc,488261
cap - 2114.PNG,0B8WcbXogHvegSFJqcTQ5aXlsT2s,531351
cap - 2115.PNG,0B8WcbXogHvegMVBlX0FPNGFKWm8,472345
cap - 2116.PNG,0B8WcbXogHvegWEZTZXQzNnRZZHM,471236
cap - 2117.PNG,0B8WcbXogHvegRGo5akNSTHdwb2s,562245
cap - 2118.PNG,0B8WcbXogHvegamR3bjhSZmRWYUU,564181
cap - 2119.PNG,0B8WcbXogHvegWEt2cHZWLURkOTQ,591298
cap - 2120.PNG,0B8WcbXogHvegWldQc1hqb0dyWmc,618198
cap - 2121.PNG,0B8WcbXogHvegOEUyMUZLOEN2bFk,626104
cap - 2122.PNG,0B8WcbXogHvegc1hVNVhLV3o4NUk,653907
cap - 2123.PNG,0B8WcbXogHvegRDdHNHBseHgzOHM,671898
cap - 2124.PNG,0B8WcbXogHvegaUN3NWVpc2Q4Q3M,683139
cap - 2125.PNG,0B8WcbXogHvegN3I1MC1seklLTG8,531680
cap - 2126.PNG,0B8WcbXogHvegT0w3Tmd1NzhfaEU,535537
cap - 2127.PNG,0B8WcbXogHvegcUtlbDZsOUdENkE,569952
cap - 2128.PNG,0B8WcbXogHvegVWRfZU41Zk5YQ1E,558322
cap - 2129.PNG,0B8WcbXogHvegM2VneGdxa3ZaVXc,583624
cap - 2130.PNG,0B8WcbXogHvegV0d3Mko4ejQ5TWc,583489
cap - 2131.PNG,0B8WcbXogHvegRzF2LVFBNmNFVDg,550928
cap - 2132.PNG,0B8WcbXogHvegOWhzNFdNQjI1TjQ,561488
cap - 2133.PNG,0B8WcbXogHvegUE5oZWpGTU8xYjg,555088
cap - 2134.PNG,0B8WcbXogHvegb1BVZi15X1FQd1k,532709
cap - 2135.PNG,0B8WcbXogHvegNWxaTjlFSmhBRGc,468614
cap - 2136.PNG,0B8WcbXogHvegMmVqTGx4aTdKRUU,368717
cap - 2137.PNG,0B8WcbXogHvegV2dLbVBoVkdvcjA,377252
cap - 2138.PNG,0B8WcbXogHvegREdTVVFHdDJuU0k,401627
cap - 2139.PNG,0B8WcbXogHvegMWNzWEppN3BMbFk,369516
cap - 2140.PNG,0B8WcbXogHvegVXZrNWdaWUlmbjg,439284
cap - 2141.PNG,0B8WcbXogHvegQVJLU1kxX1h3d2M,413028
cap - 2142.PNG,0B8WcbXogHvegcjY3bkNHMk8wY1U,418323
cap - 2143.PNG,0B8WcbXogHvegXzk5cHFJaUFFbTQ,340923
cap - 2144.PNG,0B8WcbXogHvegcHY5YXQwSlB6M3M,386988
cap - 2145.PNG,0B8WcbXogHvegUW9TejNwbjF2a0E,322419
cap - 2146.PNG,0B8WcbXogHvegTUJJOVBHZ2Fhb2M,187839
cap - 2147.PNG,0B8WcbXogHvegWEFUN041MzI2aFk,216613
cap - 2148.PNG,0B8WcbXogHvegUzZJUzliZGRINEE,308424
cap - 2149.PNG,0B8WcbXogHvegSndsZ01BQ0hqM00,334027
cap - 2150.PNG,0B8WcbXogHvegV2gxQ3hVeWQ0cVE,297090
cap - 2151.PNG,0B8WcbXogHveganJ6Nk9oajdkb1U,272918
cap - 2152.PNG,0B8WcbXogHvegMU5BWXlpaElHVjA,346935
cap - 2153.PNG,0B8WcbXogHvegQmhjSjRvZUt4UkE,407168
cap - 2154.PNG,0B8WcbXogHvegNFhKTWhjVTFwWW8,400791
cap - 2155.PNG,0B8WcbXogHvegbU5vanU0ckFhYWs,385068
cap - 2156.PNG,0B8WcbXogHvegY19JNFJ4c1pkUVU,395084
cap - 2157.PNG,0B8WcbXogHvegRGZKeXVVYnB1cTQ,393861
cap - 2158.PNG,0B8WcbXogHvegYUhmTXZPazAyaU0,448241
cap - 2159.PNG,0B8WcbXogHvegdmt1UjVMSmxXRTQ,433762
cap - 2160.PNG,0B8WcbXogHvegLW1LNXdhcTVNWms,415760
cap - 2161.PNG,0B8WcbXogHvegbF80Ym9hX0ZEZDg,416880
cap - 2162.PNG,0B8WcbXogHvegME9pYjllSVBjdzg,424361
cap - 2163.PNG,0B8WcbXogHvegSVJ2YWEwdzlVOUE,451033
cap - 2164.PNG,0B8WcbXogHvegQVdPcDhIdERPeGM,443755
cap - 2165.PNG,0B8WcbXogHvegZ3FBNy1hNWRlSDA,444733
cap - 2166.PNG,0B8WcbXogHvegeC1mcnpoZVBORnc,460199
cap - 2167.PNG,0B8WcbXogHvegMDdHUEdNSDE2Qkk,409978
cap - 2168.PNG,0B8WcbXogHvegaUdYVVUtcE5sc0k,393634
cap - 2169.PNG,0B8WcbXogHvegalhSUDZTWjZPNEU,453395
cap - 2170.PNG,0B8WcbXogHvegb2VHVkxQNjhCcFk,419315
cap - 2171.PNG,0B8WcbXogHvegdHMzbEs0YXdHcDQ,464869
cap - 2172.PNG,0B8WcbXogHvegdXRnZnJuQmFZaDA,479279
cap - 2173.PNG,0B8WcbXogHvegdXRNM1RsMWxwckE,463225
cap - 2174.PNG,0B8WcbXogHvegTEM5enoxaXRTMm8,498511
cap - 2175.PNG,0B8WcbXogHvegbEQ3MmRDXy11UUU,473822
cap - 2176.PNG,0B8WcbXogHvegejFQVmNFNXN4V1U,469674
cap - 2177.PNG,0B8WcbXogHvegWkxOTVkxd3lZX1U,354999
cap - 2178.PNG,0B8WcbXogHvegU2ExOVBCMkxnRW8,438791
cap - 2179.PNG,0B8WcbXogHvegS1VRTVdXVXBpRDg,432338
cap - 2180.PNG,0B8WcbXogHvegTi1QRkx6ZHJCTXM,424248
cap - 2181.PNG,0B8WcbXogHvegT0pXU0FKbVdtUjA,402746
cap - 2182.PNG,0B8WcbXogHvegUFM0V2RwYzFWWDg,392119
cap - 2183.PNG,0B8WcbXogHvegekJMQ3YxQVNmTmM,388949
cap - 2184.PNG,0B8WcbXogHvegYS1HOUVsUmN2OGM,379868
cap - 2185.PNG,0B8WcbXogHvegR1hvSEZ0d19YZGc,382729
cap - 2186.PNG,0B8WcbXogHvegRFNVbzNxN3VydzQ,395592
cap - 2187.PNG,0B8WcbXogHvegRzBSTTg1YkFCX2M,394468
cap - 2188.PNG,0B8WcbXogHvegVU40MjZ4MlFLeVE,393729
cap - 2189.PNG,0B8WcbXogHvegR0R5SGhUTjZoZ2M,398467
cap - 2190.PNG,0B8WcbXogHvegYlJQTEJha3A4bkk,318149
cap - 2191.PNG,0B8WcbXogHvegYWFBbzNDTTBjMjQ,311507
cap - 2192.PNG,0B8WcbXogHvegZ3REajhqU1E0N1k,400382
cap - 2193.PNG,0B8WcbXogHvegUkUyNEZ0RjdQR0E,371259
cap - 2194.PNG,0B8WcbXogHvegcjNkbWNUNXRocnM,435006
cap - 2195.PNG,0B8WcbXogHvegWmgtX054dElyOTg,519683
cap - 2196.PNG,0B8WcbXogHvegTTdmeUNkYW1DQk0,533447
cap - 2197.PNG,0B8WcbXogHvegT3NBTnJRSXRkNVU,394435
cap - 2198.PNG,0B8WcbXogHvegV1BRTFRwamtTdVk,543278
cap - 2199.PNG,0B8WcbXogHvegblBBdmJGdUxNTkE,560470
cap - 2200.PNG,0B8WcbXogHvegV0hETHVKZjFvem8,513596
cap - 2201.PNG,0B8WcbXogHvegQjE1TnNBNFFTV0E,510841
cap - 2202.PNG,0B8WcbXogHvegTWRDWHhPcFEyeUk,504142
cap - 2203.PNG,0B8WcbXogHvegMVRwUExnaUtjUEk,501238
cap - 2204.PNG,0B8WcbXogHvegVlpWdTFKSlkzV2c,514929
cap - 2205.PNG,0B8WcbXogHvegd0hEMTN4M2hSSXM,433523
cap - 2206.PNG,0B8WcbXogHvegU01yVmVCSzRyVUk,427464
cap - 2207.PNG,0B8WcbXogHvegYmkxd2h5blF4Qm8,486120
cap - 2208.PNG,0B8WcbXogHvegT1J2VTZiVUJEdXc,491783
cap - 2209.PNG,0B8WcbXogHvegaURteXhWRDhCUDg,472688
cap - 2210.PNG,0B8WcbXogHvegNUpMU0V2SC04ZE0,471551
cap - 2211.PNG,0B8WcbXogHvegcDNRalBYWG8wMEE,492249
cap - 2212.PNG,0B8WcbXogHvegSUEwbUw3UEUtcUU,513113
cap - 2213.PNG,0B8WcbXogHvegcEJWWVpiRkZ2TGc,511390
cap - 2214.PNG,0B8WcbXogHvegM0Q1OWd6OUgyaGM,481438
cap - 2215.PNG,0B8WcbXogHvegTk8xRGxkNkszZTA,407473
cap - 2216.PNG,0B8WcbXogHvegbXBCOXZ4dGlpcWs,397592
cap - 2217.PNG,0B8WcbXogHvegbGhQQ3o5RjF5WUU,374558
cap - 2218.PNG,0B8WcbXogHvegWVF6NloxYURNR0k,376524
cap - 2219.PNG,0B8WcbXogHvegaElYVnh5eTB0TlE,417264
cap - 2220.PNG,0B8WcbXogHvegZms3empOeTluZnM,426872
cap - 2221.PNG,0B8WcbXogHvegT0tPVHNqcDlaaFk,444789
cap - 2222.PNG,0B8WcbXogHvegem1aaTZsOXZXYjA,448023
cap - 2223.PNG,0B8WcbXogHvegYUxtWmlIS21ybXM,443705
cap - 2224.PNG,0B8WcbXogHvegRlRWZVVXamp3Smc,412052
cap - 2225.PNG,0B8WcbXogHvegOWJ0OFIwZEEyeFU,359029
cap - 2226.PNG,0B8WcbXogHvegc011SkpiUlJVUW8,331036
cap - 2227.PNG,0B8WcbXogHvegczJmeXFJN283NUE,386650
cap - 2228.PNG,0B8WcbXogHvegNFdXbVJiaVlTM2M,345843
cap - 2229.PNG,0B8WcbXogHvegaUNtOWZVSnN6ams,361556
cap - 2230.PNG,0B8WcbXogHvegLWRyX1Q3bmIzSEk,367648
cap - 2231.PNG,0B8WcbXogHvegQ01LZV9VYnc5dEU,358405
cap - 2232.PNG,0B8WcbXogHvegMTlLck83MnB6UzA,365713
cap - 2233.PNG,0B8WcbXogHvegaHNTYnk2cjA4a3M,288751
cap - 2234.PNG,0B8WcbXogHvegOVlRRmN4Rk1pczA,337365
cap - 2235.PNG,0B8WcbXogHvegRDRwQmJLVmVSWE0,313825
cap - 2236.PNG,0B8WcbXogHvegOU1GVDlXbmRkWUk,343113
cap - 2237.PNG,0B8WcbXogHvegMzViM2owUElZblU,307893
cap - 2238.PNG,0B8WcbXogHvegcEdYZ29nUHBvWk0,391943
cap - 2239.PNG,0B8WcbXogHvegLWZqNmJOcTYwT1E,331043
cap - 2240.PNG,0B8WcbXogHvegSjg1Rnd6akFSZmc,347310
cap - 2241.PNG,0B8WcbXogHvegVXlHVjM0emJrYkk,346176
cap - 2242.PNG,0B8WcbXogHvegYWdHUDZIdGZTSVU,337281
cap - 2243.PNG,0B8WcbXogHvegUFRwWDE3RndPQ0U,448360
cap - 2244.PNG,0B8WcbXogHvegVERuTGVYRjJYLVU,366213
cap - 2245.PNG,0B8WcbXogHvegZS1QMmphMEtROXc,472950
cap - 2246.PNG,0B8WcbXogHvegV01VeTVyUFZ6TFk,465637
cap - 2247.PNG,0B8WcbXogHvegSi1PMkxYZFc2ZU0,472188
cap - 2248.PNG,0B8WcbXogHvegendBWDZLQTRRa1U,498471
cap - 2249.PNG,0B8WcbXogHvegWlFDdUJsdjNCOEU,417185
cap - 2250.PNG,0B8WcbXogHvegTGlWeXc5akRNbmM,445858
cap - 2251.PNG,0B8WcbXogHvegOFNjeFY1M2ZGU2M,457487
cap - 2252.PNG,0B8WcbXogHvegS29fcDRobTFVeGM,465697
cap - 2253.PNG,0B8WcbXogHvegaHVhbG5ITjFJMDQ,484456
cap - 2254.PNG,0B8WcbXogHvegTDN2NkowOG5fS3c,502885
cap - 2255.PNG,0B8WcbXogHvegN3dGS0xmRnRKck0,479008
cap - 2256.PNG,0B8WcbXogHvegLUZqeG1CbWw4ZEU,477639
cap - 2257.PNG,0B8WcbXogHvegekVzSEJYQnNDU1k,500078
cap - 2258.PNG,0B8WcbXogHvegX0Y5aVY5YnlPSjQ,447524
cap - 2259.PNG,0B8WcbXogHvegQVd3eVhVYVF6anc,420109
cap - 2260.PNG,0B8WcbXogHvegaWFMOFRyTkF4bTg,415597
cap - 2261.PNG,0B8WcbXogHvegbTNCUEFfdmxjZUU,426601
cap - 2262.PNG,0B8WcbXogHvegNUtnYTR0QmN5QUU,433919
cap - 2263.PNG,0B8WcbXogHvegV2VSZ3lGNnlyRW8,418280
cap - 2264.PNG,0B8WcbXogHvegOHFaR1R3LVY0Nkk,403895
cap - 2265.PNG,0B8WcbXogHvegOG1IdHpWeExBaGM,412452
cap - 2266.PNG,0B8WcbXogHvegbC1sQ0N5SkExS3c,431581
cap - 2267.PNG,0B8WcbXogHvegVHlJRkpPNXlCaEU,395769
cap - 2268.PNG,0B8WcbXogHvegakJ5MDlvZ3dUdVU,415148
cap - 2269.PNG,0B8WcbXogHvegekJVQmVLcXNyTkE,405659
cap - 2270.PNG,0B8WcbXogHvegOGg3ajRuLU1aZmc,380408
cap - 2271.PNG,0B8WcbXogHvegdHBDZHVzMHAtX0k,388933
cap - 2272.PNG,0B8WcbXogHvegMDF5QlVWb0J2bnc,330809
cap - 2273.PNG,0B8WcbXogHvegQ3l6ekZsY29aUUU,334198
cap - 2274.PNG,0B8WcbXogHvegbXVwN3JUV19YZlU,311267
cap - 2275.PNG,0B8WcbXogHvegdXo5d3ZVY1ZOTlU,339210
cap - 2276.PNG,0B8WcbXogHvegWXZmT2lYanZCZ1E,327546
cap - 2277.PNG,0B8WcbXogHvegUlEtd2N0LUFDX2s,351553
cap - 2278.PNG,0B8WcbXogHvegZU5DWDctdkp5UFk,326878
cap - 2279.PNG,0B8WcbXogHvegRmtpWE4yd1QxR1k,308103
cap - 2280.PNG,0B8WcbXogHvegbVR3SEJhTnpremc,329901
cap - 2281.PNG,0B8WcbXogHvegM1Y4MXFHUHpEejA,318454
cap - 2282.PNG,0B8WcbXogHvegbGJSMnlzeXJ5Mk0,333318
cap - 2283.PNG,0B8WcbXogHvegenZSTUJGRWxFQVU,318546
cap - 2284.PNG,0B8WcbXogHvegTjd3SGQxRmlxNmM,344640
cap - 2285.PNG,0B8WcbXogHvegcFRWTFBFdy1CbzQ,342451
cap - 2286.PNG,0B8WcbXogHvegb1I4X292WTZNdm8,308904
cap - 2287.PNG,0B8WcbXogHvegdUdBVHphd21Kdlk,318057
cap - 2288.PNG,0B8WcbXogHvegV3RldExwbXM4dkk,456586
cap - 2289.PNG,0B8WcbXogHvegblctWF9aZkJlaWc,445402
cap - 2290.PNG,0B8WcbXogHvegNUdFa2ZMYndOT2M,431196
cap - 2291.PNG,0B8WcbXogHvegYzM0LUt5QmJiaUE,428032
cap - 2292.PNG,0B8WcbXogHvegM0MyaGZDU20ydHM,402213
cap - 2293.PNG,0B8WcbXogHvegbF9aQlRnX0dMY0U,412981
cap - 2294.PNG,0B8WcbXogHvegZVFBUmFvdE1iMVU,385706
cap - 2295.PNG,0B8WcbXogHvegNDBESXg5cENrUWM,384806
cap - 2296.PNG,0B8WcbXogHvegN1dVME1KZkJRYWM,454365
cap - 2297.PNG,0B8WcbXogHvegbmFiMTNzZ2V0QlE,419824
cap - 2298.PNG,0B8WcbXogHvegaEpJRF9HSFJMeTQ,410129
cap - 2299.PNG,0B8WcbXogHvegUHJndzZBaVdYQ00,422556
cap - 2300.PNG,0B8WcbXogHvegQnoyVHNjXzdSa1k,423957
cap - 2301.PNG,0B8WcbXogHvegdkZxd2ZIYml5TVk,439294
cap - 2302.PNG,0B8WcbXogHvegMFE2TDJsMjJmRlU,422109
cap - 2303.PNG,0B8WcbXogHvegbTFhbFdxN1QyRWc,443807
cap - 2304.PNG,0B8WcbXogHvegeTB0Und6NDdSNjQ,502767
cap - 2305.PNG,0B8WcbXogHvegR2lXbmY4NloxYTg,490088
cap - 2306.PNG,0B8WcbXogHvegazlpTFFzNUtXdFU,458932
cap - 2307.PNG,0B8WcbXogHvegWFZvZngyYi00ZVE,512423
cap - 2308.PNG,0B8WcbXogHvegSGhNVkhSSUF3QjQ,554292
cap - 2309.PNG,0B8WcbXogHvegNnFjVUVvMmtrUTQ,592579
cap - 2310.PNG,0B8WcbXogHvegZlBqUXYyOGc1c1k,582201
cap - 2311.PNG,0B8WcbXogHvegTW9tNk5mcEhKQXM,631073
cap - 2312.PNG,0B8WcbXogHvegdTE1MDdSNW0zdTQ,638093
cap - 2313.PNG,0B8WcbXogHvegNXh5QVBCc1ZuM0k,637026
cap - 2314.PNG,0B8WcbXogHvegTnM2SHpsTTYzUDA,648685
cap - 2315.PNG,0B8WcbXogHvegc3I0aURFT09OY00,636265
cap - 2316.PNG,0B8WcbXogHvegNHFSTm9PYnZiTk0,619341
cap - 2317.PNG,0B8WcbXogHvegd2QyRWx4Mk9OYjQ,615575
cap - 2318.PNG,0B8WcbXogHvegSkY5Wm9FejlidGc,568460
cap - 2319.PNG,0B8WcbXogHvegYjFfUFhuTThhSG8,565274
cap - 2320.PNG,0B8WcbXogHvegSUtoVnowUGpINzA,610010
cap - 2321.PNG,0B8WcbXogHvegSTlJTFhUSWhieG8,645163
cap - 2322.PNG,0B8WcbXogHvegSnVTOXpxX3JsMUE,541611
cap - 2323.PNG,0B8WcbXogHvegeEFhQ0w3eDdPSGM,611874
cap - 2324.PNG,0B8WcbXogHvegc3VibjRsODZMU2c,532829
cap - 2325.PNG,0B8WcbXogHvegcHE2dWwzdy12UnM,770775
cap - 2326.PNG,0B8WcbXogHvegNEl4c1lhRHMtR2s,707050
cap - 2327.PNG,0B8WcbXogHvegNUxjd3dDc0FqTTg,683315
cap - 2328.PNG,0B8WcbXogHvegUFVEMUVfRDU3TEE,755362
cap - 2329.PNG,0B8WcbXogHvegamxZRWZsQVIwSGc,795753
cap - 2330.PNG,0B8WcbXogHvegTTN4NXhiQVF4Nzg,793863
cap - 2331.PNG,0B8WcbXogHvegc3NTeVhkdEE3SEE,798752
cap - 2332.PNG,0B8WcbXogHvegWi1COGpsTUVQZ1U,830730
cap - 2333.PNG,0B8WcbXogHvegU0xNU1JGNDNuNkE,838891
cap - 2334.PNG,0B8WcbXogHvegTDFTdWthVTYyNzQ,853121
cap - 2335.PNG,0B8WcbXogHvegdXNKTjJpdU5lSGs,847115
cap - 2336.PNG,0B8WcbXogHvegRWYzcEN0dk9qbk0,857951
cap - 2337.PNG,0B8WcbXogHvegU3NjNzdhTmlvcm8,842900
cap - 2338.PNG,0B8WcbXogHvegX19pQkNWYzVlZzg,859942
cap - 2339.PNG,0B8WcbXogHvegVUYtR1J3cVVLc1E,837207
cap - 2340.PNG,0B8WcbXogHvegUUtyOXRwUHBtYVU,821175
cap - 2341.PNG,0B8WcbXogHvegR29HZWY4VWhHejA,832995
cap - 2342.PNG,0B8WcbXogHvegS2RwQ1JCVjFYMUU,828395
cap - 2343.PNG,0B8WcbXogHvegV2pHcXVKLXpDQkU,832055
cap - 2344.PNG,0B8WcbXogHvegWmRHeEEtNUFfUHc,839881
cap - 2345.PNG,0B8WcbXogHvegcGF0eTZmcG84TUE,801593
cap - 2346.PNG,0B8WcbXogHvegajRNSHlOS1Q0ZDQ,809196
cap - 2347.PNG,0B8WcbXogHvegajRRRG9BNGZ3QUU,803222
cap - 2348.PNG,0B8WcbXogHvegVF85bVVBZ1hrNnM,761219
cap - 2349.PNG,0B8WcbXogHvegRGFsWmFKUmtIN0k,622934
cap - 2350.PNG,0B8WcbXogHvegYnVUenk2X3BzSGM,672024
cap - 2351.PNG,0B8WcbXogHvegOVNPTEhmN1ZvUnc,698302
cap - 2352.PNG,0B8WcbXogHvegcUtIT2tySUsxN0k,689902
cap - 2353.PNG,0B8WcbXogHvegaFIxcGVsajBVYzA,664331
cap - 2354.PNG,0B8WcbXogHvegYUhWeDc4RDVjaDg,679466
cap - 2355.PNG,0B8WcbXogHvegRnJRREJ3bFFrRG8,690694
cap - 2356.PNG,0B8WcbXogHvegUVl4Z0U4Vjd6b1U,712400
cap - 2357.PNG,0B8WcbXogHvegRTl1MzBLLWpfanc,738032
cap - 2358.PNG,0B8WcbXogHvegNHMwRV9JM2JGVWc,730091
cap - 2359.PNG,0B8WcbXogHvegV09FZlJETXpQWGs,701297
cap - 2360.PNG,0B8WcbXogHvegYnM5bTdjaUt4ejQ,765952
cap - 2361.PNG,0B8WcbXogHvegekZVMkJuckZCalk,825303
cap - 2362.PNG,0B8WcbXogHvegUU9TXzQ3VWN3SW8,827280
cap - 2363.PNG,0B8WcbXogHvegRDZxNUNWOHZ2X2s,834759
cap - 2364.PNG,0B8WcbXogHvegSFdxeWFZUWRXM2c,850256
cap - 2365.PNG,0B8WcbXogHvegSEhNNFdjU3dkb28,868231
cap - 2366.PNG,0B8WcbXogHvegYnZwSEgwNEd6cTg,866704
cap - 2367.PNG,0B8WcbXogHvegblcxVjIwUm9tcWs,453433
cap - 2368.PNG,0B8WcbXogHvegbmNNYlRCemFZNzg,472305
cap - 2369.PNG,0B8WcbXogHvegQTRFWUE2c1l2ZFE,445075
cap - 2370.PNG,0B8WcbXogHvegVWF0VVJBcTRiQ1U,604327
cap - 2371.PNG,0B8WcbXogHvegYUdBTEEyeENkYkk,649447
cap - 2372.PNG,0B8WcbXogHvegZXgyc2RuSEFkZ2M,662248
cap - 2373.PNG,0B8WcbXogHvegSVBxY0s2SGZVX0k,660627
cap - 2374.PNG,0B8WcbXogHvegMHRzZmRNTm9CakU,711660
cap - 2375.PNG,0B8WcbXogHvegWHktbEQ2VS1JMFU,704526
cap - 2376.PNG,0B8WcbXogHvegb3AyaWlUTW1Ca2c,716097
cap - 2377.PNG,0B8WcbXogHvegWE9udE95RWl0aVU,705458
cap - 2378.PNG,0B8WcbXogHvegblNOOVg4R0ZmOTA,697988
cap - 2379.PNG,0B8WcbXogHvegeFBiTURmc0UzV3c,713132
cap - 2380.PNG,0B8WcbXogHvegV1J6SU5hV0lraFk,685230
cap - 2381.PNG,0B8WcbXogHvegMlpleVVSa0ZhakE,812333
cap - 2382.PNG,0B8WcbXogHvegWVRsbUctZ3JpQ1U,803979
cap - 2383.PNG,0B8WcbXogHvegdm93WXNtTkwwTmc,803936
cap - 2384.PNG,0B8WcbXogHvegUUtFQkhnVmlFblU,805338
cap - 2385.PNG,0B8WcbXogHvegTV9sSWFPOEZLS2M,802398
cap - 2386.PNG,0B8WcbXogHvegNjZnSkZnTWpRbGs,799405
cap - 2387.PNG,0B8WcbXogHvegN091S2JrbGtpc3c,793373
cap - 2388.PNG,0B8WcbXogHvegRFZXVnpSQ2o4UmM,786562
cap - 2389.PNG,0B8WcbXogHvegRGxjQTVtV0NPTG8,820490
cap - 2390.PNG,0B8WcbXogHvegUmsyMEpYYVVnZWc,836753
cap - 2391.PNG,0B8WcbXogHvegeXN4d0RQTDViODA,834024
cap - 2392.PNG,0B8WcbXogHvegNHlobjd2TEZNQTQ,800909
cap - 2393.PNG,0B8WcbXogHvegUzNLY1hFZkFZakU,780422
cap - 2394.PNG,0B8WcbXogHvegOVNjUW55VzZ5Z28,776800
cap - 2395.PNG,0B8WcbXogHvegSk5yLV9oaTMxZ0U,771949
cap - 2396.PNG,0B8WcbXogHvegckRHaGJKbW4wMWM,760395
cap - 2397.PNG,0B8WcbXogHvegV25RMnpuVXhacFU,840530
cap - 2398.PNG,0B8WcbXogHvegMXZGeWEtNk5ZSEU,852721
cap - 2399.PNG,0B8WcbXogHvegUzZRem5JS1BpbUE,843538
cap - 2400.PNG,0B8WcbXogHvegVklRVkJJMElXTzA,842986
cap - 2401.PNG,0B8WcbXogHvegX1hnajBBaGlxZkE,848847
cap - 2402.PNG,0B8WcbXogHvegcGJCZzB2SmNBVEk,819871
cap - 2403.PNG,0B8WcbXogHvegNU5lbFJlMDd2N0k,778667
cap - 2404.PNG,0B8WcbXogHvegSVpMZ3hpVUVMenM,771703
cap - 2405.PNG,0B8WcbXogHvegcy1ncV9wTUZFUm8,773431
cap - 2406.PNG,0B8WcbXogHvegczlCUFpjb1NUS0k,800772
cap - 2407.PNG,0B8WcbXogHvegT1NvWmlCVDhPcHc,856488
cap - 2408.PNG,0B8WcbXogHvegdDdWMllHOEk5S00,744447
cap - 2409.PNG,0B8WcbXogHvegZ2hWSTYwNnJKZ2s,758529
cap - 2410.PNG,0B8WcbXogHvegaUlDV3ZCZDB5NTQ,791469
cap - 2411.PNG,0B8WcbXogHvegazNOUGZSbGRRdk0,816871
cap - 2412.PNG,0B8WcbXogHvegeHd5NDJOcC12UUE,816230
cap - 2413.PNG,0B8WcbXogHvegX05fWHJkTTI1N0E,803000
cap - 2414.PNG,0B8WcbXogHvegaGJ5MHM4VFJ2eXc,816491
cap - 2415.PNG,0B8WcbXogHvegd0RueVlld0VLUkk,799331
cap - 2416.PNG,0B8WcbXogHvegTXdEZlRJSmdMWjg,797653
cap - 2417.PNG,0B8WcbXogHvegMEhyclRJT0Nnc2c,821510
cap - 2418.PNG,0B8WcbXogHvegNFgxRmJaZTgzY2s,819809
cap - 2419.PNG,0B8WcbXogHvegd2pqUEE1eTh0azg,811921
cap - 2420.PNG,0B8WcbXogHvegRUtzNm1WNkxsSDA,780876
cap - 2421.PNG,0B8WcbXogHvegdk1rMHBnQmRleFE,783467
cap - 2422.PNG,0B8WcbXogHvegbmxQdnk2eTNreHM,745680
cap - 2423.PNG,0B8WcbXogHvegOTJfMDVGY1dmcms,716464
cap - 2424.PNG,0B8WcbXogHvegVjByVkJVVU9qNnc,776935
cap - 2425.PNG,0B8WcbXogHvegSEN3dzM1SkVCRlU,756752
cap - 2426.PNG,0B8WcbXogHvegVktJQ1ZzYTZpcFk,743870
cap - 2427.PNG,0B8WcbXogHvegcGVwU0xpSjVPbDQ,758775
cap - 2428.PNG,0B8WcbXogHvegeUkzR0xPMXh6SGc,749433
cap - 2429.PNG,0B8WcbXogHvegdUd3RzF0WVBORDg,770190
cap - 2430.PNG,0B8WcbXogHvegbDF4aG1DVFB1SlU,764315
cap - 2431.PNG,0B8WcbXogHvegYno4RWoyY1VHdEk,749855
cap - 2432.PNG,0B8WcbXogHvegVHMySC1QU0lzUWM,769479
cap - 2433.PNG,0B8WcbXogHvegYnIyS1BJUU10eDA,775286
cap - 2434.PNG,0B8WcbXogHvegWU52S3ZOVTJoNkk,790515
cap - 2435.PNG,0B8WcbXogHvegUnUwaGpKd0VCXzA,804173
cap - 2436.PNG,0B8WcbXogHvegVS1LSXpDS18wNWM,792834
cap - 2437.PNG,0B8WcbXogHvegSkpxZmxTX3BJc1E,790548
cap - 2438.PNG,0B8WcbXogHvegZzdZb0JEelRjWkU,797135
cap - 2439.PNG,0B8WcbXogHvegeVJMN1ljVEJ2Sms,788255
cap - 2440.PNG,0B8WcbXogHvegUVhmd1lQVmxtNFU,771947
cap - 2441.PNG,0B8WcbXogHvegV1pobXBfSnRiUHM,776786
cap - 2442.PNG,0B8WcbXogHvegZDltYkIyTjlPMFU,780044
cap - 2443.PNG,0B8WcbXogHvegUmowUjI0QnRwdUU,727097
cap - 2444.PNG,0B8WcbXogHvegX3lGQ210ZVpLd1E,714101
cap - 2445.PNG,0B8WcbXogHvegZzNiSGRQWkw3MEU,710505
cap - 2446.PNG,0B8WcbXogHvegWVNEa2gxQmM0MUE,829502
cap - 2447.PNG,0B8WcbXogHvegME94LXpDMUJKRlU,829005
cap - 2448.PNG,0B8WcbXogHvegLWc3TTFNSlFlbms,740474
cap - 2449.PNG,0B8WcbXogHvegRFVTNDdfTnJrazA,737245
cap - 2450.PNG,0B8WcbXogHvegTnVsZ1UzWFlqTHc,766015
cap - 2451.PNG,0B8WcbXogHvegZWxFU2lxcFpnUHc,772132
cap - 2452.PNG,0B8WcbXogHvegZXJJQUhrNFJaa1E,773336
cap - 2453.PNG,0B8WcbXogHvegNlFqTE0zNVVDMmM,761921
cap - 2454.PNG,0B8WcbXogHvegV1F6djQzbVgzNlU,729311
cap - 2455.PNG,0B8WcbXogHvegMkdSYmllemdpcE0,747964
cap - 2456.PNG,0B8WcbXogHvegbVltUEpmSHpJeGc,794103
cap - 2457.PNG,0B8WcbXogHvegTTNHRUlBR1p3MVU,805698
cap - 2458.PNG,0B8WcbXogHvegclZxX0xuZVdEbEU,807972
cap - 2459.PNG,0B8WcbXogHvegQjB4T0J5NEQ1R28,836208
cap - 2460.PNG,0B8WcbXogHvegZVYxM2VyblNEN0E,841670
cap - 2461.PNG,0B8WcbXogHvegWjdxT3lfOFhwNU0,788995
cap - 2462.PNG,0B8WcbXogHvegNjV2TS01eHNQcGs,783595
cap - 2463.PNG,0B8WcbXogHvegOUtIc3plMWx5bkU,838821
cap - 2464.PNG,0B8WcbXogHvegOFM3Z3hMWnNaSTA,851874
cap - 2465.PNG,0B8WcbXogHvegZ3kxZXU0bTNiajA,857478
cap - 2466.PNG,0B8WcbXogHvegcGZQQzBUOTNfbTQ,855866
cap - 2467.PNG,0B8WcbXogHvegMHBraHprNjB1UzQ,802103
cap - 2468.PNG,0B8WcbXogHvegaDlHWmZsRXcyN1U,850048
cap - 2469.PNG,0B8WcbXogHvegZWxLek1NOHJ4Qnc,823777
cap - 2470.PNG,0B8WcbXogHvegampoRjNYZm5nMTQ,814202
cap - 2471.PNG,0B8WcbXogHvegalA3TXpQM1d6dzA,825339
cap - 2472.PNG,0B8WcbXogHvegTFJ1MjdENXltMFE,857069
cap - 2473.PNG,0B8WcbXogHvegUG5CVVNfeHM2aGs,757489
cap - 2474.PNG,0B8WcbXogHvegWjNQRHBMNWRCdWc,767166
cap - 2475.PNG,0B8WcbXogHvegWC1mRXVQaW14RTg,783309
cap - 2476.PNG,0B8WcbXogHvegQzBDdkV3VGxXcHc,814558
cap - 2477.PNG,0B8WcbXogHvegQk5kd1dLOHd5ak0,831365
cap - 2478.PNG,0B8WcbXogHvegODh4VFlHVUZ1Njg,700468
cap - 2479.PNG,0B8WcbXogHvegbFVZMmJBeHZOa0U,683265
cap - 2480.PNG,0B8WcbXogHvega0NLa0VzQ3J3Qm8,712889
cap - 2481.PNG,0B8WcbXogHvegTi1YV0tZMW5wMGc,732703
cap - 2482.PNG,0B8WcbXogHvegSTFjUFpSV1ZvWGs,754385
cap - 2483.PNG,0B8WcbXogHvegdEptak5nOUhWcmM,760953
cap - 2484.PNG,0B8WcbXogHvegSE9FV09ya3dNN0E,881854
cap - 2485.PNG,0B8WcbXogHvegaHUwcWVLZlJSQ1E,809428
cap - 2486.PNG,0B8WcbXogHvegU1ExdDh2NXRxalU,884258
cap - 2487.PNG,0B8WcbXogHvegdnlHUVhLRHcxeUk,849656
cap - 2488.PNG,0B8WcbXogHvegOWRGT2hhRmNWX1E,854620
cap - 2489.PNG,0B8WcbXogHvegdjR0SlJQbU5MM1U,858252
cap - 2490.PNG,0B8WcbXogHvegUG5SM2JFcmZBVk0,834936
cap - 2491.PNG,0B8WcbXogHvegcUlVYmxvMWFGOE0,879323
cap - 2492.PNG,0B8WcbXogHvegWmMtR1hXTnplLUU,800515
cap - 2493.PNG,0B8WcbXogHvegRzNQRnB6SFk1SVk,793500
cap - 2494.PNG,0B8WcbXogHvegUVBtbEdtcEYydFE,784512
cap - 2495.PNG,0B8WcbXogHvegM0pPd0JkM095eVE,773456
cap - 2496.PNG,0B8WcbXogHvegd190aUYzQl9KdjQ,767692
cap - 2497.PNG,0B8WcbXogHvegRjlZQmhrVTh5RGs,761401
cap - 2498.PNG,0B8WcbXogHvegNFJKYkZ6NjVIZWM,720658
cap - 2499.PNG,0B8WcbXogHvegbmxOZktSYXNCSDg,718987
cap - 2500.PNG,0B8WcbXogHvegZkljQVpIUjhSTFU,769593
cap - 2501.PNG,0B8WcbXogHvegQWlIVDZKWG9rR28,684237
cap - 2502.PNG,0B8WcbXogHvegMUt2S1ktaG1jQjg,650132
cap - 2503.PNG,0B8WcbXogHvegSzFGMGM4ZmNRc3M,643504
cap - 2504.PNG,0B8WcbXogHvegWjJBME1TQU1XNUE,628737
cap - 2505.PNG,0B8WcbXogHvegcURZTlJ6dDVhcjA,618523
cap - 2506.PNG,0B8WcbXogHvegYzAwallwSzdNWVk,587787
cap - 2507.PNG,0B8WcbXogHvegSzhGLUVoQWk1TFU,602313
cap - 2508.PNG,0B8WcbXogHvegUjdmUzVvS2JVdUE,586810
cap - 2509.PNG,0B8WcbXogHvegSDBNN2JvNVI5bUk,590195
cap - 2510.PNG,0B8WcbXogHvegMk5aNkpnYV9tbzQ,590314
cap - 2511.PNG,0B8WcbXogHvegUXVVQ014WU1WX28,558289
cap - 2512.PNG,0B8WcbXogHvegaXlsaXRLMnNydWc,588405
cap - 2513.PNG,0B8WcbXogHvegMGgwa192a3hYajA,585729
cap - 2514.PNG,0B8WcbXogHvegQlBjLWpQZVRzeEU,580040
cap - 2515.PNG,0B8WcbXogHvegZ2hHQW5zbkp3Tzg,595143
cap - 2516.PNG,0B8WcbXogHvegZF9uRnY3NElEZVk,597660
cap - 2517.PNG,0B8WcbXogHvegVlRmTlpLMklyYmM,580154
cap - 2518.PNG,0B8WcbXogHvegd0FkN29KbUdPdXM,602347
cap - 2519.PNG,0B8WcbXogHvegSU82MktGV1k1R2M,609913
cap - 2520.PNG,0B8WcbXogHvegQmY4Rm9GbkNzWFk,606204
cap - 2521.PNG,0B8WcbXogHvegcWFDeGQ3MWdrUUE,603681
cap - 2522.PNG,0B8WcbXogHveganFaWGxOcFdmVzg,581420
cap - 2523.PNG,0B8WcbXogHvegTXF1ZERjeUFKaEU,576185
cap - 2524.PNG,0B8WcbXogHvegVXdlVU1jaUh5M2M,619569
cap - 2525.PNG,0B8WcbXogHvegSjZ5bzVoRER2TFE,619807
cap - 2526.PNG,0B8WcbXogHvegZDdFMXA4WXFGdWs,598303
cap - 2527.PNG,0B8WcbXogHvegMnJSTXpOY1R2clk,563793
cap - 2528.PNG,0B8WcbXogHvegMU9WMnBaN3ZoN0U,594402
cap - 2529.PNG,0B8WcbXogHvegcjM5cnhQSTBIa2M,583046
cap - 2530.PNG,0B8WcbXogHvegbE9qbThzOXhMTms,619139
cap - 2531.PNG,0B8WcbXogHvegSnpXbS1lV21PbHc,607355
cap - 2532.PNG,0B8WcbXogHvegeDFScjAzY1lkaDg,693614
cap - 2533.PNG,0B8WcbXogHvegWVE1ZFhuOEJIMGM,654933
cap - 2534.PNG,0B8WcbXogHvegSlh1Tjh6U2liakU,638657
cap - 2535.PNG,0B8WcbXogHvegXzV3TjQ2aW82TFk,622532
cap - 2536.PNG,0B8WcbXogHvegSjJuSHdsV2Y3STA,600204
cap - 2537.PNG,0B8WcbXogHvega3NqRmthT2trcFk,617753
cap - 2538.PNG,0B8WcbXogHvegcmJ5TW5IV0kwZHc,703189
cap - 2539.PNG,0B8WcbXogHvegdmhVSTdXYm45Q2c,732385
cap - 2540.PNG,0B8WcbXogHvegZFJwSmpBdm9nVGs,688074
cap - 2541.PNG,0B8WcbXogHvegVG5RRnNWQnJkb2c,683161
cap - 2542.PNG,0B8WcbXogHvega1AxM3NvUzB2SlE,655987
cap - 2543.PNG,0B8WcbXogHvegQWRFWlZqRHM0Nkk,675500
cap - 2544.PNG,0B8WcbXogHvegbktjMTQwaFRoT0k,646030
cap - 2545.PNG,0B8WcbXogHvegZ3VwWm9Jc3NwNjg,616022
cap - 2546.PNG,0B8WcbXogHvegbjE5cUtHMnU5dG8,635169
cap - 2547.PNG,0B8WcbXogHvegSXYwYTBNRDhWTkE,694159
cap - 2548.PNG,0B8WcbXogHvegQXBSaUdWaEVaNkE,717988
cap - 2549.PNG,0B8WcbXogHvegd21hYlhVTWl6czg,812289
cap - 2550.PNG,0B8WcbXogHvegMmt2TmhWSy1Wdnc,791929
cap - 2551.PNG,0B8WcbXogHvegTDZPUlRPTHUzMG8,748997
cap - 2552.PNG,0B8WcbXogHvegb203bVFYd01JeWs,766378
cap - 2553.PNG,0B8WcbXogHvegU0NrRXpFYjlKY3c,775651
cap - 2554.PNG,0B8WcbXogHvegSHRoWUZuemJlLVk,810600
cap - 2555.PNG,0B8WcbXogHvegcWl5b29wOHBGb3c,804786
cap - 2556.PNG,0B8WcbXogHvegTjUyV1gwN255SG8,809173
cap - 2557.PNG,0B8WcbXogHvegYmRrZExlLUlYVjQ,795764
cap - 2558.PNG,0B8WcbXogHvegZjctX3ZjSndhajQ,768080
cap - 2559.PNG,0B8WcbXogHvegREJoenhNNUxoNWc,761138
cap - 2560.PNG,0B8WcbXogHvegTHpkSTg5blRxWmc,751928
cap - 2561.PNG,0B8WcbXogHvegMWFGc3hhblRLcTg,752313
cap - 2562.PNG,0B8WcbXogHvegeEdTZ0YwZnlPcEk,743571
cap - 2563.PNG,0B8WcbXogHvegZVlNUkVOOXA5VG8,752017
cap - 2564.PNG,0B8WcbXogHvegbjkyVVAyTEM1Vms,743732
cap - 2565.PNG,0B8WcbXogHvegTFFaeE95Z1U1ckU,692549
cap - 2566.PNG,0B8WcbXogHvegVkFpdnB5NE1qVlE,785925
cap - 2567.PNG,0B8WcbXogHvegZ1JoQnM5elRWV3c,769067
cap - 2568.PNG,0B8WcbXogHvegZTY4bURaZ2dsdG8,743400
cap - 2569.PNG,0B8WcbXogHvegUlZEampmazBQMlk,770780
cap - 2570.PNG,0B8WcbXogHvegbEdnN0FrdFIyNkE,804897
cap - 2571.PNG,0B8WcbXogHvegQWs1M2xpbG5mVU0,775885
cap - 2572.PNG,0B8WcbXogHvegTURwaEhmbFRUS1U,786180
cap - 2573.PNG,0B8WcbXogHvegdnNTSEFYdFVDRU0,772592
cap - 2574.PNG,0B8WcbXogHvegeWhxZWRKWmlXZDg,887869
cap - 2575.PNG,0B8WcbXogHvegOVFqOGxlMjNyS1k,899952
cap - 2576.PNG,0B8WcbXogHvegMEQxNGFSR01HYU0,852464
cap - 2577.PNG,0B8WcbXogHvegMWVFX0czME1WZWc,850321
cap - 2578.PNG,0B8WcbXogHvegVlQtUTloMHdUdm8,715923
cap - 2579.PNG,0B8WcbXogHvegZk5oVG02YV9WWVU,732817
cap - 2580.PNG,0B8WcbXogHvegYXYtOTJCSlRZN00,732933
cap - 2581.PNG,0B8WcbXogHvega2MxTHZYTW9yR1E,736734
cap - 2582.PNG,0B8WcbXogHvegQWEzeDBJMFF0cmc,701835
cap - 2583.PNG,0B8WcbXogHvegd3lyNWlRM2NZM1k,715372
cap - 2584.PNG,0B8WcbXogHvegd1o3U0plUXNtd00,522878
cap - 2585.PNG,0B8WcbXogHvegdzU0RWZxdUlsME0,586621
cap - 2586.PNG,0B8WcbXogHvegRkJfcjRGeENiUFE,592857
cap - 2587.PNG,0B8WcbXogHvegU1pmVVA0clpsd28,681178
cap - 2588.PNG,0B8WcbXogHvegSUVyZXA0T0k3eGc,719843
cap - 2589.PNG,0B8WcbXogHvegV3Z3WlZFQ2k0Zjg,751672
cap - 2590.PNG,0B8WcbXogHvegZ3VXZU5iV202WU0,772446
cap - 2591.PNG,0B8WcbXogHvegdnJ3SVBzVm5yTlE,780425
cap - 2592.PNG,0B8WcbXogHvegSGtCSGZtcThTZVk,796186
cap - 2593.PNG,0B8WcbXogHvegZEFfSWlIMEt0VlE,775306
cap - 2594.PNG,0B8WcbXogHvegUHhTNW1YRVhmRFE,789980
cap - 2595.PNG,0B8WcbXogHvegaFYxZUpvOG5CSXc,787041
cap - 2596.PNG,0B8WcbXogHvegUXNJZUkxSmZ4OXM,789447
cap - 2597.PNG,0B8WcbXogHvegRmxNbXJpVU1neHc,800060
cap - 2598.PNG,0B8WcbXogHvegVG4yUHM5WnFyMkU,785445
cap - 2599.PNG,0B8WcbXogHvegbWFrQzFpaFNGVjQ,768795
cap - 2600.PNG,0B8WcbXogHvegdVYzNFZBY1FDaW8,754371
cap - 2601.PNG,0B8WcbXogHvegUjdwMnA0MEVrZnc,752221
cap - 2602.PNG,0B8WcbXogHvegTUkxa0FrNlZvTlE,745007
cap - 2603.PNG,0B8WcbXogHvegczRtNDhkWWx3RkE,761559
cap - 2604.PNG,0B8WcbXogHvegV3ZtSm0xNFl6V0k,763611
cap - 2605.PNG,0B8WcbXogHvegaGJQdHQ4b1pwVGc,747252
cap - 2606.PNG,0B8WcbXogHvegbGRaQlZwSndsS1E,766500
cap - 2607.PNG,0B8WcbXogHvegOFlTUWpFdUNlVUE,767451
cap - 2608.PNG,0B8WcbXogHvegUVM5TnZ2bTdSYTA,742040
cap - 2609.PNG,0B8WcbXogHvegTkUwenl0cFRfMGc,646768
cap - 2610.PNG,0B8WcbXogHvegZDl3YndLTkM4T0E,641700
cap - 2611.PNG,0B8WcbXogHvegQUFvV1dLc3hUX2c,738127
cap - 2612.PNG,0B8WcbXogHvegN0FXSndJYTRfd2s,737011
cap - 2613.PNG,0B8WcbXogHvegRENKa0lhdVlYdGs,723925
cap - 2614.PNG,0B8WcbXogHvegTUxDQ2U1bUdVVTg,716636
cap - 2615.PNG,0B8WcbXogHvegUE5MeFhsRGNodFU,632742
cap - 2616.PNG,0B8WcbXogHvegTFZJblZuamxaSlk,676145
cap - 2617.PNG,0B8WcbXogHvegVWVKb3BzeDlSdWM,766718
cap - 2618.PNG,0B8WcbXogHvegTi1wTERVVHJjU3c,766256
cap - 2619.PNG,0B8WcbXogHvegWEx5NG9DV1pROUE,762478
cap - 2620.PNG,0B8WcbXogHvegMUgwTEZ1dWJWX28,757361
cap - 2621.PNG,0B8WcbXogHvegVzY3dzJLdkFweFk,757880
cap - 2622.PNG,0B8WcbXogHvegQ195VHZ4cmtQLVU,746984
cap - 2623.PNG,0B8WcbXogHvegbkJOSjducUFPOUk,750334
cap - 2624.PNG,0B8WcbXogHvegTU9MeExQazV6Y2s,744391
cap - 2625.PNG,0B8WcbXogHvegcHI1Vjhzd21pVFk,743344
cap - 2626.PNG,0B8WcbXogHvegYW9JYXE1M2EzOU0,747435
cap - 2627.PNG,0B8WcbXogHvegeTQ1MnpmX1loam8,669941
cap - 2628.PNG,0B8WcbXogHvegdlBOZ0lJTFNDQUU,716352
cap - 2629.PNG,0B8WcbXogHvegNXNVVzRNZGR2YVk,675500
cap - 2630.PNG,0B8WcbXogHvegd3NVaDVWMGNaVGc,813414
cap - 2631.PNG,0B8WcbXogHvegMGVqVzczVVd4a2s,800627
cap - 2632.PNG,0B8WcbXogHvegUVBiV2FNQTllcEU,769994
cap - 2633.PNG,0B8WcbXogHvegbnZsSDdyTGY4Mlk,757001
cap - 2634.PNG,0B8WcbXogHvegYjMwSm82TlFNdFk,757972
cap - 2635.PNG,0B8WcbXogHvegWUJnRmZJOXp3UFk,746485
cap - 2636.PNG,0B8WcbXogHvegWTJoSUtwSVQxM0U,743957
cap - 2637.PNG,0B8WcbXogHvegejEwN1JWdFByOW8,726722
cap - 2638.PNG,0B8WcbXogHvegLXM0WGN4SlUycHM,714849
cap - 2639.PNG,0B8WcbXogHvegSTN4a0ZtT3l4aFE,747798
cap - 2640.PNG,0B8WcbXogHvegbXI5OXp5N0pFS1k,742113
cap - 2641.PNG,0B8WcbXogHvegN0JRM0h5MWR0NDQ,724968
cap - 2642.PNG,0B8WcbXogHvegWDhKelJYalM2X3c,714205
cap - 2643.PNG,0B8WcbXogHvegdzBfUjdUUHVyRmM,715653
cap - 2644.PNG,0B8WcbXogHvegcnJYYVJ6amhURkE,718278
cap - 2645.PNG,0B8WcbXogHvegdVpsTXR0ekY2QjQ,733471
cap - 2646.PNG,0B8WcbXogHvegMTVDQm4wcFhIdms,720342
cap - 2647.PNG,0B8WcbXogHvegRjRob1BoWFhzODA,728274
cap - 2648.PNG,0B8WcbXogHvegTTI4djZXUFlCZzQ,719722
cap - 2649.PNG,0B8WcbXogHvegdmk0OHRWUEl1dlE,717740
cap - 2650.PNG,0B8WcbXogHvegSG1NclRHdzRuMW8,724073
cap - 2651.PNG,0B8WcbXogHvegWnFTS1VDSGMweTA,725892
cap - 2652.PNG,0B8WcbXogHvegTHh3TFZGSHAzaUk,774718
cap - 2653.PNG,0B8WcbXogHvegY0pzQjhuT0gxcUU,755706
cap - 2654.PNG,0B8WcbXogHvegQUUyNnd2RGREVnc,756246
cap - 2655.PNG,0B8WcbXogHvegYlpKeG82SWNrUGs,825667
cap - 2656.PNG,0B8WcbXogHvegc2V5MzdsZjdjVU0,819217
cap - 2657.PNG,0B8WcbXogHvegUFJDZzZQaU9CRXM,787509
cap - 2658.PNG,0B8WcbXogHvegeW5EYndWSXBWdzQ,759414
cap - 2659.PNG,0B8WcbXogHvegREdJaWo4czAzUXc,788516
cap - 2660.PNG,0B8WcbXogHvegYlZWQzdDd2NpZkU,778721
cap - 2661.PNG,0B8WcbXogHveganN1QlhwVUVqeUk,771517
cap - 2662.PNG,0B8WcbXogHvegTTFMUmU0eS1WLVU,740017
cap - 2663.PNG,0B8WcbXogHvegU3c1YU5ETHB3NGc,663019
cap - 2664.PNG,0B8WcbXogHveganVOelE4ZlRsVms,655736
cap - 2665.PNG,0B8WcbXogHvegaWpzVmxjYTJacWM,679976
cap - 2666.PNG,0B8WcbXogHvegZm9nT3lmUDNvS0E,654318
cap - 2667.PNG,0B8WcbXogHvegRi12M1VnRFhkb2s,662717
cap - 2668.PNG,0B8WcbXogHvegdmtjcEU3WEtLQWM,706949
cap - 2669.PNG,0B8WcbXogHvegdGFVSlUxWXo1eUE,742177
cap - 2670.PNG,0B8WcbXogHvega1JBOEg1RXdSUlU,769183
cap - 2671.PNG,0B8WcbXogHvegOGFEaklOb1ZUSlU,787584
cap - 2672.PNG,0B8WcbXogHvegcTk0TE0xQlE2MzQ,757690
cap - 2673.PNG,0B8WcbXogHvegNnhkS0VEZ0FtSEE,793754
cap - 2674.PNG,0B8WcbXogHvegSUNnd2VaVkZvXzg,799163
cap - 2675.PNG,0B8WcbXogHvegRHNwb1d2U3Y5VVE,781026
cap - 2676.PNG,0B8WcbXogHvegZXk4cEVTYm51RkE,791198
cap - 2677.PNG,0B8WcbXogHvegTjZ4MEl1X0IyS2c,787951
cap - 2678.PNG,0B8WcbXogHvegd1dCWHBvSlBldnM,791338
cap - 2679.PNG,0B8WcbXogHvegaDNrLUhBWnZVQ0k,775712
cap - 2680.PNG,0B8WcbXogHvegbm5UYXBmdmM4aUE,782534
cap - 2681.PNG,0B8WcbXogHvegMkxkUWx4NGJtc2s,854558
cap - 2682.PNG,0B8WcbXogHvegcHJuZEdkWFl6T0k,835474
cap - 2683.PNG,0B8WcbXogHvegWkQxODF1WDdxekU,833967
cap - 2684.PNG,0B8WcbXogHvegbGFpVFFtZTNRN1E,804254
cap - 2685.PNG,0B8WcbXogHvegUzdfUVdwbFptRzA,788385
cap - 2686.PNG,0B8WcbXogHvegNXpaTk1MMExNMVk,780502
cap - 2687.PNG,0B8WcbXogHvegdTVCbWp6WlNtdlE,762555
cap - 2688.PNG,0B8WcbXogHvegY1YtN3ZVUWdFbFE,759366
cap - 2689.PNG,0B8WcbXogHvegUll5S0p0Zm85WlE,762755
cap - 2690.PNG,0B8WcbXogHvegaTE5blJTVThueEE,767935
cap - 2691.PNG,0B8WcbXogHvegVnVISm5YOVhrSEU,757812
cap - 2692.PNG,0B8WcbXogHvegaTNEbks5ejN5bTQ,774365
cap - 2693.PNG,0B8WcbXogHvegZm1jb3RlVk1XazQ,747141
cap - 2694.PNG,0B8WcbXogHvegMlE1ZWRpVkN3VTA,710857
cap - 2695.PNG,0B8WcbXogHvega2NLaTM0OS16cTQ,754822
cap - 2696.PNG,0B8WcbXogHvegaWRQVUVXTzhOODg,765635
cap - 2697.PNG,0B8WcbXogHvegSTFCTURfRHp2djQ,730597
cap - 2698.PNG,0B8WcbXogHvegaVVuNzZrYXVNb00,706393
cap - 2699.PNG,0B8WcbXogHvegRDBJYXgxdERJVFE,676336
cap - 2700.PNG,0B8WcbXogHvegdFZyQkQ4RkJtNjQ,642220
cap - 2701.PNG,0B8WcbXogHvegMXBtYm9wNzlZV1k,633864
cap - 2702.PNG,0B8WcbXogHvegVGNKbXhFLXVQNlE,665206
cap - 2703.PNG,0B8WcbXogHvegZFh4dDhJdTR2aWc,757936
cap - 2704.PNG,0B8WcbXogHvegTTgxRERQMFhnQ1k,590892
cap - 2705.PNG,0B8WcbXogHvegMFZUb3FKU2xOd2c,628103
cap - 2706.PNG,0B8WcbXogHvegVXRCM0N4V2VwUVE,672624
cap - 2707.PNG,0B8WcbXogHvegMmhUdDhaclhaeGM,560070
cap - 2708.PNG,0B8WcbXogHvegaWkxZE1vdUhaMUE,350240
cap - 2709.PNG,0B8WcbXogHvegdWFaazByZG5aTDg,312956
cap - 2710.PNG,0B8WcbXogHvegUm5acW9PZ0dyZ00,332040
cap - 2711.PNG,0B8WcbXogHvegaVhVSU5iaG5VUnc,321678
cap - 2712.PNG,0B8WcbXogHvegdXNJMUNvM24zMmM,309553
cap - 2713.PNG,0B8WcbXogHvegUVZpeTU2VVVrOGc,293770
cap - 2714.PNG,0B8WcbXogHvegMkNiXzdtNVVzNWM,320809
cap - 2715.PNG,0B8WcbXogHvegUHJGb3pPOGZOUmM,362706
cap - 2716.PNG,0B8WcbXogHvegeXlDcjI3ckdubUE,426450
cap - 2717.PNG,0B8WcbXogHvegcFlRSjdXLUMxUXM,473772
cap - 2718.PNG,0B8WcbXogHvegcDZsV1RxQ3doNnM,530111
cap - 2719.PNG,0B8WcbXogHvegZWVTWlpmaHR2S2c,549074
cap - 2720.PNG,0B8WcbXogHvegaTFqWFJvd3pPckU,552500
cap - 2721.PNG,0B8WcbXogHvegazRGNjdoSDI3b2c,566256
cap - 2722.PNG,0B8WcbXogHvegY3ZsdHVPZ0VhaXc,575603
cap - 2723.PNG,0B8WcbXogHvegMFpFdTZqTVFFMjg,578021
cap - 2724.PNG,0B8WcbXogHvegOVd6aWtBeFlfQ3c,608672
cap - 2725.PNG,0B8WcbXogHvegY0t4MjdZS3hGYzg,620859
cap - 2726.PNG,0B8WcbXogHvegemVYQ3hiUTBVVlE,605299
cap - 2727.PNG,0B8WcbXogHvegTnRFM2VjOHZIaGs,607579
cap - 2728.PNG,0B8WcbXogHvegTjJlaU5BS205dGM,617103
cap - 2729.PNG,0B8WcbXogHvegR09kelp1WmVIT2s,629817
cap - 2730.PNG,0B8WcbXogHvegdjFtbVF3NUFJYjA,647160
cap - 2731.PNG,0B8WcbXogHvegU3UyS1lQTi1VRWs,658665
cap - 2732.PNG,0B8WcbXogHvegb2dQTUR5NDI0emc,627416
cap - 2733.PNG,0B8WcbXogHvegaTFmQU1HNF9qTFU,613331
cap - 2734.PNG,0B8WcbXogHvegVXNTaS1qeGptalE,586041
cap - 2735.PNG,0B8WcbXogHvegMnhRZG5DWEJFcEU,575327
cap - 2736.PNG,0B8WcbXogHvegVmhRZHd0QmZzbVU,555112
cap - 2737.PNG,0B8WcbXogHvegM19pcC1GamZKUjg,560647
cap - 2738.PNG,0B8WcbXogHvegQ01MNURuUi1wVjA,568550
cap - 2739.PNG,0B8WcbXogHvegdi1vUThSYnJzT0E,568405
cap - 2740.PNG,0B8WcbXogHvegWUo3Qnp0RG9DTGc,583628
cap - 2741.PNG,0B8WcbXogHvegVnFscG51TlU5M00,595040
cap - 2742.PNG,0B8WcbXogHvegVXF5S2tkVUwwMmM,601937
cap - 2743.PNG,0B8WcbXogHvegMTB2QnlqbndpSTA,603126
cap - 2744.PNG,0B8WcbXogHvegMks1Wkg3Tld6am8,626585
cap - 2745.PNG,0B8WcbXogHvegY3R2Zi0zLV8wc3M,625713
cap - 2746.PNG,0B8WcbXogHvegeTVLQ2RYb1VjZW8,616232
cap - 2747.PNG,0B8WcbXogHvega2ZJQ0d4N2hHcjQ,544880
cap - 2748.PNG,0B8WcbXogHvegbWt4d1BLVHB4Mzg,472397
cap - 2749.PNG,0B8WcbXogHvegSXIxYWlMWVozUUU,518050
cap - 2750.PNG,0B8WcbXogHvegVTBEeHhqUUt4Vjg,607024
cap - 2751.PNG,0B8WcbXogHvegZFV6M1NBeTdyZmM,587407
cap - 2752.PNG,0B8WcbXogHvegM2huY1ZvMUZfUW8,518831
cap - 2753.PNG,0B8WcbXogHvega2F0dEE1YWVjLTg,445706
cap - 2754.PNG,0B8WcbXogHvegaHMzMklzbzRaenc,463665
cap - 2755.PNG,0B8WcbXogHvegNkF2LW41WXRXOG8,486540
cap - 2756.PNG,0B8WcbXogHvegNUx4dVdzYmhoTDg,506952
cap - 2757.PNG,0B8WcbXogHvegbUZxb2F4UUJPSk0,558955
cap - 2758.PNG,0B8WcbXogHvegRnRCVndydkFHcmM,592513
cap - 2759.PNG,0B8WcbXogHvegYzZpWGdlNWpKSFk,599022
cap - 2760.PNG,0B8WcbXogHvegY2M3d3EtTHFaYVk,610418
cap - 2761.PNG,0B8WcbXogHvegRFZxRHcyZ0dLNk0,628406
cap - 2762.PNG,0B8WcbXogHvegYllIbG10dHJ4RzA,619239
cap - 2763.PNG,0B8WcbXogHvegcnlYaUc5U3ZwNFk,636977
cap - 2764.PNG,0B8WcbXogHvegYS1CYlVRa0dWVUE,626555
cap - 2765.PNG,0B8WcbXogHvegNEVKOGJrdnFCZUk,646340
cap - 2766.PNG,0B8WcbXogHvegSTFoeG05NnZ4WTg,650054
cap - 2767.PNG,0B8WcbXogHvegWF84cjhRUzZkY2M,648480
cap - 2768.PNG,0B8WcbXogHvegbGo2MUt3T3hnY2s,668004
cap - 2769.PNG,0B8WcbXogHvegTmpNUS1NaTN2Q1k,661032
cap - 2770.PNG,0B8WcbXogHvegdDZ4R0NpeC1aMXM,670341
cap - 2771.PNG,0B8WcbXogHvegSlR3X0duckd4c3M,665231
cap - 2772.PNG,0B8WcbXogHvegN2Riak45WndSQ00,677805
cap - 2773.PNG,0B8WcbXogHvegUUJPcEpwRXI5b0k,657824
cap - 2774.PNG,0B8WcbXogHvegT2tfb3NMVk04dEE,654105
cap - 2775.PNG,0B8WcbXogHvegd0NaMkJNNXIzWW8,645848
cap - 2776.PNG,0B8WcbXogHvegdDBZNDRFcHMwX1E,633149
cap - 2777.PNG,0B8WcbXogHvegYUJvRXBxTXhqdTQ,588625
cap - 2778.PNG,0B8WcbXogHvega1lvU2F0YVZESnc,560168
cap - 2779.PNG,0B8WcbXogHvegRjJiT3VuMEl4S00,520518
cap - 2780.PNG,0B8WcbXogHvegVUVQWEk3MUhjU2c,517896
cap - 2781.PNG,0B8WcbXogHvegX1Q2UUJiZ0wwVEE,531753
cap - 2782.PNG,0B8WcbXogHvegS0VCMTdzbHNsck0,522180
cap - 2783.PNG,0B8WcbXogHvegRko3SHp3enc5amc,536992
cap - 2784.PNG,0B8WcbXogHvegNnFJREF1RDBINjg,537385
cap - 2785.PNG,0B8WcbXogHvegeG9TREVFX3g0WGM,551627
cap - 2786.PNG,0B8WcbXogHvegY0cxeXBITWJBYlE,555546
cap - 2787.PNG,0B8WcbXogHvegam9XQTNtME9kVFk,545564
cap - 2788.PNG,0B8WcbXogHvegOE5pZGJJS2lINEE,537330
cap - 2789.PNG,0B8WcbXogHvegeklSaVZydFBSbkk,534603
cap - 2790.PNG,0B8WcbXogHvegS2tBdXFabk01WXM,569863
cap - 2791.PNG,0B8WcbXogHvegWENPazM1a1VYTk0,579683
cap - 2792.PNG,0B8WcbXogHvegelNwSE9QSVhIU1k,577146
cap - 2793.PNG,0B8WcbXogHvegd1NoRkpRRlBnaUk,580629
cap - 2794.PNG,0B8WcbXogHvegVHFGelZ3dEJpWjA,587510
cap - 2795.PNG,0B8WcbXogHvegdm5YNlNXN3dfNWM,589398
cap - 2796.PNG,0B8WcbXogHvegb2hyakxtV2d0b00,601125
cap - 2797.PNG,0B8WcbXogHvegeUV0N2NkaV9VLUk,608038
cap - 2798.PNG,0B8WcbXogHvegOHJKWEpJT3pkY2c,594611
cap - 2799.PNG,0B8WcbXogHvegRWYzYktHdEhRNGs,597099
cap - 2800.PNG,0B8WcbXogHvegZ2lTSUllellaS0U,595291
cap - 2801.PNG,0B8WcbXogHvegNkF5ZUpHazJRMlk,589183
cap - 2802.PNG,0B8WcbXogHvegcS00THRFZVlRSWM,581153
cap - 2803.PNG,0B8WcbXogHvegdHpjMXNkVlJBMnc,607609
cap - 2804.PNG,0B8WcbXogHvegd0ZyUXJ2a2dwZDA,618504
cap - 2805.PNG,0B8WcbXogHvegZ3BCelU1Z2tSakk,596738
cap - 2806.PNG,0B8WcbXogHvegbDR6Tm1mSjlySWs,573917
cap - 2807.PNG,0B8WcbXogHvegZFJVTnVJM3p0a3M,568376
cap - 2808.PNG,0B8WcbXogHvegcDBCWnBXYlVsWkE,582945
cap - 2809.PNG,0B8WcbXogHvegNXN0RHNqdUFaMzQ,581789
cap - 2810.PNG,0B8WcbXogHvegTjFwVVJ5X3RsUmM,587769
cap - 2811.PNG,0B8WcbXogHvegYkQ5VWxzZzVjT2c,582325
cap - 2812.PNG,0B8WcbXogHvegeTBpT1JlX0RhQWs,591105
cap - 2813.PNG,0B8WcbXogHveganRiVzc1Yk9lRTg,588630
cap - 2814.PNG,0B8WcbXogHvegUTdxdzVab2p6N2c,593224
cap - 2815.PNG,0B8WcbXogHvegb2k4c1RMb2t0YWc,602088
cap - 2816.PNG,0B8WcbXogHvegMks0WTBuWDBJU2s,622178
cap - 2817.PNG,0B8WcbXogHvegMERHb3owSzZJR0E,612012
cap - 2818.PNG,0B8WcbXogHvegU04tX1VpeExYc1U,618268
cap - 2819.PNG,0B8WcbXogHvegRndTQnQ1bTB5UzA,626999
cap - 2820.PNG,0B8WcbXogHvegVW80bDQzRnVQLUU,628244
cap - 2821.PNG,0B8WcbXogHvegNDM3Mm52TzVfVXc,641028
cap - 2822.PNG,0B8WcbXogHvegSUlTZEFxa2xXMzg,622915
cap - 2823.PNG,0B8WcbXogHvegSllHSnllSTR5UW8,627301
cap - 2824.PNG,0B8WcbXogHvegVlI0TVVhTDZBMHM,623203
cap - 2825.PNG,0B8WcbXogHvegT3ZFV1B0SHZSTVk,621943
cap - 2826.PNG,0B8WcbXogHvegU29qTUV1WlJQWWc,609468
cap - 2827.PNG,0B8WcbXogHvegcXViSmFUaTdoNFU,604968
cap - 2828.PNG,0B8WcbXogHvegV1ZhaDUtZG9tXzQ,616527
cap - 2829.PNG,0B8WcbXogHvegSUl0TUM0WXZpa2c,621551
cap - 2830.PNG,0B8WcbXogHvegdUxCeUJKazBNZXc,631259
cap - 2831.PNG,0B8WcbXogHvegV0lJVllSX19vbUE,616912
cap - 2832.PNG,0B8WcbXogHvegWVpBUkY1NUdxSnM,622689
cap - 2833.PNG,0B8WcbXogHvegQlpQeXBORm4taHM,631938
cap - 2834.PNG,0B8WcbXogHvegcHlwOENFbndxdDQ,634326
cap - 2835.PNG,0B8WcbXogHvegREJ5YkRLOVZFYUE,631794
cap - 2836.PNG,0B8WcbXogHvegUEF2a1h6QjBnU2c,625653
cap - 2837.PNG,0B8WcbXogHvegX3V2Y0FReDV3S0k,618186
cap - 2838.PNG,0B8WcbXogHvegVEhNWFZrLWZ1Y00,626833
cap - 2839.PNG,0B8WcbXogHvegQkhoOGZ6OTR0WjQ,631233
cap - 2840.PNG,0B8WcbXogHvegY0s3Z3FiR2FmNXM,620472
cap - 2841.PNG,0B8WcbXogHvegc2xJYjAyNXdxRmM,615183
cap - 2842.PNG,0B8WcbXogHvegMDk4YXdWQlVaNE0,623728
cap - 2843.PNG,0B8WcbXogHvegdHVLcEZmLXROLTg,612609
cap - 2844.PNG,0B8WcbXogHvegbFN6S3ltYmpqN1U,621029
cap - 2845.PNG,0B8WcbXogHvegRm9EX2xpRkY5XzA,609845
cap - 2846.PNG,0B8WcbXogHvegb1VyTE5FdnpySms,614643
cap - 2847.PNG,0B8WcbXogHvegbmdFMjlKQ1hPM28,602458
cap - 2848.PNG,0B8WcbXogHvegMUs5TFhiU285b0E,598031
cap - 2849.PNG,0B8WcbXogHvegUXR2VWM1akhoeHc,601048
cap - 2850.PNG,0B8WcbXogHvegM1Y1RU91a3NKTUU,596417
cap - 2851.PNG,0B8WcbXogHvegMjVpbTNxeWxNdWs,595761
cap - 2852.PNG,0B8WcbXogHvegc1MzdDZZQzZXT0k,609648
cap - 2853.PNG,0B8WcbXogHvegVWdGTjZmRjI5TlU,611145
cap - 2854.PNG,0B8WcbXogHvegTHdLMXhOYVFQQWc,623697
cap - 2855.PNG,0B8WcbXogHvegbjI0U0dLT2hlZUE,630812
cap - 2856.PNG,0B8WcbXogHvegbW1IN28yczhhVGc,634732
cap - 2857.PNG,0B8WcbXogHvegVmlrQUdZVUpfZmM,623178
cap - 2858.PNG,0B8WcbXogHvegelZaRWVYTzFoTVk,635914
cap - 2859.PNG,0B8WcbXogHvegTmZaT3FUS1l0WVE,633595
cap - 2860.PNG,0B8WcbXogHvegX0l4NkZhMjYwTnM,642575
cap - 2861.PNG,0B8WcbXogHvegb3I2dUR6dmh4RUE,646631
cap - 2862.PNG,0B8WcbXogHvegWk1uTzVtTWxKbE0,629308
cap - 2863.PNG,0B8WcbXogHvegODY5enZ5Z05UOFk,618287
cap - 2864.PNG,0B8WcbXogHvegWC1zVVljbDhaREE,619020
cap - 2865.PNG,0B8WcbXogHvegSEl3M0RSTTBQOGs,593778
cap - 2866.PNG,0B8WcbXogHvegdkVpOGVVNTJ0MjQ,616648
cap - 2867.PNG,0B8WcbXogHvegdVgtR0FIaDdmUHM,620721
cap - 2868.PNG,0B8WcbXogHvegNWwyTGIwRWhfN00,606571
cap - 2869.PNG,0B8WcbXogHvegYUhRX2c4dnFhUHM,608521
cap - 2870.PNG,0B8WcbXogHvegMEx3WlJYZ1Y2dU0,594451
cap - 2871.PNG,0B8WcbXogHvegeWptVVFvVVR0RlE,586057
cap - 2872.PNG,0B8WcbXogHvegSDZwVnc1aElZeTQ,595812
cap - 2873.PNG,0B8WcbXogHvegQmNJNU9uRF9hMzQ,611072
cap - 2874.PNG,0B8WcbXogHvegM0x2MVVYdEhaOXc,605041
cap - 2875.PNG,0B8WcbXogHvegRFBsLTI3Ym9Scnc,614777
cap - 2876.PNG,0B8WcbXogHveganltZ1hkY0tvams,622311
cap - 2877.PNG,0B8WcbXogHvegNENCQ2IwdHBQb00,615928
cap - 2878.PNG,0B8WcbXogHvegWW1qNkVVUnVpaXM,601142
cap - 2879.PNG,0B8WcbXogHvegUkZsalVkRzF2dWc,588325
cap - 2880.PNG,0B8WcbXogHvegMjJ5enR4QjYxRmc,588397
cap - 2881.PNG,0B8WcbXogHvegWmpxYWx0NExyQ00,598698
cap - 2882.PNG,0B8WcbXogHvegbkg2dWx5cHlTbGs,601007
cap - 2883.PNG,0B8WcbXogHvegLWVfaTRQVkZraHc,588610
cap - 2884.PNG,0B8WcbXogHvegR1phcFN3eDV3M0E,590883
cap - 2885.PNG,0B8WcbXogHvegNmxpaXk2ajhfNWc,568453
cap - 2886.PNG,0B8WcbXogHvegTXZKYmw0dktJbFU,572859
cap - 2887.PNG,0B8WcbXogHvegU01jbnJRX1BQTVk,581012
cap - 2888.PNG,0B8WcbXogHvegRnVzZmlsTTVtRXM,591341
cap - 2889.PNG,0B8WcbXogHvegZjgxMGNhWjRLWEU,598222
cap - 2890.PNG,0B8WcbXogHvegYkJTX0hCamV4d1U,601911
cap - 2891.PNG,0B8WcbXogHvegV2F6RHRxNjFucXM,602354
cap - 2892.PNG,0B8WcbXogHvegZVpEZmhiUFZWQUU,599919
cap - 2893.PNG,0B8WcbXogHvegWldqQTFMSmxYYkE,590556
cap - 2894.PNG,0B8WcbXogHvegYkNlMlkwakZjVlE,584065
cap - 2895.PNG,0B8WcbXogHvegUjRjSXdTYkNSSnM,582040
cap - 2896.PNG,0B8WcbXogHvegWUY2LWdzUDBva3c,574978
cap - 2897.PNG,0B8WcbXogHvegenBGRkJkYnE4N2M,591992
cap - 2898.PNG,0B8WcbXogHvegRzhhZTU0dVZsUGc,598616
cap - 2899.PNG,0B8WcbXogHvegcTY2endpdHJFWWc,591939
cap - 2900.PNG,0B8WcbXogHvegRFpSNW1nTWJROEk,591306
cap - 2901.PNG,0B8WcbXogHvegdy0xd0JlVndfNEk,585458
cap - 2902.PNG,0B8WcbXogHvegQXMzNXJUNzZMRVE,597174
cap - 2903.PNG,0B8WcbXogHvegbXJXVlV5NV85OXc,593588
cap - 2904.PNG,0B8WcbXogHvegVHVMTkNlRzdEbU0,579971
cap - 2905.PNG,0B8WcbXogHvegOS1abTZlTkV1OHc,592056
cap - 2906.PNG,0B8WcbXogHvegNXloNkw1ZnE4MWM,596536
cap - 2907.PNG,0B8WcbXogHvegaHZVRHFFdmg5ZTg,613033
cap - 2908.PNG,0B8WcbXogHvegTnpqNV9jODlCdEE,609000
cap - 2909.PNG,0B8WcbXogHvegNEtMVHpySTV0b00,614544
cap - 2910.PNG,0B8WcbXogHvegaDUtZ21RTllIbW8,603137
cap - 2911.PNG,0B8WcbXogHvegVWdrblVKcU00cWs,614865
cap - 2912.PNG,0B8WcbXogHvegbzE4Zm9xLTQyTkk,626349
cap - 2913.PNG,0B8WcbXogHvegMHV3Nm9WLWVXc0E,628469
cap - 2914.PNG,0B8WcbXogHvegYVBzV2pwajFiSVU,622498
cap - 2915.PNG,0B8WcbXogHvegeE5HbTZuaHFOSXc,629958
cap - 2916.PNG,0B8WcbXogHvegR3NEcUJHTjNvdGs,616864
cap - 2917.PNG,0B8WcbXogHvegTjFHZ3RaWk05SEU,607003
cap - 2918.PNG,0B8WcbXogHvegbGxLNHBFc1FIbDA,599068
cap - 2919.PNG,0B8WcbXogHvegVTVuaGNqTzhQblE,589092
cap - 2920.PNG,0B8WcbXogHvegTU9fTTlac0duX1E,595682
cap - 2921.PNG,0B8WcbXogHvegeEtja0FyWnl2bXc,596195
cap - 2922.PNG,0B8WcbXogHvegdE1fRVNvWFBZLTg,591834
cap - 2923.PNG,0B8WcbXogHvegOHJKNGpWeW11Tjg,603590
cap - 2924.PNG,0B8WcbXogHvegdW1FUkZqa2Rfbms,612217
cap - 2925.PNG,0B8WcbXogHvegQjNkem01bTUtWms,611823
cap - 2926.PNG,0B8WcbXogHvegRUJIdHJPdWgwYmc,602832
cap - 2927.PNG,0B8WcbXogHvegMWwzYlM0WTJGbWs,600506
cap - 2928.PNG,0B8WcbXogHvegeTNvbldNc1Z3UkU,602797
cap - 2929.PNG,0B8WcbXogHvegQW5QRkdES3A0UDQ,579874
cap - 2930.PNG,0B8WcbXogHvegY0h1Zmx1Si1HeUk,558999
cap - 2931.PNG,0B8WcbXogHvegTEtxUjVhZ1V5dm8,551598
cap - 2932.PNG,0B8WcbXogHvegNmpUcDRfODJ5bWM,559723
cap - 2933.PNG,0B8WcbXogHvegaUtVZ1JpbTZnc3c,548549
cap - 2934.PNG,0B8WcbXogHvegWG1valBNY1RpRlk,528185
cap - 2935.PNG,0B8WcbXogHvegR3I1clM3OG91V1E,533569
cap - 2936.PNG,0B8WcbXogHvegS3V1RFN1MXRLa00,512456
cap - 2937.PNG,0B8WcbXogHvegaGwxU21vYmNnOEk,517272
cap - 2938.PNG,0B8WcbXogHvegTmxsajkxVngwMjA,515021
cap - 2939.PNG,0B8WcbXogHvegZkxuRE9ZYVdZSkE,512541
cap - 2940.PNG,0B8WcbXogHvegR1R0N0xLSkZ6RDg,504805
cap - 2941.PNG,0B8WcbXogHvegTERYWVNWX1JCVEk,519012
cap - 2942.PNG,0B8WcbXogHvegN3UwVUlab182bnM,548520
cap - 2943.PNG,0B8WcbXogHvegeEthZVJ5U2ZDd0E,561293
cap - 2944.PNG,0B8WcbXogHvegWEVpMTU4YldNYlE,568951
cap - 2945.PNG,0B8WcbXogHvegalpIclNDUlB5Snc,561633
cap - 2946.PNG,0B8WcbXogHvegelZ3Tm92Q2ZnZW8,560910
cap - 2947.PNG,0B8WcbXogHvegYUp1aDd3ZDFkenM,562422
cap - 2948.PNG,0B8WcbXogHvega0tQZ2xSMDdLbFE,541319
cap - 2949.PNG,0B8WcbXogHvegZ1NBRkFDRUdWY2s,541958
cap - 2950.PNG,0B8WcbXogHvegaHVwTVQ4MzA1NjA,533567
cap - 2951.PNG,0B8WcbXogHvegMTRJTHdEZDVmZ3M,519932
cap - 2952.PNG,0B8WcbXogHvegR3I1UjJSRnNjZWs,504175
cap - 2953.PNG,0B8WcbXogHvegcDF2N3ViRll3X0E,546646
cap - 2954.PNG,0B8WcbXogHvegeGRsNjBoQlFzTk0,573921
cap - 2955.PNG,0B8WcbXogHvegak5sVGJmc1l4eTA,607927
cap - 2956.PNG,0B8WcbXogHvegekVWYlNGMlJGQmM,605359
cap - 2957.PNG,0B8WcbXogHvegamZveVlWZ3hQMHc,589113
cap - 2958.PNG,0B8WcbXogHvegbzVFdGNVdmhkeG8,615089
cap - 2959.PNG,0B8WcbXogHvegT3FnUTBCOU1MX3M,608913
cap - 2960.PNG,0B8WcbXogHvegSkhNZlBldkd4SEE,596147
cap - 2961.PNG,0B8WcbXogHvegUTVocXpod2hTc00,605329
cap - 2962.PNG,0B8WcbXogHvegWTdfN1QyejVKWjg,607860
cap - 2963.PNG,0B8WcbXogHvegQWtkTWFXNFpWY2c,602779
cap - 2964.PNG,0B8WcbXogHvegOGRjXzVxUWpVN1U,598199
cap - 2965.PNG,0B8WcbXogHvegdnpKRUdZcl93Ymc,602330
cap - 2966.PNG,0B8WcbXogHvegNkl6dGtSNm4yTTA,568244
cap - 2967.PNG,0B8WcbXogHvegdWtNYldnbnVVbU0,534591
cap - 2968.PNG,0B8WcbXogHvegS21uMi04d0RvdzA,518687
cap - 2969.PNG,0B8WcbXogHvegNUhodW1TRW9EUDA,486832
cap - 2970.PNG,0B8WcbXogHvegSXY1dHZkejFiNGc,494665
cap - 2971.PNG,0B8WcbXogHvegZ0Eta3VlNkVlbnM,486106
cap - 2972.PNG,0B8WcbXogHvegQ1lvUmF0ZXE5cUU,523659
cap - 2973.PNG,0B8WcbXogHvegNlFkR3hnSjNlaVk,538571
cap - 2974.PNG,0B8WcbXogHvega1BJaS1YWU9SOXc,520128
cap - 2975.PNG,0B8WcbXogHvegZFlndFdrc1ZTTU0,513086
cap - 2976.PNG,0B8WcbXogHvegM1VGbk5qVHZ1ekk,507972
cap - 2977.PNG,0B8WcbXogHvegXzlocHdsaGxFbGs,509091
cap - 2978.PNG,0B8WcbXogHvegQlVZTHhDX1pNMGM,518208
cap - 2979.PNG,0B8WcbXogHvegQVp2RDhhaDNFRGc,511505
cap - 2980.PNG,0B8WcbXogHvegWnNxUUZYNmRqS0U,533023
cap - 2981.PNG,0B8WcbXogHvegemxwY2FGcjlKYlE,525133
cap - 2982.PNG,0B8WcbXogHvegb1NTRlZRZmRuZmc,492853
cap - 2983.PNG,0B8WcbXogHvegTGwxY3ROSWJWVTg,491051
cap - 2984.PNG,0B8WcbXogHvega0d1VXNoU1JnTW8,489366
cap - 2985.PNG,0B8WcbXogHvegYnZVOHhuazBCeEk,510841
cap - 2986.PNG,0B8WcbXogHvegY3Bvd2s0b2ZRalU,523163
cap - 2987.PNG,0B8WcbXogHvegZlRRTDJneWpXUkE,516680
cap - 2988.PNG,0B8WcbXogHvegLW0wTS1WNHA5SEU,530723
cap - 2989.PNG,0B8WcbXogHvegZGVPRFdzU3hZN2s,540787
cap - 2990.PNG,0B8WcbXogHvegUWFyMWwyVVBRVEk,491543
cap - 2991.PNG,0B8WcbXogHvegWFJCcHB6SVctZVk,473822
cap - 2992.PNG,0B8WcbXogHvegdUI2XzYzX2dHaWc,463374
cap - 2993.PNG,0B8WcbXogHvegakhDRnpGUnVOZjA,450526
cap - 2994.PNG,0B8WcbXogHvegZ0FaX1NicG16RGs,447770
cap - 2995.PNG,0B8WcbXogHvegamxmMG9NTjR3a0U,470575
cap - 2996.PNG,0B8WcbXogHvega3BKa0trSmlORkk,464868
cap - 2997.PNG,0B8WcbXogHvegSHJocFJsalVveDA,475239
cap - 2998.PNG,0B8WcbXogHvegMV8tS2hpa29DMnM,479321
cap - 2999.PNG,0B8WcbXogHvegTFhkdzZMQThQTkU,506815
