cap - 5000.PNG,0B8WcbXogHvegdzlldGd2aUg1dEU,515370
cap - 5001.PNG,0B8WcbXogHvegTko4V21WWGhKeWc,557072
cap - 5002.PNG,0B8WcbXogHvegQXhHaTBzemJzaEE,488183
cap - 5003.PNG,0B8WcbXogHvegWW5vMHZzV1B5bzQ,510677
cap - 5004.PNG,0B8WcbXogHvegZmxpZEEwU1VBcm8,501425
cap - 5005.PNG,0B8WcbXogHvegRWNmTVJUS0Y0amM,572638
cap - 5006.PNG,0B8WcbXogHvegVnI4b1lHc0VWV0U,598992
cap - 5007.PNG,0B8WcbXogHvegOWVIc3NYa1BZaXM,575435
cap - 5008.PNG,0B8WcbXogHvegRGlEUDc5aFZGWGM,580529
cap - 5009.PNG,0B8WcbXogHvegcm5fQ0pfTy1fX1U,580994
cap - 5010.PNG,0B8WcbXogHvegNzR3dm5KQVdPdjA,576562
cap - 5011.PNG,0B8WcbXogHvegUW1FU0Z1WHhfVVE,604013
cap - 5012.PNG,0B8WcbXogHvegY29ZcjNkTmtCMUE,518338
cap - 5013.PNG,0B8WcbXogHvegNzZIWU9pc2VOVzg,564390
cap - 5014.PNG,0B8WcbXogHvegTDJDSXJyMUZGLUE,606805
cap - 5015.PNG,0B8WcbXogHvegaUdiNFNCQ1h3Ums,545521
cap - 5016.PNG,0B8WcbXogHvegc3hWSmdwOWRGZXc,572687
cap - 5017.PNG,0B8WcbXogHvegR2xQTXdrQlBEdXM,592583
cap - 5018.PNG,0B8WcbXogHvegQm9IYTFNUUJJdTQ,599859
cap - 5019.PNG,0B8WcbXogHvegMGJGS0gxZTBiVGc,264298
cap - 5020.PNG,0B8WcbXogHvegMG1mbFVGWm50M3M,335059
cap - 5021.PNG,0B8WcbXogHvegWGpobmtYSVkwZFU,347785
cap - 5022.PNG,0B8WcbXogHvegcHo4OENNN2ZWM28,457586
cap - 5023.PNG,0B8WcbXogHvegY201VWdBa245RTA,436937
cap - 5024.PNG,0B8WcbXogHvegZFJrSi1zdGxCWGs,465520
cap - 5025.PNG,0B8WcbXogHvegYnpCMURsamVqV0k,437903
cap - 5026.PNG,0B8WcbXogHvegeEUzdmwxLXM1a28,431214
cap - 5027.PNG,0B8WcbXogHvegWnFlMjNaeVFBRmM,559639
cap - 5028.PNG,0B8WcbXogHvegQ3Y2YmViRWJ0dWs,274494
cap - 5029.PNG,0B8WcbXogHvegY0hVU1RJeDZuelE,564255
cap - 5030.PNG,0B8WcbXogHvegdzdhRmRKM0trQnM,596786
cap - 5031.PNG,0B8WcbXogHvegclBmeGg4TWxDd1k,613080
cap - 5032.PNG,0B8WcbXogHvegWEktWnltN0N6Q1E,495239
cap - 5033.PNG,0B8WcbXogHvegYVY2LWJIX1JHZnM,410890
cap - 5034.PNG,0B8WcbXogHvegR0RJNVZvR1Z4bWs,381918
cap - 5035.PNG,0B8WcbXogHvegdVVCWHJrVWVJbDQ,368319
cap - 5036.PNG,0B8WcbXogHvegbkc4RkFBTm55RWc,426855
cap - 5037.PNG,0B8WcbXogHvegV3dEaDN0ZVJ4b2c,533133
cap - 5038.PNG,0B8WcbXogHvegSEc3Q0FvY1NYb2c,628248
cap - 5039.PNG,0B8WcbXogHvegbk5Yb1R1QzMtUVU,482095
cap - 5040.PNG,0B8WcbXogHvegZEpOLS1QcDh0dUE,404422
cap - 5041.PNG,0B8WcbXogHvega2JaZVJDWDRfY3M,583251
cap - 5042.PNG,0B8WcbXogHvegV3AySUFQQUp5WjA,516967
cap - 5043.PNG,0B8WcbXogHvegQzhBLWlua2NEVGc,550690
cap - 5044.PNG,0B8WcbXogHvegWVFNMVNVUVNjd2s,481662
cap - 5045.PNG,0B8WcbXogHvegWVlWdTBFOUVCS2M,582677
cap - 5046.PNG,0B8WcbXogHvegM0VNSkdsd1ZoMDQ,561678
cap - 5047.PNG,0B8WcbXogHvegeUd3dmF1S1RDb28,507886
cap - 5048.PNG,0B8WcbXogHvegVHhodVpIRG94aDA,523430
cap - 5049.PNG,0B8WcbXogHvegUGtoaHYxMnh0NEE,537726
cap - 5050.PNG,0B8WcbXogHvegZ0w1azJILUNMZEU,627119
cap - 5051.PNG,0B8WcbXogHvegdE53NkxEYXlWRVE,594849
cap - 5052.PNG,0B8WcbXogHvegUDhxbU81bnBKNWc,551642
cap - 5053.PNG,0B8WcbXogHvegRmJuSGNEa2VCX28,524613
cap - 5054.PNG,0B8WcbXogHvegSndpT25sRmxLNzA,558465
cap - 5055.PNG,0B8WcbXogHvegVnJWNVRnVDI1alk,506855
cap - 5056.PNG,0B8WcbXogHvegc1NGTkRKTzR6RUU,574498
cap - 5057.PNG,0B8WcbXogHvegaVpvYjJsVTdYbWc,513183
cap - 5058.PNG,0B8WcbXogHvegRU5NMlcxMmZiQUk,495471
cap - 5059.PNG,0B8WcbXogHvegaW96dktJaUt1TE0,510074
cap - 5060.PNG,0B8WcbXogHvegTmU4MHJjalFFLTg,474975
cap - 5061.PNG,0B8WcbXogHvegU05uLWtGWjV0bkU,512031
cap - 5062.PNG,0B8WcbXogHvegOXJIX3hMWUY1a1U,513104
cap - 5063.PNG,0B8WcbXogHvegOVdwSjJuZ1pxVGs,457143
cap - 5064.PNG,0B8WcbXogHvegUjFBNDhlSEo0Y2c,468646
cap - 5065.PNG,0B8WcbXogHvegYWtxb0VZVjR0cUk,463779
cap - 5066.PNG,0B8WcbXogHvegVDRnVGpBamtNVjA,407104
cap - 5067.PNG,0B8WcbXogHvegWnRXc2dLZXMwSVE,517857
cap - 5068.PNG,0B8WcbXogHvegUnBuaTVBb0tLUWs,533534
cap - 5069.PNG,0B8WcbXogHvegWl9TeWZvZmRPcXc,499326
cap - 5070.PNG,0B8WcbXogHvegY3pBejNhajZBTVk,518124
cap - 5071.PNG,0B8WcbXogHvegakcyZElTbHNGa1k,483602
cap - 5072.PNG,0B8WcbXogHvegV3dqaDlBR2VZSnc,561634
cap - 5073.PNG,0B8WcbXogHveganYtNmRXcktlc2M,546249
cap - 5074.PNG,0B8WcbXogHvegZGNsZUluZEV4STg,501851
cap - 5075.PNG,0B8WcbXogHvegN19fY0M5cjdCdFk,511654
cap - 5076.PNG,0B8WcbXogHvegSGo4Q2x4cm9USFU,498680
cap - 5077.PNG,0B8WcbXogHvegRmxkV0ZYeUZFelE,523032
cap - 5078.PNG,0B8WcbXogHvegZXM2c2dwaWZTcVE,616305
cap - 5079.PNG,0B8WcbXogHveganVVbFBXNmVXMnc,587828
cap - 5080.PNG,0B8WcbXogHvegd1Zfenl5T3R3WDg,559997
cap - 5081.PNG,0B8WcbXogHvegUVhxQjQ3Z3hWUms,582256
cap - 5082.PNG,0B8WcbXogHvegQ1VzS1RreVBNMzg,629759
cap - 5083.PNG,0B8WcbXogHvegVHBzYUpTZXNJWG8,656567
cap - 5084.PNG,0B8WcbXogHvegWkNneU80QkozTDA,607892
cap - 5085.PNG,0B8WcbXogHvegZmczMVZWNmRWZDQ,622788
cap - 5086.PNG,0B8WcbXogHvegcnVaNnhsck1DNk0,636946
cap - 5087.PNG,0B8WcbXogHvega3JpbGpON1U2cHM,675562
cap - 5088.PNG,0B8WcbXogHvegV2JPRXZPdWVwS0E,621532
cap - 5089.PNG,0B8WcbXogHvegY0MzVlczRDRtWWM,602273
cap - 5090.PNG,0B8WcbXogHvegVGQ2SWFoWFhvVXM,539858
cap - 5091.PNG,0B8WcbXogHvegTkNYRlBJLVU1LTg,523901
cap - 5092.PNG,0B8WcbXogHvegZ2ZaTEdoaWU4TGM,488478
cap - 5093.PNG,0B8WcbXogHvegNVZsaXZKaFJoMjg,523969
cap - 5094.PNG,0B8WcbXogHvegdmJyNTMtRk1MSXc,554155
cap - 5095.PNG,0B8WcbXogHvegR3lodF9pT0NOZlU,520138
cap - 5096.PNG,0B8WcbXogHvegTTRzR1BSM0dHX2c,488061
cap - 5097.PNG,0B8WcbXogHvegX2EzNmg4RzRKUTQ,536351
cap - 5098.PNG,0B8WcbXogHvegdl8xN29PTnBMOGs,559050
cap - 5099.PNG,0B8WcbXogHvegblRfajBmN213Ym8,519000
cap - 5100.PNG,0B8WcbXogHvegYmMyS19TRmVEcjg,544977
cap - 5101.PNG,0B8WcbXogHvegYnhjVTUxc3NCNTQ,567164
cap - 5102.PNG,0B8WcbXogHvegVzFBVkRlR19mcms,530901
cap - 5103.PNG,0B8WcbXogHvegZXEyd09LRFc5TzQ,544312
cap - 5104.PNG,0B8WcbXogHvegLU1oYnZoYmNmMjQ,473934
cap - 5105.PNG,0B8WcbXogHvegcTV4V09lNExIelU,514382
cap - 5106.PNG,0B8WcbXogHvegeXVCQldKc18yV1E,509219
cap - 5107.PNG,0B8WcbXogHvegcVkwSVdWWm8tQU0,529023
cap - 5108.PNG,0B8WcbXogHvegTDZMcHpXUGFMRUE,515854
cap - 5109.PNG,0B8WcbXogHvegV3hvcjh6aGNKc00,564966
cap - 5110.PNG,0B8WcbXogHvegY09WZEpuNWFsOGM,457306
cap - 5111.PNG,0B8WcbXogHvegUXk1TFlMNVRKMXc,458304
cap - 5112.PNG,0B8WcbXogHvegTHdHOVJzNVlab2c,416151
cap - 5113.PNG,0B8WcbXogHvegcHEwSk9NX1BxM0k,442978
cap - 5114.PNG,0B8WcbXogHvegblppRjRYY05zWUU,410537
cap - 5115.PNG,0B8WcbXogHvegNXZISXhDbi1oUHc,399108
cap - 5116.PNG,0B8WcbXogHvegVTdIMG5ZbkJ3SmM,500570
cap - 5117.PNG,0B8WcbXogHvegd3M1eERVWHpNRW8,623226
cap - 5118.PNG,0B8WcbXogHvegWHBHR3VJMEpIMFU,550802
cap - 5119.PNG,0B8WcbXogHvegZFhxRW5ieHlUd1E,605007
cap - 5120.PNG,0B8WcbXogHvegY3JlUUU4M0xCd2s,573647
cap - 5121.PNG,0B8WcbXogHvegRFBfcHk1cndhcHc,535443
cap - 5122.PNG,0B8WcbXogHvegUmVjMUg1alA5LUE,523784
cap - 5123.PNG,0B8WcbXogHvegYUtxWTBLbmtmZ00,441619
cap - 5124.PNG,0B8WcbXogHvegZjNGbmpORHRBZjQ,442666
cap - 5125.PNG,0B8WcbXogHvegc242WDJ0dnF2dmc,432773
cap - 5126.PNG,0B8WcbXogHvegWTNLNWl2TFFyN1U,452129
cap - 5127.PNG,0B8WcbXogHvegb1JQaDBzejlaTHc,470522
cap - 5128.PNG,0B8WcbXogHvegQklRNVRaOFZPZlU,452277
cap - 5129.PNG,0B8WcbXogHvegY1Z1MmROYzdSUkE,507365
cap - 5130.PNG,0B8WcbXogHvegeUp5Qi1STTVDTVE,497450
cap - 5131.PNG,0B8WcbXogHvegNkJRUkNWVkctQVE,460549
cap - 5132.PNG,0B8WcbXogHvegTTVXOFBlVVUzbVk,637012
cap - 5133.PNG,0B8WcbXogHvegNWxrUUJBMUF0c1E,671451
cap - 5134.PNG,0B8WcbXogHvegclYteVpxbU1JYUE,638974
cap - 5135.PNG,0B8WcbXogHvegRDBlNnJWalMtRkU,695144
cap - 5136.PNG,0B8WcbXogHvegV3dEQUt2LXhyLVU,644286
cap - 5137.PNG,0B8WcbXogHvegWFJLcjhOR1V2cG8,626624
cap - 5138.PNG,0B8WcbXogHvegdGlMd1lPbXJPTEE,662012
cap - 5139.PNG,0B8WcbXogHvegU29PSXVzcVZtR0U,606435
cap - 5140.PNG,0B8WcbXogHvegcmlUSXZUU0kwZnM,636923
cap - 5141.PNG,0B8WcbXogHvegZWk4UWp1SlAtWU0,605019
cap - 5142.PNG,0B8WcbXogHvegQlAyM3hEM29mX2s,633614
cap - 5143.PNG,0B8WcbXogHvegbGdsS1JFYm5JWkE,679764
cap - 5144.PNG,0B8WcbXogHvegNllSTVI0QWh6TTQ,651914
cap - 5145.PNG,0B8WcbXogHvegenhTUEdxUFJIdDQ,656639
cap - 5146.PNG,0B8WcbXogHvegMEJQR21VNzRDd1U,727463
cap - 5147.PNG,0B8WcbXogHvegTzVqNlhBR3JsTkk,693969
cap - 5148.PNG,0B8WcbXogHvegMG9TeXhDV194TE0,673988
cap - 5149.PNG,0B8WcbXogHvegNy1URVZJUDRXV0E,720071
cap - 5150.PNG,0B8WcbXogHvegcnZQX0J3NXF0aG8,679214
cap - 5151.PNG,0B8WcbXogHvegWmtCNmI1MkdoSGM,584311
cap - 5152.PNG,0B8WcbXogHvegWUJWUXpjOFVxTlU,550191
cap - 5153.PNG,0B8WcbXogHvegWGdvMUI2a0J4eVE,653589
cap - 5154.PNG,0B8WcbXogHvegaTMwcGp4ZVhwNHM,668185
cap - 5155.PNG,0B8WcbXogHvegRE9wT0lGb3JFQzA,568557
cap - 5156.PNG,0B8WcbXogHvegWmJ4dHAyV015eFE,642772
cap - 5157.PNG,0B8WcbXogHvegbS1xbEQ3NFB5OHc,711721
cap - 5158.PNG,0B8WcbXogHvegOElqY2VRcGstWEk,718362
cap - 5159.PNG,0B8WcbXogHvegMk9xMWo0c0dsT2M,705186
cap - 5160.PNG,0B8WcbXogHvegUHVkMmdVYmVicTQ,708274
cap - 5161.PNG,0B8WcbXogHvegdmEyYWxWUlR1Wms,736221
cap - 5162.PNG,0B8WcbXogHvegVTBuS3NMajVvZ28,744936
cap - 5163.PNG,0B8WcbXogHvegT0xOUXo4UWpoVHM,743150
cap - 5164.PNG,0B8WcbXogHvegVTJySE00UGdhUlE,743907
cap - 5165.PNG,0B8WcbXogHvegMm1EcmdZaHNldnM,747239
cap - 5166.PNG,0B8WcbXogHvegQ0k1S2E1SktwZzA,722082
cap - 5167.PNG,0B8WcbXogHvegSC0tclFvdlZWX1E,691502
cap - 5168.PNG,0B8WcbXogHvegSlEtdE9hZmloWms,711786
cap - 5169.PNG,0B8WcbXogHvegUDhWTy1PNFdfWlk,736673
cap - 5170.PNG,0B8WcbXogHvegbUJleFdEU3p3R2c,714377
cap - 5171.PNG,0B8WcbXogHvegX2F6T1d2cXNGRXM,723163
cap - 5172.PNG,0B8WcbXogHvegQ3NQMXZKOWZ0eFU,675285
cap - 5173.PNG,0B8WcbXogHvegaXl2eWt5aWlsQW8,625655
cap - 5174.PNG,0B8WcbXogHvegQ3VoazFyNUdKMjg,547087
cap - 5175.PNG,0B8WcbXogHvegMUNWdi1EYXFjWjQ,532852
cap - 5176.PNG,0B8WcbXogHvegTDdLX0ZfQjZ0b3M,548577
cap - 5177.PNG,0B8WcbXogHvegXzEyWFEyemNXSkU,525301
cap - 5178.PNG,0B8WcbXogHvegZVliQy1FNTZWTms,452169
cap - 5179.PNG,0B8WcbXogHvegM3NmODk5QVh3Rlk,487801
cap - 5180.PNG,0B8WcbXogHvegNGpzTjF2WV9kUlE,631219
cap - 5181.PNG,0B8WcbXogHvegQm90UzlVbDYyeVU,734229
cap - 5182.PNG,0B8WcbXogHvegYjhvamRFd2J3YjA,728597
cap - 5183.PNG,0B8WcbXogHvegZVBDZlN4UE5nQUk,738952
cap - 5184.PNG,0B8WcbXogHvegVDV0OXhtcWRGbzA,773426
cap - 5185.PNG,0B8WcbXogHvegTE84UU1VUWdKbVU,781115
cap - 5186.PNG,0B8WcbXogHvegcmFzU2R2M2FqYk0,759459
cap - 5187.PNG,0B8WcbXogHvegcU9QWHFNVVptMDQ,658148
cap - 5188.PNG,0B8WcbXogHvegZFBRTzFzSGM3UFE,734616
cap - 5189.PNG,0B8WcbXogHvegVzVoMHM0SWNKcEk,750508
cap - 5190.PNG,0B8WcbXogHvegaTFPdnhnNGdiQXM,735758
cap - 5191.PNG,0B8WcbXogHvegcTZBNEJqRHpKbXc,695957
cap - 5192.PNG,0B8WcbXogHvegN2Q5bnRyUmI0OWc,728327
cap - 5193.PNG,0B8WcbXogHvegZTRTUGdiUjJtX1E,700357
cap - 5194.PNG,0B8WcbXogHvegZldGRmlxb0o1cmc,654937
cap - 5195.PNG,0B8WcbXogHvegbzk4amtHeVpKUkE,688596
cap - 5196.PNG,0B8WcbXogHvegZi1jTVV6NlgwYTA,749369
cap - 5197.PNG,0B8WcbXogHvegZEV1QmtVUGgtQ2M,789361
cap - 5198.PNG,0B8WcbXogHvegeFMxNkc3dWRoNVk,784397
cap - 5199.PNG,0B8WcbXogHvegaFEybFF4a1Q1dk0,680949
cap - 5200.PNG,0B8WcbXogHvegeThWbnMwUFBwVkU,673114
cap - 5201.PNG,0B8WcbXogHvegMGVuLWZDNDhIZzQ,705866
cap - 5202.PNG,0B8WcbXogHvegaEpYWFNreEVzUHM,720351
cap - 5203.PNG,0B8WcbXogHvegbnl3elAwQTM0WGs,728151
cap - 5204.PNG,0B8WcbXogHvegVlhmeVAzOU52cVE,752935
cap - 5205.PNG,0B8WcbXogHvegWnc0VmxZZ3F6Zjg,762133
cap - 5206.PNG,0B8WcbXogHvegamFiSmFwR0R4aEE,771327
cap - 5207.PNG,0B8WcbXogHvegdzFQMDFNNEk4QW8,782126
cap - 5208.PNG,0B8WcbXogHvegRHlPQ3k1dDFEZTg,727996
cap - 5209.PNG,0B8WcbXogHvegZFJaX2NaZ2VKNDQ,669766
cap - 5210.PNG,0B8WcbXogHvegR0YxQ3F4YUh2bE0,683709
cap - 5211.PNG,0B8WcbXogHvegMEJpSXNRSEhnY3c,637452
cap - 5212.PNG,0B8WcbXogHvegeWZhM3lrMnVxakU,614052
cap - 5213.PNG,0B8WcbXogHvegZGNvR19PSFJWdnc,667514
cap - 5214.PNG,0B8WcbXogHvegZTFoQWdMVkJCTTA,673063
cap - 5215.PNG,0B8WcbXogHvegUlVDckJWNGJtTTg,678240
cap - 5216.PNG,0B8WcbXogHvegY3E5cGFweHoxNGs,623081
cap - 5217.PNG,0B8WcbXogHvegOGw1Z1pXak11cXM,652453
cap - 5218.PNG,0B8WcbXogHvegeElxUlpxNXZELVk,688228
cap - 5219.PNG,0B8WcbXogHvegNER5eUh1azJwQTQ,669869
cap - 5220.PNG,0B8WcbXogHvegaUhEMDdGS294THc,653565
cap - 5221.PNG,0B8WcbXogHvegV01pVGZIUFB2dUU,652749
cap - 5222.PNG,0B8WcbXogHvegd01sdXlhM1YyVWM,659769
cap - 5223.PNG,0B8WcbXogHvegXzNFUWtnVXlxQUk,665380
cap - 5224.PNG,0B8WcbXogHvegMHYtS2JfMEJsT0U,654950
cap - 5225.PNG,0B8WcbXogHvegbVRROTdreG5TaEE,639470
cap - 5226.PNG,0B8WcbXogHvegbU5hUlJYQ1VqYWs,575195
cap - 5227.PNG,0B8WcbXogHvegOGNDYzJRODVaeTQ,621980
cap - 5228.PNG,0B8WcbXogHvegaEIwTG4zTE9obzQ,651542
cap - 5229.PNG,0B8WcbXogHvegWWJ0bWZhY0pkZFE,641620
cap - 5230.PNG,0B8WcbXogHvegRkp2cG9GS1VyUFk,612579
cap - 5231.PNG,0B8WcbXogHvegTHdiTThua05UX2c,640416
cap - 5232.PNG,0B8WcbXogHvegQzNZaTZkYS1zWHM,656303
cap - 5233.PNG,0B8WcbXogHvegVXVmYVlyaU1lZlk,618750
cap - 5234.PNG,0B8WcbXogHvegT1NsTlhFSk9sZXc,648868
cap - 5235.PNG,0B8WcbXogHvegcGJXOFU2ajJGV1U,667933
cap - 5236.PNG,0B8WcbXogHvegOGF2Q1o1MV8zNmc,697109
cap - 5237.PNG,0B8WcbXogHvegZHZvVE5Vajhzc2M,719925
cap - 5238.PNG,0B8WcbXogHvegT3ozNzR0QXdQeUE,744389
cap - 5239.PNG,0B8WcbXogHvegU3lrZjFnMENOclU,692325
cap - 5240.PNG,0B8WcbXogHvegLXBHS0NORWR3ZVU,651840
cap - 5241.PNG,0B8WcbXogHvegeENZZGZjZkpXWUE,666232
cap - 5242.PNG,0B8WcbXogHvegalMta09INUNoeFE,659862
cap - 5243.PNG,0B8WcbXogHvegMWhEbzBEOURUNFE,639045
cap - 5244.PNG,0B8WcbXogHvegaVhZc0FkSkdCbEU,649933
cap - 5245.PNG,0B8WcbXogHvegWFkxNzl3cE8yT0E,666669
cap - 5246.PNG,0B8WcbXogHvegV0ZqWGpKRVJXNEk,660664
cap - 5247.PNG,0B8WcbXogHvegc181Ty1XQVdoaTQ,649225
cap - 5248.PNG,0B8WcbXogHvegYVc2QUlSWmk5cGc,657922
cap - 5249.PNG,0B8WcbXogHvegUkRRcGtrOFpRSEE,649833
cap - 5250.PNG,0B8WcbXogHvegc3E3bkE3YVlvaWM,640948
cap - 5251.PNG,0B8WcbXogHvegWUFmYk4wb1pBcE0,641590
cap - 5252.PNG,0B8WcbXogHvegYlliVzFmQk5EY2c,657937
cap - 5253.PNG,0B8WcbXogHvegWm9iTHdHX1NWVUE,630279
cap - 5254.PNG,0B8WcbXogHvegdFgyOWJyUW03VDQ,656734
cap - 5255.PNG,0B8WcbXogHvegLVJtS1BBeG1VZm8,702736
cap - 5256.PNG,0B8WcbXogHvegRnNTdTd6MElKU2c,736385
cap - 5257.PNG,0B8WcbXogHvegd1c0OGpxVUI2VDQ,728653
cap - 5258.PNG,0B8WcbXogHvegTzROTW1pTEpONEk,746379
cap - 5259.PNG,0B8WcbXogHvegT0Y2REotZGdRY2c,776836
cap - 5260.PNG,0B8WcbXogHvegdVFvZVpxZ05INlk,787334
cap - 5261.PNG,0B8WcbXogHvegQWZLZzhVQ1hUdkk,776414
cap - 5262.PNG,0B8WcbXogHvegOWZ1V2QwNXgzZ3c,768741
cap - 5263.PNG,0B8WcbXogHvegM0JBTUNQS0ZvQ1E,756711
cap - 5264.PNG,0B8WcbXogHvegWlJVY1lpS3puT1E,668045
cap - 5265.PNG,0B8WcbXogHvegVmx0SmlLX3I4dkE,691171
cap - 5266.PNG,0B8WcbXogHvegTklBb2w3Vi1SVFk,740046
cap - 5267.PNG,0B8WcbXogHvegUC1zMEF1cU10djA,748221
cap - 5268.PNG,0B8WcbXogHvegYndOb2RuZEpWdEE,765177
cap - 5269.PNG,0B8WcbXogHvegM1hhQWRFY0w2OE0,781027
cap - 5270.PNG,0B8WcbXogHvegeERsb29HN2l5dDQ,778297
cap - 5271.PNG,0B8WcbXogHvegZWJnbGVPSlRHcnM,740640
cap - 5272.PNG,0B8WcbXogHvegWW5TUnNja2tnVHM,682993
cap - 5273.PNG,0B8WcbXogHvegVjRnc0NrcjZuVGc,632183
cap - 5274.PNG,0B8WcbXogHvegSFkyWjhtTUl3LXc,691810
cap - 5275.PNG,0B8WcbXogHvegcTlUdjl2UUI0Sk0,692124
cap - 5276.PNG,0B8WcbXogHvegZEZZVUJSa2lFWEk,706905
cap - 5277.PNG,0B8WcbXogHvegVWxsWXM1YkNxeE0,685581
cap - 5278.PNG,0B8WcbXogHvegXzJPVUlqYVBJb1U,690088
cap - 5279.PNG,0B8WcbXogHvegejBzdEEwVWV5bzA,663577
cap - 5280.PNG,0B8WcbXogHvegOFc5Y3V0TEZVaUk,660457
cap - 5281.PNG,0B8WcbXogHvegRGJBa3NkSDlMSjQ,612774
cap - 5282.PNG,0B8WcbXogHvega3RhYThRMXAyNm8,649974
cap - 5283.PNG,0B8WcbXogHvegZWlLRDRPcXI3M3c,641912
cap - 5284.PNG,0B8WcbXogHvegTExfdV84cGt1b0U,672770
cap - 5285.PNG,0B8WcbXogHvegcUNHNDNPb05PZ1U,650338
cap - 5286.PNG,0B8WcbXogHvegWENnODFPX0JTRkE,636871
cap - 5287.PNG,0B8WcbXogHvegNVJSRnEzMUE4d28,630044
cap - 5288.PNG,0B8WcbXogHvegc0dVdDRpOVZFMVk,618584
cap - 5289.PNG,0B8WcbXogHvegM2hVMG9zcFh5bHc,646714
cap - 5290.PNG,0B8WcbXogHvegdk1qNWw3UnRUUkk,631252
cap - 5291.PNG,0B8WcbXogHvegZFBDR2NtM01yMGM,640552
cap - 5292.PNG,0B8WcbXogHvegZDIzZ2x4SjZkVlU,624980
cap - 5293.PNG,0B8WcbXogHvegQjFjOEJoaV9od2c,609482
cap - 5294.PNG,0B8WcbXogHvegdzV0ZDBkcG9PMzA,590733
cap - 5295.PNG,0B8WcbXogHvegNlRiTk9MdXF2ZTA,598866
cap - 5296.PNG,0B8WcbXogHvegTVRlOXJ5SHA1MlU,690235
cap - 5297.PNG,0B8WcbXogHvegNFdnMFVWUnZfLWM,600554
cap - 5298.PNG,0B8WcbXogHvegeFFQaHB4cUp6NWs,532390
cap - 5299.PNG,0B8WcbXogHvegT2U0WFItWXpjQ0U,511852
cap - 5300.PNG,0B8WcbXogHvegSzh2Q0FCTDd6UFk,491901
cap - 5301.PNG,0B8WcbXogHvegNlRZcXJKbHpEOFk,503128
cap - 5302.PNG,0B8WcbXogHvegdXI0SU90NlI4dHM,552884
cap - 5303.PNG,0B8WcbXogHvegTzdZSl9leWgwYW8,647357
cap - 5304.PNG,0B8WcbXogHvegWExSOFlGVnRHRjg,731246
cap - 5305.PNG,0B8WcbXogHvegbHBjVnNUdV9idnM,656842
cap - 5306.PNG,0B8WcbXogHvegbDkyVjFhZ01LRlU,631424
cap - 5307.PNG,0B8WcbXogHvegWE1aajAyZGRQZkU,706418
cap - 5308.PNG,0B8WcbXogHvegUVI3blpfbzU5dVk,722498
cap - 5309.PNG,0B8WcbXogHvegTldzLThQWnFBZEE,724329
cap - 5310.PNG,0B8WcbXogHvegX0VkUVA2dmFaUWM,648295
cap - 5311.PNG,0B8WcbXogHvegMG9ObGtfd3U1aFE,643726
cap - 5312.PNG,0B8WcbXogHvegbFljMDV0S05MR0U,646651
cap - 5313.PNG,0B8WcbXogHvegUF8xaFhMQ2VRMEU,653131
cap - 5314.PNG,0B8WcbXogHvegd0wwZUozRi12clk,649042
cap - 5315.PNG,0B8WcbXogHvegTVZIYlRlb2tJTEE,625898
cap - 5316.PNG,0B8WcbXogHvegd2NsWkdDaDc3QnM,654124
cap - 5317.PNG,0B8WcbXogHvegQ0l2UGlfOHZTdHM,623029
cap - 5318.PNG,0B8WcbXogHvegb1BmRU9ZOTBQTkU,647709
cap - 5319.PNG,0B8WcbXogHvegaGJqNjZFdHBaOFk,672478
cap - 5320.PNG,0B8WcbXogHvegVWpGYXJ2b05Hc3c,694378
cap - 5321.PNG,0B8WcbXogHvegTTZabFRkRFZVa0E,684697
cap - 5322.PNG,0B8WcbXogHvegN3p1YkhickhvbjA,685917
cap - 5323.PNG,0B8WcbXogHvegWFowY2FJRm1RWWM,668352
cap - 5324.PNG,0B8WcbXogHvegMFd2WUhJMDdMSEU,656648
cap - 5325.PNG,0B8WcbXogHvegLUpTNWdBSFIzYXc,648406
cap - 5326.PNG,0B8WcbXogHvegczNjZHd5MW1UR28,654060
cap - 5327.PNG,0B8WcbXogHvegRHQybWsxSVdjUXc,686603
cap - 5328.PNG,0B8WcbXogHvegZFJIRHdLM1Jma1U,686053
cap - 5329.PNG,0B8WcbXogHvegaHA2eWRsMlNVRHM,684037
cap - 5330.PNG,0B8WcbXogHvegaTZpbnltS25XMkU,625399
cap - 5331.PNG,0B8WcbXogHvegaU5TWk54aW1RMjQ,571584
cap - 5332.PNG,0B8WcbXogHvegbHd2TjNSdnI3bEE,548936
cap - 5333.PNG,0B8WcbXogHvegd1pLenhHWU5fX1U,524236
cap - 5334.PNG,0B8WcbXogHvegeGYwQ1NlX0taSEU,546232
cap - 5335.PNG,0B8WcbXogHvegejRRT2VveXVTMGc,530860
cap - 5336.PNG,0B8WcbXogHvegaWFqRmxSTno1bms,595693
cap - 5337.PNG,0B8WcbXogHvegb1RwRWZIbDdrSnM,618768
cap - 5338.PNG,0B8WcbXogHvegMGtMNlFFYmhzVTQ,628555
cap - 5339.PNG,0B8WcbXogHvegYmhVMUx1YTNyWlE,668117
cap - 5340.PNG,0B8WcbXogHvegX29YT3VnejVGWVk,697527
cap - 5341.PNG,0B8WcbXogHvega0VNcXJ1MlZIUUk,664468
cap - 5342.PNG,0B8WcbXogHvegeUZqVjB4YUh3OEU,695336
cap - 5343.PNG,0B8WcbXogHvegczRQSHAyU3NTTEU,690184
cap - 5344.PNG,0B8WcbXogHvegT0p1VnR0TW9NSFk,721489
cap - 5345.PNG,0B8WcbXogHvegLUlBSjdsRTlIdlU,716643
cap - 5346.PNG,0B8WcbXogHvegM3VrMDFkQkxibHc,704140
cap - 5347.PNG,0B8WcbXogHvegN0NsemVvamNLUlE,689982
cap - 5348.PNG,0B8WcbXogHvegREpVbjFHMzU0d2c,654826
cap - 5349.PNG,0B8WcbXogHvegcTNYZ2ZYRldKLWc,682670
cap - 5350.PNG,0B8WcbXogHvegd0dQM1Z2WnRCZ0U,655804
cap - 5351.PNG,0B8WcbXogHvegU3BSLVVzWVQ3b1k,694337
cap - 5352.PNG,0B8WcbXogHvegeUZJc3AtblBZRDg,683765
cap - 5353.PNG,0B8WcbXogHvegNzVMMXN1SmRLeHc,697024
cap - 5354.PNG,0B8WcbXogHvegRnZWZ0xzaGhEV0k,669867
cap - 5355.PNG,0B8WcbXogHvegNldwYW5sSWoyeE0,679098
cap - 5356.PNG,0B8WcbXogHvegR3BZMjF5STN0VDA,675528
cap - 5357.PNG,0B8WcbXogHvegWldwUjlaVzRQRkU,681155
cap - 5358.PNG,0B8WcbXogHvegTHZZcDlVWDVBVDg,662517
cap - 5359.PNG,0B8WcbXogHvegWWtRMVFVQWU2OWM,674698
cap - 5360.PNG,0B8WcbXogHvegdzEwTnAzU1RaYjg,578533
cap - 5361.PNG,0B8WcbXogHvegcEt1QnRMYU5DVVE,518837
cap - 5362.PNG,0B8WcbXogHvegRks4NUNZUENPSUk,542670
cap - 5363.PNG,0B8WcbXogHvegVWo0T3NMOER5ZzA,637077
cap - 5364.PNG,0B8WcbXogHvegUndLczdDQVNwM2c,640589
cap - 5365.PNG,0B8WcbXogHvegRXdMcE1DZFZFNlE,648191
cap - 5366.PNG,0B8WcbXogHvegYUpUc0x3aWlPblU,664128
cap - 5367.PNG,0B8WcbXogHvegVGRvRmt0V1dzWTQ,689763
cap - 5368.PNG,0B8WcbXogHvegOVBabmhxNnk5Nkk,611066
cap - 5369.PNG,0B8WcbXogHvegRjJxZjNKMHZLc3M,536235
cap - 5370.PNG,0B8WcbXogHvegaVJKNU5xdGo3TEE,474500
cap - 5371.PNG,0B8WcbXogHvegMmZ4U1F4cnpBeFU,522920
cap - 5372.PNG,0B8WcbXogHvegaVhSSWdjcUJvUUU,565636
cap - 5373.PNG,0B8WcbXogHvegQUhVWmdHRU5Hanc,554038
cap - 5374.PNG,0B8WcbXogHvegeU43cjI5bkVNVXM,477845
cap - 5375.PNG,0B8WcbXogHvegaldTQ1poTjM2ajA,518170
cap - 5376.PNG,0B8WcbXogHvega0xERDEtS2JONTg,606662
cap - 5377.PNG,0B8WcbXogHvegSEVzVlFpZU10OUE,641867
cap - 5378.PNG,0B8WcbXogHvegVHZmOURNY3JSMFk,487360
cap - 5379.PNG,0B8WcbXogHvegbUxHNFd1LXctTmc,689490
cap - 5380.PNG,0B8WcbXogHvegeGVzbkJnd2NlNEE,686002
cap - 5381.PNG,0B8WcbXogHvegSTdaa1U0YnJlUm8,677162
cap - 5382.PNG,0B8WcbXogHvegemMzd2hnRjhkOUk,679108
cap - 5383.PNG,0B8WcbXogHvegRmd2UktYdWQtVnM,679035
cap - 5384.PNG,0B8WcbXogHvegYXktWWN2cjV5Q1k,664320
cap - 5385.PNG,0B8WcbXogHvegc3BFbjdBT0dtR0U,658339
cap - 5386.PNG,0B8WcbXogHvegN0pDcTBOa0N3Y1k,650708
cap - 5387.PNG,0B8WcbXogHvegb1RBbWVDeTdqcHc,695931
cap - 5388.PNG,0B8WcbXogHvegLXNTcWE2TlVEcmM,676885
cap - 5389.PNG,0B8WcbXogHvegVGo5SzdKWWlZd3c,661413
cap - 5390.PNG,0B8WcbXogHvegWHpDM3RZLTFDRjg,674594
cap - 5391.PNG,0B8WcbXogHvegajZQMFNWdkYwODQ,694911
cap - 5392.PNG,0B8WcbXogHvegMGJ1bjM5MnRzcnM,681196
cap - 5393.PNG,0B8WcbXogHvegSzUydXVtOThoSEE,632913
cap - 5394.PNG,0B8WcbXogHvegaVEzZ3QyV21mbEU,770537
cap - 5395.PNG,0B8WcbXogHvegVFMtMkszSXEtc2s,731051
cap - 5396.PNG,0B8WcbXogHvegTWdCMzFRQkYwd3c,700166
cap - 5397.PNG,0B8WcbXogHvegal9MYnh2VERvazg,612630
cap - 5398.PNG,0B8WcbXogHvegZ0oyN3hMUkluWTA,631926
cap - 5399.PNG,0B8WcbXogHvegRGJYWWpWQTRaNFU,655818
cap - 5400.PNG,0B8WcbXogHvegSDBuUEpmYTN6dzA,665183
cap - 5401.PNG,0B8WcbXogHvegbi1VdmVpM3JtSkE,665879
cap - 5402.PNG,0B8WcbXogHvegeFQ2cVRpZnZkSWs,636460
cap - 5403.PNG,0B8WcbXogHvegZDZvMnpJajV2NGM,670739
cap - 5404.PNG,0B8WcbXogHvegTUdFY0gzQ1JyUG8,663233
cap - 5405.PNG,0B8WcbXogHvegUjFNWVlkVWF6TFk,638199
cap - 5406.PNG,0B8WcbXogHvegemlKdFZ2dlJ6S0k,657452
cap - 5407.PNG,0B8WcbXogHvegTHJqZGNRYmh0NU0,646714
cap - 5408.PNG,0B8WcbXogHvegd0RzRzJYcmJhZlU,649661
cap - 5409.PNG,0B8WcbXogHvegRWY4aWdQM3NnYXc,658062
cap - 5410.PNG,0B8WcbXogHvegVDV0WWo0TmlOZmM,642976
cap - 5411.PNG,0B8WcbXogHvegVHFzTUhCLUlCaXc,651907
cap - 5412.PNG,0B8WcbXogHvegNEsyRXRORWRYUDQ,604743
cap - 5413.PNG,0B8WcbXogHvegQzA5RHZiWkMxWUE,661171
cap - 5414.PNG,0B8WcbXogHvegcUgyNmExd2I1dHc,663266
cap - 5415.PNG,0B8WcbXogHvegZmN5dzhNMHo3OUU,661071
cap - 5416.PNG,0B8WcbXogHvegVVgtNDgyZ040MjQ,672215
cap - 5417.PNG,0B8WcbXogHvegc1JiNXhKYVZib2c,677284
cap - 5418.PNG,0B8WcbXogHvegVGtYejl3cno5dEU,665348
cap - 5419.PNG,0B8WcbXogHvegR0NpSlROek1iT3M,701556
cap - 5420.PNG,0B8WcbXogHvegdFVvVWlfVzVQMEk,713652
cap - 5421.PNG,0B8WcbXogHvegcWp0aFNOdGt2Y0k,715377
cap - 5422.PNG,0B8WcbXogHvegT2VrdmlEeHdsd0U,671687
cap - 5423.PNG,0B8WcbXogHvegNEF3alNySG43M1E,635710
cap - 5424.PNG,0B8WcbXogHvegRVIyaWU3Y3I1VGs,680739
cap - 5425.PNG,0B8WcbXogHvegQkUtYmZHTVFBSzA,659201
cap - 5426.PNG,0B8WcbXogHvegSmc3M2JOZzNlZzQ,636335
cap - 5427.PNG,0B8WcbXogHvegbkM4T1BnWkdyRHM,647824
cap - 5428.PNG,0B8WcbXogHvegQWIxLXpfdTA3cVk,663066
cap - 5429.PNG,0B8WcbXogHvegc3VjZUxRUFJTMDA,679152
cap - 5430.PNG,0B8WcbXogHvegSDdrZWlBOW9YNUk,609954
cap - 5431.PNG,0B8WcbXogHvegXzhsanozYUpIbUk,596674
cap - 5432.PNG,0B8WcbXogHvegdWRRU0VBaThVOG8,640776
cap - 5433.PNG,0B8WcbXogHvegTVZuZlZMc3RWYzg,628370
cap - 5434.PNG,0B8WcbXogHvegdmxaUkhINVptM3M,583833
cap - 5435.PNG,0B8WcbXogHvega3ZRc013NGJqaHM,566636
cap - 5436.PNG,0B8WcbXogHvegbTVoVDM0QjQ3Nzg,577936
cap - 5437.PNG,0B8WcbXogHvegemtGUHpEQi1nZDg,559608
cap - 5438.PNG,0B8WcbXogHvegUUZGLWg5dnNjRkU,542100
cap - 5439.PNG,0B8WcbXogHvegSEJPMzVkZXdDWFE,625549
cap - 5440.PNG,0B8WcbXogHvegbGtkY1FUV0N6RkU,661099
cap - 5441.PNG,0B8WcbXogHvegV1hic1pnZWlKV0U,681908
cap - 5442.PNG,0B8WcbXogHvegUEZBV21SVldWMXc,685519
cap - 5443.PNG,0B8WcbXogHvegVnk1ckhmLThYQWs,670007
cap - 5444.PNG,0B8WcbXogHvegbTZsMzJxazM4YUE,714448
cap - 5445.PNG,0B8WcbXogHvegUVIzQWVJS016TXM,700762
cap - 5446.PNG,0B8WcbXogHvegRVpYT0FGQTJjdkk,718605
cap - 5447.PNG,0B8WcbXogHvegUXkxTFhBb2lIOHc,707632
cap - 5448.PNG,0B8WcbXogHvegMkZJNVdXaTJCNTg,708434
cap - 5449.PNG,0B8WcbXogHvegN2FwdzJiU3BfN28,719436
cap - 5450.PNG,0B8WcbXogHvegbEZHX3VMWUdOT2s,694936
cap - 5451.PNG,0B8WcbXogHvegSlBJSGVLbDN3SDg,555621
cap - 5452.PNG,0B8WcbXogHvega3FLdGZVMXFmSGM,629039
cap - 5453.PNG,0B8WcbXogHvegdFAzd0xLR2t3R2s,590386
cap - 5454.PNG,0B8WcbXogHvegRWtxMkdMYVFhYVk,462868
cap - 5455.PNG,0B8WcbXogHvegRGxXbGZCbkxEMVE,517433
cap - 5456.PNG,0B8WcbXogHvegcFZtbWxIUkc2TU0,529220
cap - 5457.PNG,0B8WcbXogHvegWjlJSU9mMW5UZDg,602913
cap - 5458.PNG,0B8WcbXogHvegc0dKNGM2T1ZUTE0,699532
cap - 5459.PNG,0B8WcbXogHvegSlZHWkFOOURJRnM,698992
cap - 5460.PNG,0B8WcbXogHvegd2VRVHY4dmYwOWs,597795
cap - 5461.PNG,0B8WcbXogHvegcUpEVk1kajE5ZUk,580579
cap - 5462.PNG,0B8WcbXogHvegZVRPd0ViOUtVTkE,648045
cap - 5463.PNG,0B8WcbXogHvegd3hGU21hTFFoOFE,679650
cap - 5464.PNG,0B8WcbXogHvegblFpWTRRaWJfUEk,684672
cap - 5465.PNG,0B8WcbXogHvegMnNjWnc4eDJicEk,696312
cap - 5466.PNG,0B8WcbXogHvegNV9pR2k2Tk10cGs,671764
cap - 5467.PNG,0B8WcbXogHvegYmxOZTNreEwyNmM,670315
cap - 5468.PNG,0B8WcbXogHvegajlQaXhQNUJZQjg,682300
cap - 5469.PNG,0B8WcbXogHvegNDh5XzlIYmJISWM,773024
cap - 5470.PNG,0B8WcbXogHvegY2xYa3FOWHlJS2M,667861
cap - 5471.PNG,0B8WcbXogHvegZTUyVHlNTUdnM2s,639353
cap - 5472.PNG,0B8WcbXogHvegbk5YbWhVQzkwT1E,632173
cap - 5473.PNG,0B8WcbXogHvegWHBncVdudWVvWkE,653933
cap - 5474.PNG,0B8WcbXogHvegcER4U2dLUVY4SWc,639898
cap - 5475.PNG,0B8WcbXogHvegeEtoSGlEeUFCQ3c,694752
cap - 5476.PNG,0B8WcbXogHvegUjdVZU9uWEd3VUk,664806
cap - 5477.PNG,0B8WcbXogHvegRmg4UmtHLWxOTUU,672171
cap - 5478.PNG,0B8WcbXogHvegR2FnWE15d3ktZlk,678629
cap - 5479.PNG,0B8WcbXogHvegcDlUd2RrdlhPazg,642456
cap - 5480.PNG,0B8WcbXogHvegbnFnakgtTHM3ZVk,648882
cap - 5481.PNG,0B8WcbXogHvegQmpNRjNBeDEyd0E,677992
cap - 5482.PNG,0B8WcbXogHvegUU9tUnF5cWtkWU0,673045
cap - 5483.PNG,0B8WcbXogHvegYjlTa3JvdlRHRkk,680187
cap - 5484.PNG,0B8WcbXogHvegZDBqekJidGN6OG8,656105
cap - 5485.PNG,0B8WcbXogHvegWmNFQ2ZNcEd4eG8,674020
cap - 5486.PNG,0B8WcbXogHvegVnZyVnFjMTdPOW8,727360
cap - 5487.PNG,0B8WcbXogHvegNzM4LWpTeWpoTXc,728869
cap - 5488.PNG,0B8WcbXogHvegLS1RbFRjUFA4N0E,739329
cap - 5489.PNG,0B8WcbXogHvegMXM4bFZtRGdfLXM,707937
cap - 5490.PNG,0B8WcbXogHvegWDFfMzBwajMxOG8,668747
cap - 5491.PNG,0B8WcbXogHvegUzFTbEtXWGJVSlU,667766
cap - 5492.PNG,0B8WcbXogHvegLW42bGtYZ3ZYTWc,703577
cap - 5493.PNG,0B8WcbXogHvegVEo1WENPWlotdFk,556280
cap - 5494.PNG,0B8WcbXogHvegSVZBMVdjbUlYWlk,645658
cap - 5495.PNG,0B8WcbXogHvegY1lPU2VhdUltTGc,668356
cap - 5496.PNG,0B8WcbXogHvegZGNOREppdWtRWlU,686698
cap - 5497.PNG,0B8WcbXogHvegSE1iRVBiTUtfYlE,656854
cap - 5498.PNG,0B8WcbXogHvegTDRKamRtSGtVcGM,690629
cap - 5499.PNG,0B8WcbXogHvegNGJPYkFTS1BhVVE,729828
cap - 5500.PNG,0B8WcbXogHvegNGNTRUFPT3BXdkE,696972
cap - 5501.PNG,0B8WcbXogHvegLWp3SF9reE5Db00,680338
cap - 5502.PNG,0B8WcbXogHvegeDRaOTREWkdMbEk,672056
cap - 5503.PNG,0B8WcbXogHvegR0l0SWVzVFFTT3c,667016
cap - 5504.PNG,0B8WcbXogHvegUGZ2OXh1RXBPRmM,663452
cap - 5505.PNG,0B8WcbXogHvegZ1o1NzBUcVl6d0E,667428
cap - 5506.PNG,0B8WcbXogHvegektpZmZIV1FzM0E,690076
cap - 5507.PNG,0B8WcbXogHvegakdXbi1XemdLZlk,681497
cap - 5508.PNG,0B8WcbXogHvegQTV6ejctWmxMNVU,707916
cap - 5509.PNG,0B8WcbXogHvegZXZjdlRMRmh2c3c,688218
cap - 5510.PNG,0B8WcbXogHvegN2k2bjVIa04yb2M,705579
cap - 5511.PNG,0B8WcbXogHvegODFNMllBb3NMTDQ,705500
cap - 5512.PNG,0B8WcbXogHvegNVdZOXZwNFhUbjQ,738387
cap - 5513.PNG,0B8WcbXogHvegcFJxYlBqQWsyZEk,697984
cap - 5514.PNG,0B8WcbXogHvegcFRtRDBCZ1VPUms,766623
cap - 5515.PNG,0B8WcbXogHvegYi1oNURmM0pCNlE,779534
cap - 5516.PNG,0B8WcbXogHvegNFVqWkFNUW9ERDg,760274
cap - 5517.PNG,0B8WcbXogHvegSmNUM3lMeG9fVTg,761925
cap - 5518.PNG,0B8WcbXogHvegVnBRc3pLNUl6Nkk,717860
cap - 5519.PNG,0B8WcbXogHvegVWlfUUtpZUYzYjQ,723065
cap - 5520.PNG,0B8WcbXogHvegbXIxTnZ5MG1ocEU,749989
cap - 5521.PNG,0B8WcbXogHvegX0EzUzBtam9LSmc,756607
cap - 5522.PNG,0B8WcbXogHvegLUVST2ZobTg1Rms,741551
cap - 5523.PNG,0B8WcbXogHvegQk8tMEZIeHZ5OXc,787531
cap - 5524.PNG,0B8WcbXogHvegUlBsM0EtQi1xaDQ,771552
cap - 5525.PNG,0B8WcbXogHvegM0t2WW9YS3RlSVk,761024
cap - 5526.PNG,0B8WcbXogHvegeUp5YTZnMW1zUG8,724856
cap - 5527.PNG,0B8WcbXogHvegUlhtSFY0RVp5UXM,626058
cap - 5528.PNG,0B8WcbXogHvegdFRicy1nY0gxQ3M,696942
cap - 5529.PNG,0B8WcbXogHvegU0p5RFZ3YXRFZUU,661061
cap - 5530.PNG,0B8WcbXogHvegM2pEOEVyVnpHV1U,588494
cap - 5531.PNG,0B8WcbXogHvegMUE0TFRYRnhxSU0,518293
cap - 5532.PNG,0B8WcbXogHvegS29kNkpIS1FyZ1E,648964
cap - 5533.PNG,0B8WcbXogHvegdS1PVnZSQXUxck0,735877
cap - 5534.PNG,0B8WcbXogHvegZVM2dTBSZXp5Y0k,695893
cap - 5535.PNG,0B8WcbXogHvegMEJERExQSC1raU0,734440
cap - 5536.PNG,0B8WcbXogHvegWklfNTZXSDVYNDg,728142
cap - 5537.PNG,0B8WcbXogHvegcmFJOUxFNnpCeEk,658689
cap - 5538.PNG,0B8WcbXogHvegVS1BQXhtbWFDekk,700400
cap - 5539.PNG,0B8WcbXogHvegQi0xVTZKaEp2X1E,664135
cap - 5540.PNG,0B8WcbXogHvegR2E1OGM0UTE2bVk,703574
cap - 5541.PNG,0B8WcbXogHvegMllpczVyXzNHZnM,722181
cap - 5542.PNG,0B8WcbXogHvegMHhhUC1LMUFqc0U,746499
cap - 5543.PNG,0B8WcbXogHvegV2JzMUduenU4Ums,731060
cap - 5544.PNG,0B8WcbXogHvegc0lNRzlxNmN6MUU,776686
cap - 5545.PNG,0B8WcbXogHvegcHVjUHNQeTRLRW8,731823
cap - 5546.PNG,0B8WcbXogHvegT0ktdHFMS0NlVXM,764648
cap - 5547.PNG,0B8WcbXogHvegMnRyQ3JWb1FVZWc,778694
cap - 5548.PNG,0B8WcbXogHvegS1JXUFpsZ3Ztc2s,768648
cap - 5549.PNG,0B8WcbXogHvegQThBT1RPelBtRDg,778332
cap - 5550.PNG,0B8WcbXogHvegd1NLWDBvZVJBeDQ,731740
cap - 5551.PNG,0B8WcbXogHvegUjZ5NjRmYmNidlE,649531
cap - 5552.PNG,0B8WcbXogHvegNkJYX0Uxbks5Z0U,659242
cap - 5553.PNG,0B8WcbXogHvegOTloeGItVEc3bUk,654787
cap - 5554.PNG,0B8WcbXogHvegVWdJa1pkR0FSdTA,674975
cap - 5555.PNG,0B8WcbXogHvegbzJXY05nOGdfREE,692850
cap - 5556.PNG,0B8WcbXogHvegTUNYbFlhSEFaZUU,691847
cap - 5557.PNG,0B8WcbXogHvegbXU2Z3pYLVRlY3c,677409
cap - 5558.PNG,0B8WcbXogHvegUmJ3dUJuVDl0N1E,690396
cap - 5559.PNG,0B8WcbXogHvegX2VwOUNKTWppSEk,650015
cap - 5560.PNG,0B8WcbXogHvegVzV4dUhvMXRZSkk,647229
cap - 5561.PNG,0B8WcbXogHvegUXBrXy1malhjOXc,659630
cap - 5562.PNG,0B8WcbXogHvegU1pxQXI2QjV2d0E,647344
cap - 5563.PNG,0B8WcbXogHvegajVhSml4MXVvRFU,633659
cap - 5564.PNG,0B8WcbXogHvegYzFiN28wWkpSUTg,597886
cap - 5565.PNG,0B8WcbXogHvegbGdPVVdZTklLUlk,625449
cap - 5566.PNG,0B8WcbXogHvegc3R3Y1lPbG5iSkk,619355
cap - 5567.PNG,0B8WcbXogHvegTlpIbW9ZWldzeDA,629329
cap - 5568.PNG,0B8WcbXogHvegcnI3Sk9pMWFXYjQ,527838
cap - 5569.PNG,0B8WcbXogHvegd2s0S2oxRExwakE,595361
cap - 5570.PNG,0B8WcbXogHvegOG1JTXlTa0RmcFE,597702
cap - 5571.PNG,0B8WcbXogHvegb0d3Zm1DOFg5ZTg,619413
cap - 5572.PNG,0B8WcbXogHvegeFB4eVJEbFliakU,633336
cap - 5573.PNG,0B8WcbXogHvegTV9UWllXNkFlTkk,580745
cap - 5574.PNG,0B8WcbXogHvegbEN1UzZJUEpmR2M,585893
cap - 5575.PNG,0B8WcbXogHvegNFpoakRfekRZQTQ,492047
cap - 5576.PNG,0B8WcbXogHvegRHZ4b2FzbVJWeFE,588762
cap - 5577.PNG,0B8WcbXogHvegQld2MWRlMHlEWE0,644899
cap - 5578.PNG,0B8WcbXogHvegX1NNNFQ2NS1Yd00,536459
cap - 5579.PNG,0B8WcbXogHvegal9hV1dwWkt3dDA,655494
cap - 5580.PNG,0B8WcbXogHvegekJ5bWliNk9uRTQ,615369
cap - 5581.PNG,0B8WcbXogHvegbDlWVGNZX0QwekE,631634
cap - 5582.PNG,0B8WcbXogHvegMndfQTJEeWtjb2M,656171
cap - 5583.PNG,0B8WcbXogHvegZ0tHekMyRHNvM0E,566257
cap - 5584.PNG,0B8WcbXogHvegandGR1FMWXZqS0U,559535
cap - 5585.PNG,0B8WcbXogHvegMTE1cHp4YjRJMUU,481416
cap - 5586.PNG,0B8WcbXogHvegQzdaOFVhOUhPOXM,499788
cap - 5587.PNG,0B8WcbXogHvegWmFPM2FIcjRqOTg,532041
cap - 5588.PNG,0B8WcbXogHvegMXp3N3FWNUtPaFU,582058
cap - 5589.PNG,0B8WcbXogHvegY3VwYmZ5eWNJNmM,575758
cap - 5590.PNG,0B8WcbXogHvegeEp3OXRpU2l0YlE,577448
cap - 5591.PNG,0B8WcbXogHvegU2JHUUhKZW9LZVU,583445
cap - 5592.PNG,0B8WcbXogHvegWlJjcUFiUXV6dWs,457514
cap - 5593.PNG,0B8WcbXogHvegcFFLZGZnOU0zVDg,510690
cap - 5594.PNG,0B8WcbXogHvegdEdrT2pGSUJNakk,507859
cap - 5595.PNG,0B8WcbXogHvegekpWSzhsbXllZjQ,457942
cap - 5596.PNG,0B8WcbXogHvegUEFSUmJYNTRuX2M,391004
cap - 5597.PNG,0B8WcbXogHvegckhvNlEtNWtnZzg,428683
cap - 5598.PNG,0B8WcbXogHvegbE55UFAwU3V0S28,377770
cap - 5599.PNG,0B8WcbXogHvegMHYtcXRsS2lMUkk,375324
cap - 5600.PNG,0B8WcbXogHvegZ0F1Zkx5WjhRYTg,543965
cap - 5601.PNG,0B8WcbXogHvegcVdwUmpTX25WcUE,587015
cap - 5602.PNG,0B8WcbXogHvegREJjLVVBSXVwLTA,674599
cap - 5603.PNG,0B8WcbXogHvegSTliT2FKUDN5VGs,676313
cap - 5604.PNG,0B8WcbXogHvegejJPZkcyVTZrTmM,432641
cap - 5605.PNG,0B8WcbXogHvegQ2VvT1hIbGRMdEU,559383
cap - 5606.PNG,0B8WcbXogHvegdTlzcUpGR29JN2M,340553
cap - 5607.PNG,0B8WcbXogHvegdHRJMHFVRjZyYW8,308059
cap - 5608.PNG,0B8WcbXogHvegOWY1WmhRNGVWMTA,374156
cap - 5609.PNG,0B8WcbXogHvegZUN6MkNCRW5sSmM,380111
cap - 5610.PNG,0B8WcbXogHvegdGl3Tk54MUpEN0E,381067
cap - 5611.PNG,0B8WcbXogHvegQ3d3RzQ2WWVxTTA,333929
cap - 5612.PNG,0B8WcbXogHvegZzl1czZBNktLb2s,367338
cap - 5613.PNG,0B8WcbXogHvegTWc5c3pFSDJBS2M,511724
cap - 5614.PNG,0B8WcbXogHvegVmoteEJqV2VMQlE,428099
cap - 5615.PNG,0B8WcbXogHvegbFM4WEd5R1Vsdm8,451146
cap - 5616.PNG,0B8WcbXogHvegLVlEQkpyVTk2SUE,324370
cap - 5617.PNG,0B8WcbXogHvegTEItai1zYmFvZEE,361467
cap - 5618.PNG,0B8WcbXogHvegcW9GakNLYWd1RkE,352982
cap - 5619.PNG,0B8WcbXogHvegaFZTSy1TSHdDLXM,325604
cap - 5620.PNG,0B8WcbXogHvegRThhN09vbVRrZHc,244770
cap - 5621.PNG,0B8WcbXogHvegRjU0NlFIRXQwbVU,308401
cap - 5622.PNG,0B8WcbXogHvegSGVPRUZRdTFvdDg,346069
cap - 5623.PNG,0B8WcbXogHvegdEY0Vk5rb0EyMkU,406987
cap - 5624.PNG,0B8WcbXogHvegWDYyREZOQnBOcFk,493350
cap - 5625.PNG,0B8WcbXogHvegcHJXX0hieDNSUEk,358216
cap - 5626.PNG,0B8WcbXogHvegZHE5UnUtT2pBb2s,412831
cap - 5627.PNG,0B8WcbXogHvegUnVVU04yZjhmQlU,361508
cap - 5628.PNG,0B8WcbXogHvegVkZGMkpxNThDSEk,392812
cap - 5629.PNG,0B8WcbXogHvegSk51VGRBV3NkWDQ,370892
cap - 5630.PNG,0B8WcbXogHvegeDJvdkhETlBYY1U,396090
cap - 5631.PNG,0B8WcbXogHvegS1BMU2dhMnlfZVU,395065
cap - 5632.PNG,0B8WcbXogHvegSld0MS0tQVRPZ3c,393709
cap - 5633.PNG,0B8WcbXogHvegWXQyMkd4WkdUOVk,342856
cap - 5634.PNG,0B8WcbXogHvegVFFDWGNsT3J5UW8,429383
cap - 5635.PNG,0B8WcbXogHvegTTFLbi1mNFphX00,425330
cap - 5636.PNG,0B8WcbXogHvegcy1qTFdKYWx3ekE,420364
cap - 5637.PNG,0B8WcbXogHvegeTZ3U2t3SE1WMkU,438301
cap - 5638.PNG,0B8WcbXogHvegcVpRbVA4UnQzMVU,444695
cap - 5639.PNG,0B8WcbXogHvegVjN4R25PbnJEdDg,436198
cap - 5640.PNG,0B8WcbXogHvegSUZDbmRSNUMxWU0,343447
cap - 5641.PNG,0B8WcbXogHvegS0tSS1hjVW9VVjA,331185
cap - 5642.PNG,0B8WcbXogHvegTG1fWmZTcnp0b0k,343064
cap - 5643.PNG,0B8WcbXogHvegLXFINV84cmJFVkk,344401
cap - 5644.PNG,0B8WcbXogHvegbXltdEZVa3pVYVk,375443
cap - 5645.PNG,0B8WcbXogHvegd3cxekg1TWhHWkU,328718
cap - 5646.PNG,0B8WcbXogHvegYXlPbnhaSVZZcE0,325729
cap - 5647.PNG,0B8WcbXogHvegemNuZTduNXNFNVU,456553
cap - 5648.PNG,0B8WcbXogHvegXzYxOXgzNzlHM3M,315256
cap - 5649.PNG,0B8WcbXogHvegaFBwNG1XbkxpdTQ,182815
cap - 5650.PNG,0B8WcbXogHvegZ0ktWTJ5S050b1E,321508
cap - 5651.PNG,0B8WcbXogHvegVzI0N3g4c2NBamM,447179
cap - 5652.PNG,0B8WcbXogHvegTjhLUEtyZDNjWTg,416368
cap - 5653.PNG,0B8WcbXogHvegaVFIVXBqUm5jYUU,468775
cap - 5654.PNG,0B8WcbXogHvegTmRtM2xUU1c5djQ,376541
cap - 5655.PNG,0B8WcbXogHvegX2pYa00yNW0zQzA,425919
cap - 5656.PNG,0B8WcbXogHvegOS1LSGctVnZzUzg,403747
cap - 5657.PNG,0B8WcbXogHvegU2x2czJpVDV2WW8,288945
cap - 5658.PNG,0B8WcbXogHvegNWZEbk9jd1NoRm8,392127
cap - 5659.PNG,0B8WcbXogHvegVnhTc3pOMXNMeUU,364870
cap - 5660.PNG,0B8WcbXogHvegTFY3Mzh1YUZlSWc,342732
cap - 5661.PNG,0B8WcbXogHvegR0RfbHl5MHJ6bmM,438783
cap - 5662.PNG,0B8WcbXogHvegZ1E2a3JWNEZ4YzQ,513089
cap - 5663.PNG,0B8WcbXogHvegWTlNVjVzd29ZVlE,380798
cap - 5664.PNG,0B8WcbXogHvegWk1yWmVMckN0TFU,313439
cap - 5665.PNG,0B8WcbXogHvegVzdVR0tCcDdBOEk,305567
cap - 5666.PNG,0B8WcbXogHvegd1haQlozZGNheGs,380230
cap - 5667.PNG,0B8WcbXogHvegYUhzeVNGeW9CNXc,441793
cap - 5668.PNG,0B8WcbXogHvegVWw5dUNPTmZlQ0E,443359
cap - 5669.PNG,0B8WcbXogHvegTGZqd1h1WmJJWlE,371882
cap - 5670.PNG,0B8WcbXogHvegUTkzVTVYT0JYRnM,517071
cap - 5671.PNG,0B8WcbXogHvegZUpKQUlrQUNKblE,491222
cap - 5672.PNG,0B8WcbXogHvegVEhlYnJrTm5iRWM,309542
cap - 5673.PNG,0B8WcbXogHvega1VqWFpab3BZSDQ,280951
cap - 5674.PNG,0B8WcbXogHvegM09Rdy1vYzd5Wkk,321822
cap - 5675.PNG,0B8WcbXogHvegNE9naXB3TUE5Nlk,308470
cap - 5676.PNG,0B8WcbXogHvegMUdMZl9GcjdOQmc,297851
cap - 5677.PNG,0B8WcbXogHvegM1hnSDNFTGpfQXM,244964
cap - 5678.PNG,0B8WcbXogHvegME5VTTRaSWNpT00,319705
cap - 5679.PNG,0B8WcbXogHvegZElOakJ6TUdmQmc,303442
cap - 5680.PNG,0B8WcbXogHvegYWZqRjVDWHJiMDQ,320345
cap - 5681.PNG,0B8WcbXogHvegZVNRdWl3STRqNXc,452065
cap - 5682.PNG,0B8WcbXogHvegeXVud3p1M1NiNU0,451637
cap - 5683.PNG,0B8WcbXogHvegY19Ec0duVUk3TUE,470614
cap - 5684.PNG,0B8WcbXogHvegY29zZnJKYlZiUnc,250669
cap - 5685.PNG,0B8WcbXogHvegOGN0RHRFeFVZSUE,359279
cap - 5686.PNG,0B8WcbXogHvegVzE3SmlLc1ZSU2s,312629
cap - 5687.PNG,0B8WcbXogHvegckt4TnhreEJ3QzQ,484674
cap - 5688.PNG,0B8WcbXogHvegOV8xOEp1S2gwUzQ,448463
cap - 5689.PNG,0B8WcbXogHvegVGRiT0YxdmtpRWM,329686
cap - 5690.PNG,0B8WcbXogHvegbTIySXRzZkszTUU,495012
cap - 5691.PNG,0B8WcbXogHvegOGV2aldkMy0zWms,488493
cap - 5692.PNG,0B8WcbXogHvegbWxyaEV1T1N1emc,492625
cap - 5693.PNG,0B8WcbXogHvegWndGckdzdjJMZm8,340128
cap - 5694.PNG,0B8WcbXogHvegVlhLSU54OGpBX2c,354630
cap - 5695.PNG,0B8WcbXogHvegZFREbmtjSlM1UG8,308998
cap - 5696.PNG,0B8WcbXogHvegSWx0ZkR6Zmljalk,345791
cap - 5697.PNG,0B8WcbXogHvegUWx4MmxBZmhNZ1E,505979
cap - 5698.PNG,0B8WcbXogHvegbG9hOE1DcnZ4UDQ,402070
cap - 5699.PNG,0B8WcbXogHvegZWNJS25tcHg3MU0,561464
cap - 5700.PNG,0B8WcbXogHvegRThIX3FzcGpsU2M,214496
cap - 5701.PNG,0B8WcbXogHvegRWllaGoxelRpcUk,361598
cap - 5702.PNG,0B8WcbXogHvegNnpKS0F2UjAwU0U,301558
cap - 5703.PNG,0B8WcbXogHvegenp2d08zSmRFa00,296867
cap - 5704.PNG,0B8WcbXogHvegOFBTMlZMM1hNaTQ,291367
cap - 5705.PNG,0B8WcbXogHvegN3o1ODhZQkNFR3M,293962
cap - 5706.PNG,0B8WcbXogHvegTDNBNVNIbHlVSG8,399759
cap - 5707.PNG,0B8WcbXogHvegMlBsNGU0TUplWUE,338546
cap - 5708.PNG,0B8WcbXogHvegRFVGbGdMSXIxcDQ,410192
cap - 5709.PNG,0B8WcbXogHvegMlJ0ZXI0cVc5eFk,622861
cap - 5710.PNG,0B8WcbXogHvegX3NSZlpERHNOaG8,664496
cap - 5711.PNG,0B8WcbXogHvegS1NjQWhyMGtvczg,648640
cap - 5712.PNG,0B8WcbXogHvegR21IaktGREd2ZWc,626783
cap - 5713.PNG,0B8WcbXogHvegeGwxRF9acUtNaGs,765730
cap - 5714.PNG,0B8WcbXogHvegTW5GT25BR3dTYUU,501395
cap - 5715.PNG,0B8WcbXogHvegZFEyVGxDSTU0Slk,502162
cap - 5716.PNG,0B8WcbXogHvegeEh1RmN2d19LX3c,548197
cap - 5717.PNG,0B8WcbXogHvegUXNCbktKTHpUcEU,562892
cap - 5718.PNG,0B8WcbXogHvegTVhydlFnRlhkbWs,602381
cap - 5719.PNG,0B8WcbXogHvegS0duX09wRUthOFU,628884
cap - 5720.PNG,0B8WcbXogHvegaGZUNGtVRmJHSXc,643989
cap - 5721.PNG,0B8WcbXogHvegT29GYTJsMmxCWTA,665143
cap - 5722.PNG,0B8WcbXogHvegbGtteFJDd3dkUkk,564479
cap - 5723.PNG,0B8WcbXogHvegQklLREFiQ1lwMUU,657651
cap - 5724.PNG,0B8WcbXogHvegWl8zMlB0Nk9Tc3c,647305
cap - 5725.PNG,0B8WcbXogHvegZXVDbVgzR2xaVGM,657895
cap - 5726.PNG,0B8WcbXogHvegd20zQ1ppdFlMQ1k,586560
cap - 5727.PNG,0B8WcbXogHvegU200X0FsVEtPb3M,634810
cap - 5728.PNG,0B8WcbXogHvegNThubnVmQUpaRXc,622460
cap - 5729.PNG,0B8WcbXogHvegc2lVVFJkcmJTS2c,651683
cap - 5730.PNG,0B8WcbXogHvegSHZlVzJ6bnRoRzg,698185
cap - 5731.PNG,0B8WcbXogHvegWTUtOWI0NzltNHM,825125
cap - 5732.PNG,0B8WcbXogHvegd1dOd0lYTXRISjQ,635620
cap - 5733.PNG,0B8WcbXogHvegSHZ5bm9zUUoxZjA,511786
cap - 5734.PNG,0B8WcbXogHvegVGdROUtKQ3p6Zzg,493595
cap - 5735.PNG,0B8WcbXogHvegblJ5RFZUbG1ra3c,473594
cap - 5736.PNG,0B8WcbXogHvegNnN6cWxVVG8zVWs,392015
cap - 5737.PNG,0B8WcbXogHvegVXh3eFB2cnV1TEE,538766
cap - 5738.PNG,0B8WcbXogHvegaTREeXRjUmpPRzA,544521
cap - 5739.PNG,0B8WcbXogHvegaVVNcE9yUkh6YW8,532589
cap - 5740.PNG,0B8WcbXogHvegaERJNVQzZ3lSc0k,548199
cap - 5741.PNG,0B8WcbXogHvegT3NUV1pUUGtFYzQ,512233
cap - 5742.PNG,0B8WcbXogHvegY0lsa01kS3R1UWM,445963
cap - 5743.PNG,0B8WcbXogHvegWS1GcUlOX3FQbFE,460564
cap - 5744.PNG,0B8WcbXogHvegRFJGdFVCakVNdjA,476410
cap - 5745.PNG,0B8WcbXogHvegWnpRQkV6VTBlQkE,492861
cap - 5746.PNG,0B8WcbXogHvegcHI4RU9DSXRtVVU,523716
cap - 5747.PNG,0B8WcbXogHvegWDNhT2dXSjdHNU0,504153
cap - 5748.PNG,0B8WcbXogHvegWUlTdVFnMEhQdUU,472421
cap - 5749.PNG,0B8WcbXogHvegQTE3dk9DXzUtZ2M,435415
cap - 5750.PNG,0B8WcbXogHvegbzZFVnpSNXRHcHM,494221
cap - 5751.PNG,0B8WcbXogHvegOXBHWjhQaDRhVkk,484826
cap - 5752.PNG,0B8WcbXogHvegbDFQOFhYRi1TcnM,504899
cap - 5753.PNG,0B8WcbXogHvegNFRkSkZZX1pzQlk,512087
cap - 5754.PNG,0B8WcbXogHvegTmY5MzNlczFralE,498249
cap - 5755.PNG,0B8WcbXogHvegVmpiaFBacW9BdGs,519237
cap - 5756.PNG,0B8WcbXogHvegaW5DM2R3RGtxN1U,551887
cap - 5757.PNG,0B8WcbXogHvegVzFWU1lUNFdhR2c,536500
cap - 5758.PNG,0B8WcbXogHvegWks0eVdxcjhEc2c,567680
cap - 5759.PNG,0B8WcbXogHvega29LaF9kS1lBWXM,583561
cap - 5760.PNG,0B8WcbXogHvegdTVsYjRITzJMdWM,570065
cap - 5761.PNG,0B8WcbXogHvegVjhjdEJNT3lvNGs,562281
cap - 5762.PNG,0B8WcbXogHvegZ1FiTU1mS29DOEk,559586
cap - 5763.PNG,0B8WcbXogHvegM3BrNTA4U0tjZzA,465990
cap - 5764.PNG,0B8WcbXogHvegRFlEbk9XRWtsUTA,530279
cap - 5765.PNG,0B8WcbXogHvegUVE2aUNKdDlyU1k,474032
cap - 5766.PNG,0B8WcbXogHvegYWJLbk8zZ1JpcUU,456478
cap - 5767.PNG,0B8WcbXogHvegM1IwY2VSN3ZXRzg,398452
cap - 5768.PNG,0B8WcbXogHvegSVVaTmw2bjdJakE,456480
cap - 5769.PNG,0B8WcbXogHvegMHM4eVlONm1ucHc,404134
cap - 5770.PNG,0B8WcbXogHvegZ1VlT2RHZUdJZzg,649150
cap - 5771.PNG,0B8WcbXogHvegYll0Q090bVlVYmM,636193
cap - 5772.PNG,0B8WcbXogHvegWld5Sy1Yd1NBc1U,699651
cap - 5773.PNG,0B8WcbXogHvegYkdGMVBybnhvTU0,661994
cap - 5774.PNG,0B8WcbXogHvegRlNCd3BFWWpwSDA,667328
cap - 5775.PNG,0B8WcbXogHvegTFNCbS1QSzhPSmM,617117
cap - 5776.PNG,0B8WcbXogHvegV3E1Q29KS25mY3M,697450
cap - 5777.PNG,0B8WcbXogHvegcHBrakczMFNZWkk,636464
cap - 5778.PNG,0B8WcbXogHvegbTQ4aTF2alFvNzQ,657023
cap - 5779.PNG,0B8WcbXogHvegS3VRbVpNY2xvQlk,607441
cap - 5780.PNG,0B8WcbXogHvegQXhZOF96OFI3UFU,588547
cap - 5781.PNG,0B8WcbXogHvegZEJZOFRaNExicXc,602083
cap - 5782.PNG,0B8WcbXogHvegTTFlQ1ZRY3lfNEE,620275
cap - 5783.PNG,0B8WcbXogHvegZDRGZ25CTzhQMDQ,834371
cap - 5784.PNG,0B8WcbXogHvegZUF4Wm5YcHdhTDg,823778
cap - 5785.PNG,0B8WcbXogHvegQ1h1dTNKOFJQTE0,868049
cap - 5786.PNG,0B8WcbXogHvegWGdidjRZZzdyWWs,512161
cap - 5787.PNG,0B8WcbXogHvegTEkwS29YcVo1YWs,586111
cap - 5788.PNG,0B8WcbXogHvegT25vTmZTZzNpdW8,578682
cap - 5789.PNG,0B8WcbXogHvegb0NkRnNFS3RZZEE,629471
cap - 5790.PNG,0B8WcbXogHvegamlMN0V0TF95S3c,693673
cap - 5791.PNG,0B8WcbXogHvegcjlDUk5ObENaZmc,493662
cap - 5792.PNG,0B8WcbXogHvega1NxOE9xR0F2NXc,478649
cap - 5793.PNG,0B8WcbXogHvegTW9pNExyR0NmVVU,501460
cap - 5794.PNG,0B8WcbXogHvegNVBwdDU4VTlYbkk,424642
cap - 5795.PNG,0B8WcbXogHvegOG9TVHBkY0p4N2c,481161
cap - 5796.PNG,0B8WcbXogHvegcEt6TXpDYVc4NUk,529513
cap - 5797.PNG,0B8WcbXogHvegUEw0b0pJeVVhRjg,476118
cap - 5798.PNG,0B8WcbXogHvegSEpta2o1YVMyWXc,468683
cap - 5799.PNG,0B8WcbXogHvegaEV0MHZQQTVzVHc,460681
cap - 5800.PNG,0B8WcbXogHvegTnhLLXNSUUt2V2s,487669
cap - 5801.PNG,0B8WcbXogHvegQjl0Z1FQdFkyQms,640640
cap - 5802.PNG,0B8WcbXogHvegZUJwRkVOWlZ1Tjg,650173
cap - 5803.PNG,0B8WcbXogHvegOW5QV2NSSUtMNlE,526260
cap - 5804.PNG,0B8WcbXogHvegUDFTTXdBZlBQd2c,440108
cap - 5805.PNG,0B8WcbXogHvegbFRWY2ZnTG41VEU,427318
cap - 5806.PNG,0B8WcbXogHvegbUJBSWdnMXdpcWc,502219
cap - 5807.PNG,0B8WcbXogHvegc1M2MnF4cF8zLTg,518936
cap - 5808.PNG,0B8WcbXogHvegSTJHYkpZbG1hWms,539690
cap - 5809.PNG,0B8WcbXogHvegaHUzU1MtNVMxSU0,676143
cap - 5810.PNG,0B8WcbXogHvegOVFLX3dkM2NSYUE,634114
cap - 5811.PNG,0B8WcbXogHvegTlZubWhIRGw1YXc,612274
cap - 5812.PNG,0B8WcbXogHvegeHZqSlBaUHJfcTg,547678
cap - 5813.PNG,0B8WcbXogHvegajNoeXg2SHpXRjQ,520718
cap - 5814.PNG,0B8WcbXogHvegUTc0TkJGQVZ2N28,619824
cap - 5815.PNG,0B8WcbXogHvegZ0dwcElhdVdxdWc,782238
cap - 5816.PNG,0B8WcbXogHvegUDhpcUN4anN0Znc,513065
cap - 5817.PNG,0B8WcbXogHvegNzRLRnpLN0kwWlk,740357
cap - 5818.PNG,0B8WcbXogHvegZ2FWVUxhU090Tkk,689262
cap - 5819.PNG,0B8WcbXogHvegREFpVkxsYnB4V28,579251
cap - 5820.PNG,0B8WcbXogHvegdXdqYzZQb3RQYVk,653564
cap - 5821.PNG,0B8WcbXogHvegNWlCTmNIak9SbnM,593444
cap - 5822.PNG,0B8WcbXogHvegaEtVeXhZQTRQTjg,546037
cap - 5823.PNG,0B8WcbXogHvegVnJJWDMxZ0dmaVk,604678
cap - 5824.PNG,0B8WcbXogHvegQkNHbTRjMlVqT0U,574110
cap - 5825.PNG,0B8WcbXogHvegSXBhYVNOU2w1bTA,559430
cap - 5826.PNG,0B8WcbXogHvegcHhqTXNsbUtfS1k,506778
cap - 5827.PNG,0B8WcbXogHvegUzQ4bk95TmN1SHM,535615
cap - 5828.PNG,0B8WcbXogHvegME9lSFdjeDNTcUk,559801
cap - 5829.PNG,0B8WcbXogHvegaW9zeTlJcGlxbkk,434527
cap - 5830.PNG,0B8WcbXogHvegZWZscjhyOW51T0E,724016
cap - 5831.PNG,0B8WcbXogHvegSnYwUlJrNnFQejg,585316
cap - 5832.PNG,0B8WcbXogHvegV3lwdW9JME9rYkk,676614
cap - 5833.PNG,0B8WcbXogHvegOTg1UzR1RHdObDA,670923
cap - 5834.PNG,0B8WcbXogHvegVXY3YkxkUFFWWXM,567772
cap - 5835.PNG,0B8WcbXogHvegYmx2c2dITnllT3c,591927
cap - 5836.PNG,0B8WcbXogHvegTUF5eFdiemZFWkk,700039
cap - 5837.PNG,0B8WcbXogHvegdGZRaEVHRE0zcjg,681304
cap - 5838.PNG,0B8WcbXogHvegVVNkSFlzc01pejA,553786
cap - 5839.PNG,0B8WcbXogHvegUFg0UGQ0X3FnRHM,501782
cap - 5840.PNG,0B8WcbXogHvegdHJOSE1LTFRocnM,487761
cap - 5841.PNG,0B8WcbXogHvegT3l6ZkFHMnJ4Z2s,642718
cap - 5842.PNG,0B8WcbXogHvegOXdJRmxiVncyMUE,622752
cap - 5843.PNG,0B8WcbXogHvegS0hVakNIZlZqX1U,551112
cap - 5844.PNG,0B8WcbXogHvegd1BkcXRPZXNZcWc,551538
cap - 5845.PNG,0B8WcbXogHvegSG52RVJrUmhnZGc,527019
cap - 5846.PNG,0B8WcbXogHvegNVRIanItWDBUMmM,551817
cap - 5847.PNG,0B8WcbXogHvegajhPdF9qWDNfZ1U,530965
cap - 5848.PNG,0B8WcbXogHvegODg2NFhqd3RZR2c,629421
cap - 5849.PNG,0B8WcbXogHvegczRqcjBSZkZFN2s,607896
cap - 5850.PNG,0B8WcbXogHvegYmpaRVhnejN3NTQ,546014
cap - 5851.PNG,0B8WcbXogHvegaEF2bVowOHJteEk,547568
cap - 5852.PNG,0B8WcbXogHvegRWR2WEhNdVZIT2c,647167
cap - 5853.PNG,0B8WcbXogHvegd2MwSGQ5UDhxbWM,656458
cap - 5854.PNG,0B8WcbXogHvegYUkzNnAxVVFScUU,488105
cap - 5855.PNG,0B8WcbXogHvegeUtTVUN5a01YOWc,653107
cap - 5856.PNG,0B8WcbXogHvegSllWalQxN0FjdTg,566476
cap - 5857.PNG,0B8WcbXogHvegTXl0M2t0LUwxcUU,598128
cap - 5858.PNG,0B8WcbXogHvegdlRHc1EtNGxaRDA,582829
cap - 5859.PNG,0B8WcbXogHvegVWlkcUdhbk14S0U,551482
cap - 5860.PNG,0B8WcbXogHvegVEZGWTJhRkRJWEE,554177
cap - 5861.PNG,0B8WcbXogHvega1hVODMxbHVzYWc,709543
cap - 5862.PNG,0B8WcbXogHvegQmNZVTVzS2traHc,692337
cap - 5863.PNG,0B8WcbXogHvegem1qa1h3N0hFZFE,577062
cap - 5864.PNG,0B8WcbXogHvegb3NMaDh2NXVvb00,585359
cap - 5865.PNG,0B8WcbXogHvegbUxrOHgxbXdFRms,595419
cap - 5866.PNG,0B8WcbXogHvegSTZwaTJxQjJ3d1U,580179
cap - 5867.PNG,0B8WcbXogHvegX3NleDJqRjVObWs,654963
cap - 5868.PNG,0B8WcbXogHvegVVpFRnhCUVdJQzg,539232
cap - 5869.PNG,0B8WcbXogHvegclNxYzVIdUY1cmc,525494
cap - 5870.PNG,0B8WcbXogHvegV2RKSmhsRmRaY0k,656373
cap - 5871.PNG,0B8WcbXogHvegRTYzRHJwQmpva2c,438911
cap - 5872.PNG,0B8WcbXogHvegNGJSN1dZY181Unc,469629
cap - 5873.PNG,0B8WcbXogHvegaHVFTjFPVnh0OUU,456313
cap - 5874.PNG,0B8WcbXogHvega0VYY2tpN0NIOTA,431422
cap - 5875.PNG,0B8WcbXogHvegWjJoOXFsT08ya2s,456883
cap - 5876.PNG,0B8WcbXogHvegSkJOMlYxTFhhRWM,376366
cap - 5877.PNG,0B8WcbXogHvegb2FnbnVITUZjM3M,508845
cap - 5878.PNG,0B8WcbXogHvegV0Y0S0FaendPWUU,396101
cap - 5879.PNG,0B8WcbXogHvegQ2VwM3NXY0x4SWs,472752
cap - 5880.PNG,0B8WcbXogHvegbjlPTmhpNWhjd00,348876
cap - 5881.PNG,0B8WcbXogHvegeEZCM0wya0RlRW8,420378
cap - 5882.PNG,0B8WcbXogHvegWGw1UkRadnliNnM,441727
cap - 5883.PNG,0B8WcbXogHvegQlJXZFQ4aFlBSVU,480647
cap - 5884.PNG,0B8WcbXogHvegZGZCaUpveEV5ME0,503855
cap - 5885.PNG,0B8WcbXogHvegSkIwQ05Md2F2cnM,444353
cap - 5886.PNG,0B8WcbXogHvegYmUxRTVsVkpzeFU,399584
cap - 5887.PNG,0B8WcbXogHvegM09lYmtDaldxMWs,434911
cap - 5888.PNG,0B8WcbXogHvegb1JqN1NUM1c4Ync,435298
cap - 5889.PNG,0B8WcbXogHvegWkNpdUZibGphRmM,382672
cap - 5890.PNG,0B8WcbXogHvegQ1pjaDlUd3ZGTjQ,419350
cap - 5891.PNG,0B8WcbXogHvegeHZ3VVJUa3ZVLWs,407108
cap - 5892.PNG,0B8WcbXogHvegMTV6YWNDd0Zid3M,428604
cap - 5893.PNG,0B8WcbXogHvegUTEtWGY4Z0JnaW8,396289
cap - 5894.PNG,0B8WcbXogHvegTjVvOXlpRkNOZG8,436704
cap - 5895.PNG,0B8WcbXogHvegU0s1bllNc3FqZzA,462391
cap - 5896.PNG,0B8WcbXogHvegck4zS3liYVozNGc,445936
cap - 5897.PNG,0B8WcbXogHvegQWZhZ3d6OGRscGs,393493
cap - 5898.PNG,0B8WcbXogHvegNm04RTdSTFVYODA,388729
cap - 5899.PNG,0B8WcbXogHvegSkRYWkladXE2YWc,624190
cap - 5900.PNG,0B8WcbXogHvegVTlwUUh4NlUycW8,747293
cap - 5901.PNG,0B8WcbXogHvegelBFZGZHRVBSVlU,658449
cap - 5902.PNG,0B8WcbXogHvegUE1zTFR5MTRZeDg,722148
cap - 5903.PNG,0B8WcbXogHvegdW85OGVSRlF2Mlk,726666
cap - 5904.PNG,0B8WcbXogHvegNjJTRjhEazk0Ykk,664673
cap - 5905.PNG,0B8WcbXogHvegN3djSHhiMHQ5QW8,701547
cap - 5906.PNG,0B8WcbXogHvegYUVMVUNFWnpDZDQ,578663
cap - 5907.PNG,0B8WcbXogHvegTEp4ZmNBcEs2bU0,663635
cap - 5908.PNG,0B8WcbXogHvegOFU3U3VnNlZoTXc,681727
cap - 5909.PNG,0B8WcbXogHvegQzZpYWVNZlotalE,543289
cap - 5910.PNG,0B8WcbXogHvegTDU0eGNhS192UUE,573867
cap - 5911.PNG,0B8WcbXogHvegekVmWVR0SWU3Vk0,436213
cap - 5912.PNG,0B8WcbXogHvegcUhWYkVROGpJSDA,751925
cap - 5913.PNG,0B8WcbXogHvegTFpoaUIyanJRZWc,646125
cap - 5914.PNG,0B8WcbXogHvegUkFKSXFjR1poUzA,606454
cap - 5915.PNG,0B8WcbXogHvegd0UtVWlLX2s0bU0,694984
cap - 5916.PNG,0B8WcbXogHvegSDFiYWNXQS1GcTA,596806
cap - 5917.PNG,0B8WcbXogHvegdjRXTFliWEdVeDA,613508
cap - 5918.PNG,0B8WcbXogHvegQWl2YVZsN1VZLW8,646560
cap - 5919.PNG,0B8WcbXogHvegeGwyeWhFU0Y4eW8,645065
cap - 5920.PNG,0B8WcbXogHvegTWc1WlFEd0c5dm8,625446
cap - 5921.PNG,0B8WcbXogHvegLS1DTklVODNFLVk,559708
cap - 5922.PNG,0B8WcbXogHvegMkE0WC1LSzhrQmM,566291
cap - 5923.PNG,0B8WcbXogHvegOFZsWWlIYzJzRTA,545406
cap - 5924.PNG,0B8WcbXogHvegeXg3ODU0T25Gak0,575122
cap - 5925.PNG,0B8WcbXogHvegTmdDSHhNWU5ocTQ,586964
cap - 5926.PNG,0B8WcbXogHvegR2g5NDBsVW1ud2c,551823
cap - 5927.PNG,0B8WcbXogHvegZE5LQlVlUDRtUXM,480099
cap - 5928.PNG,0B8WcbXogHvegNTNKTUhjRU9lc3c,447069
cap - 5929.PNG,0B8WcbXogHvegbmdoTldBLXl4R1U,406874
cap - 5930.PNG,0B8WcbXogHvegZ2dxbF9RQ2Q3ZXM,449972
cap - 5931.PNG,0B8WcbXogHvegLVVMV3ZkTUxhUW8,419936
cap - 5932.PNG,0B8WcbXogHvegdU5HUEhBajZwUmM,558557
cap - 5933.PNG,0B8WcbXogHvegcmRoZ0lfQ2MzclU,567798
cap - 5934.PNG,0B8WcbXogHvegcWE4U1BWLWtJQ3c,559624
cap - 5935.PNG,0B8WcbXogHvegV3BudzNxUVZ6S1U,489205
cap - 5936.PNG,0B8WcbXogHvegaV9nOGlma0lQc1E,479208
cap - 5937.PNG,0B8WcbXogHvegUGEyVEJVclp6elE,438240
cap - 5938.PNG,0B8WcbXogHvegaUZLdXBVTEFZWkk,450388
cap - 5939.PNG,0B8WcbXogHvegcF9nNWJDTnppRVk,596869
cap - 5940.PNG,0B8WcbXogHvegUjRkNUJ5YUFpN2s,584639
cap - 5941.PNG,0B8WcbXogHvegTGtmZU5qenhwVTQ,568492
cap - 5942.PNG,0B8WcbXogHvegZ1pWeTBtaUVLTVE,565400
cap - 5943.PNG,0B8WcbXogHvegQzBrNlFfNXBpeEk,597906
cap - 5944.PNG,0B8WcbXogHvegb3BFN0hQYmdaSms,530946
cap - 5945.PNG,0B8WcbXogHvegWldFOXdfaV8zUkk,513278
cap - 5946.PNG,0B8WcbXogHvegNEhJWENlSzNGSEU,543861
cap - 5947.PNG,0B8WcbXogHvegV2ZHRnR4RWlLQ00,450157
cap - 5948.PNG,0B8WcbXogHvegcHF5NFJHdmtZR2c,472169
cap - 5949.PNG,0B8WcbXogHvegOXVGQUJsQmVlZk0,483489
cap - 5950.PNG,0B8WcbXogHvegM2Q3WFdZbDI1bHM,526688
cap - 5951.PNG,0B8WcbXogHvegdjg5WEt3TF9DTGM,601379
cap - 5952.PNG,0B8WcbXogHvegSmdidVhuTlhGSUE,602027
cap - 5953.PNG,0B8WcbXogHvegOXVRekNqTDlLSzQ,554902
cap - 5954.PNG,0B8WcbXogHvegWlVQVkl4SHZrVVE,563112
cap - 5955.PNG,0B8WcbXogHvegZXZpc3ZDNXFocDQ,564555
cap - 5956.PNG,0B8WcbXogHvegNmJUck5TX1EyOGM,584317
cap - 5957.PNG,0B8WcbXogHvegVHRKeHE3T1pJUnc,556968
cap - 5958.PNG,0B8WcbXogHvegelBwQ0pkS3BJMDg,565648
cap - 5959.PNG,0B8WcbXogHvegUkVCOFF4b0hsc2M,575827
cap - 5960.PNG,0B8WcbXogHvegdC1BTzE4XzVTdXc,434301
cap - 5961.PNG,0B8WcbXogHvegMjhhT1poMzZSc3M,423259
cap - 5962.PNG,0B8WcbXogHvegb2VTeWpHdlVjc1U,427401
cap - 5963.PNG,0B8WcbXogHvegU2VYZExrZTBRQVU,501884
cap - 5964.PNG,0B8WcbXogHvegVGVHSl95NFNLdkU,526924
cap - 5965.PNG,0B8WcbXogHvegOWpWaDBkS28tdVE,524280
cap - 5966.PNG,0B8WcbXogHvegZmFfMGp2MkZsdlE,543737
cap - 5967.PNG,0B8WcbXogHvegRXJ3UURJWkJkMTQ,569670
cap - 5968.PNG,0B8WcbXogHvegS0loSk41elFFVjg,528485
cap - 5969.PNG,0B8WcbXogHvegbURWYXpGeTBuam8,506257
cap - 5970.PNG,0B8WcbXogHvegWGlTN0UyOGpZd3M,550080
cap - 5971.PNG,0B8WcbXogHvegT0hfYnJxa0JWVXM,454015
cap - 5972.PNG,0B8WcbXogHvegUTNhUnNVNF9YaWc,500789
cap - 5973.PNG,0B8WcbXogHvegLVppd2c0aGtyc2c,473931
cap - 5974.PNG,0B8WcbXogHvegakxfU0YwdUhZSjg,450263
cap - 5975.PNG,0B8WcbXogHvegcG4xczJtbDdvUlU,503072
cap - 5976.PNG,0B8WcbXogHvegYWJRSEVlcGROY1U,484948
cap - 5977.PNG,0B8WcbXogHvegXzRGNFo4OW81dVU,471043
cap - 5978.PNG,0B8WcbXogHvegUl9VSzh2Tjc5enc,553985
cap - 5979.PNG,0B8WcbXogHvegNVVVQWVZNzdjYm8,573808
cap - 5980.PNG,0B8WcbXogHvegR0RwMEZTYTY0SEk,704902
cap - 5981.PNG,0B8WcbXogHvegZFVybUZzcF9QX0E,564174
cap - 5982.PNG,0B8WcbXogHvegWmVXTFlha1hFWTQ,725099
cap - 5983.PNG,0B8WcbXogHvegNzl1c1dDVGtjQXM,553198
cap - 5984.PNG,0B8WcbXogHvegUGFSSUcwclhQWlk,409972
cap - 5985.PNG,0B8WcbXogHvegSEFmeUtvTXNEMlk,855159
cap - 5986.PNG,0B8WcbXogHvegZS1ScGFOSEpiaDg,676614
cap - 5987.PNG,0B8WcbXogHvegX3owYVBpcURGckU,626753
cap - 5988.PNG,0B8WcbXogHvegWGNFVk1uU29PYjQ,756449
cap - 5989.PNG,0B8WcbXogHvegaHdKM1NSMFc1SWs,686826
cap - 5990.PNG,0B8WcbXogHvegWkoyVVRVZ3FGM28,542936
cap - 5991.PNG,0B8WcbXogHvegaDhqaHJLalpST3M,533607
cap - 5992.PNG,0B8WcbXogHvega1c1MkN5MVlnd2M,558528
cap - 5993.PNG,0B8WcbXogHvegamZJZENFdXFjZjg,614044
cap - 5994.PNG,0B8WcbXogHvegZnVYSlJZSXBmREU,626287
cap - 5995.PNG,0B8WcbXogHvegNkRIWWE5bUFRRDQ,605734
cap - 5996.PNG,0B8WcbXogHvegZ0RSdHdfY3Jjclk,580527
cap - 5997.PNG,0B8WcbXogHvegOElfMGhqR1NPS28,600238
cap - 5998.PNG,0B8WcbXogHvegUHBMVDFFZkpQb2M,533736
cap - 5999.PNG,0B8WcbXogHvegeFc3elM0bVhmbzQ,566607
