cap - 9000.PNG,0B8WcbXogHvegS0JpdFN0UmxZZG8,598033
cap - 9001.PNG,0B8WcbXogHvegZ1ZDYThGdWdRSU0,560739
cap - 9002.PNG,0B8WcbXogHvegdEdhTUxranhwR3c,569673
cap - 9003.PNG,0B8WcbXogHvegUkwtcHRtYXYzeFU,571025
cap - 9004.PNG,0B8WcbXogHvegcXFIQ1kyX3lpSjg,566562
cap - 9005.PNG,0B8WcbXogHvegU1hoOXI4RTg5MXM,550969
cap - 9006.PNG,0B8WcbXogHvegLWpmV1p0NHZ3VFU,504103
cap - 9007.PNG,0B8WcbXogHvegNTM0WVZfY1l5RlU,467692
cap - 9008.PNG,0B8WcbXogHvegYTdwb1JBRVZDQXM,500681
cap - 9009.PNG,0B8WcbXogHvega192RnA5Rl81cWc,564110
cap - 9010.PNG,0B8WcbXogHvegdk5GTXZsbjFoRW8,598617
cap - 9011.PNG,0B8WcbXogHvegRXhHQlNRdlFTTDA,719300
cap - 9012.PNG,0B8WcbXogHvegRUtqRUpMYkZjSkk,670556
cap - 9013.PNG,0B8WcbXogHvegUHNpX2VtWVU4SzA,774251
cap - 9014.PNG,0B8WcbXogHvegb2JJM05hekFNTU0,604654
cap - 9015.PNG,0B8WcbXogHvegRlA0YjItLVZCbmc,597154
cap - 9016.PNG,0B8WcbXogHvegQmRwcGpNVi1qZUE,599910
cap - 9017.PNG,0B8WcbXogHvegMmhoZV9lY2x2c1U,629773
cap - 9018.PNG,0B8WcbXogHvegZkwwenA3aHNTMVU,641502
cap - 9019.PNG,0B8WcbXogHvegdlQwY2swZlpqVXM,646714
cap - 9020.PNG,0B8WcbXogHvegSFRMZ2VFRExPYk0,652626
cap - 9021.PNG,0B8WcbXogHvegdGVkcWNlY19xVUU,819663
cap - 9022.PNG,0B8WcbXogHvegUkdJem8yclRwWjQ,806083
cap - 9023.PNG,0B8WcbXogHvegV2J0ZjJOeHNZMGs,719323
cap - 9024.PNG,0B8WcbXogHvegLUF5WG1YRTEtZjQ,534489
cap - 9025.PNG,0B8WcbXogHvegRklBR25Rd1BGRDg,558581
cap - 9026.PNG,0B8WcbXogHvegMEpVYmw4M0MzNHc,592169
cap - 9027.PNG,0B8WcbXogHvegNkhpUzJHakNrSnc,600015
cap - 9028.PNG,0B8WcbXogHvegZTFENUh0MHJzbDg,611030
cap - 9029.PNG,0B8WcbXogHvegeUNwblg3dy1pbmM,442387
cap - 9030.PNG,0B8WcbXogHvegOTA3SlVITWdmZHM,559463
cap - 9031.PNG,0B8WcbXogHvegU2NpSElNRm5UbTA,579320
cap - 9032.PNG,0B8WcbXogHvegWC10X1BHb0hYSVU,580038
cap - 9033.PNG,0B8WcbXogHvegbjRMSnZZdTVYZ2c,593062
cap - 9034.PNG,0B8WcbXogHvegWjBuRU1YdU9TWUU,641978
cap - 9035.PNG,0B8WcbXogHveganRKRjJlMmJfcDA,464487
cap - 9036.PNG,0B8WcbXogHvegM2VaNi1MekdDVzQ,465893
cap - 9037.PNG,0B8WcbXogHvegZzgtSXZZckhSQTg,513551
cap - 9038.PNG,0B8WcbXogHvegc2diaDFYWVFaZnM,496591
cap - 9039.PNG,0B8WcbXogHvegVjZpOHdnZE9wdlU,525326
cap - 9040.PNG,0B8WcbXogHvegNzZBVWUtRzl5Z2s,586756
cap - 9041.PNG,0B8WcbXogHvegelJVb3doanNuWTA,386038
cap - 9042.PNG,0B8WcbXogHvegSVp3NS1GWXlUckk,752918
cap - 9043.PNG,0B8WcbXogHvegMThqUEM1SEZaa2c,316681
cap - 9044.PNG,0B8WcbXogHvegX1hRWGRpRWFfdDQ,355816
cap - 9045.PNG,0B8WcbXogHvegQUxzV1JqdDZVbTA,369688
cap - 9046.PNG,0B8WcbXogHvegVEpFVld1Ull6dnc,374715
cap - 9047.PNG,0B8WcbXogHvegXzlOZWFCOUZFc3c,356052
cap - 9048.PNG,0B8WcbXogHvegYWx2QVQ0dFFZekU,391028
cap - 9049.PNG,0B8WcbXogHvegNkhqSURuYVFfcWM,293629
cap - 9050.PNG,0B8WcbXogHvegRXZnQXVCZU1kQzQ,499244
cap - 9051.PNG,0B8WcbXogHvegc3dPY2oyaVRFdG8,530577
cap - 9052.PNG,0B8WcbXogHvegT2tDcE80VExTc2M,541337
cap - 9053.PNG,0B8WcbXogHvegakhIWmprU1cwdGM,530220
cap - 9054.PNG,0B8WcbXogHvegVWczeGR5WHdfWUk,533858
cap - 9055.PNG,0B8WcbXogHvegNUZkN3FvcDBua00,551648
cap - 9056.PNG,0B8WcbXogHvegejl1NlBJN3poU0E,547160
cap - 9057.PNG,0B8WcbXogHvegbVRRT1lEMC11Slk,527264
cap - 9058.PNG,0B8WcbXogHvegWkhSWFRFaEllY1E,498661
cap - 9059.PNG,0B8WcbXogHvegQ0xTazB3N2h6MUk,509276
cap - 9060.PNG,0B8WcbXogHvegUTFQb0UxUnAwU1U,528421
cap - 9061.PNG,0B8WcbXogHveganE5LWlEVVRWQUU,525827
cap - 9062.PNG,0B8WcbXogHvegRTNndXpod18zOU0,518565
cap - 9063.PNG,0B8WcbXogHvegYjA4YkFwVjdaX2s,537490
cap - 9064.PNG,0B8WcbXogHvegRkZRZ01mV3M2a3c,487746
cap - 9065.PNG,0B8WcbXogHvegdUpmLXJSSzVlRlE,478608
cap - 9066.PNG,0B8WcbXogHvegUjB3cHZxOHRYTm8,467341
cap - 9067.PNG,0B8WcbXogHvegb3RiRGJlVXVPdkk,439397
cap - 9068.PNG,0B8WcbXogHvegMjh2dlhvS3RpV2M,470613
cap - 9069.PNG,0B8WcbXogHvegZFJYYlJaR0otVzA,544699
cap - 9070.PNG,0B8WcbXogHvegdXpsZS1VX1VoUWs,473475
cap - 9071.PNG,0B8WcbXogHvegUU5DbDJYeFRyMlE,485957
cap - 9072.PNG,0B8WcbXogHvegZktvTS11b0s2cjQ,491777
cap - 9073.PNG,0B8WcbXogHvegdktScmtXd2M2VE0,491783
cap - 9074.PNG,0B8WcbXogHvegTFJSUFIyc2dKZkk,549898
cap - 9075.PNG,0B8WcbXogHvegdlUyZmdWU1hLXzg,487897
cap - 9076.PNG,0B8WcbXogHvegNjNDTlFfc2xNbnc,443709
cap - 9077.PNG,0B8WcbXogHvegODZVWnhzX2NaY2M,423050
cap - 9078.PNG,0B8WcbXogHvegZTlBSEdmQ3BEaGc,482130
cap - 9079.PNG,0B8WcbXogHvegQUQzRjg5bGpFR0E,540687
cap - 9080.PNG,0B8WcbXogHvegZ2tOTTVJVUJQU0k,461598
cap - 9081.PNG,0B8WcbXogHvegY2x1bEdmazNZTEE,375233
cap - 9082.PNG,0B8WcbXogHvegRDNLd0VkLWNHbUU,559333
cap - 9083.PNG,0B8WcbXogHvegckZwak14b3NZeTg,203071
cap - 9084.PNG,0B8WcbXogHvegSnkzMEw4WnR3OVU,373898
cap - 9085.PNG,0B8WcbXogHvegc2ctSmFzY0ljZ2M,279042
cap - 9086.PNG,0B8WcbXogHvegWG0wZGJickMtSGs,363428
cap - 9087.PNG,0B8WcbXogHvegTHFNNVdUUVBkRHM,391283
cap - 9088.PNG,0B8WcbXogHvegWUM0THBRMGhhdkk,509661
cap - 9089.PNG,0B8WcbXogHvegcFN3MWVRUmxiZnc,515531
cap - 9090.PNG,0B8WcbXogHvegeHMyYm1OdmNfMWs,551775
cap - 9091.PNG,0B8WcbXogHvegZTR5a1hfQ09wZE0,571651
cap - 9092.PNG,0B8WcbXogHvegMVU1eFQ4Qm1yNnM,301779
cap - 9093.PNG,0B8WcbXogHvegaVVNOF95d0lfbE0,339069
cap - 9094.PNG,0B8WcbXogHvegbWZoaF83a2RIUEk,388955
cap - 9095.PNG,0B8WcbXogHvegNXdZbTlidGo1QjQ,383495
cap - 9096.PNG,0B8WcbXogHvegcVluekZIZGU3NGs,561149
cap - 9097.PNG,0B8WcbXogHvegQzJDTV9fM2t5NjQ,552704
cap - 9098.PNG,0B8WcbXogHvegX0NPS3B1al9SU0U,545656
cap - 9099.PNG,0B8WcbXogHvegRC1fZTVfdUo2Wk0,551261
cap - 9100.PNG,0B8WcbXogHvegQ2hHSnFGWHJ6TTg,451218
cap - 9101.PNG,0B8WcbXogHvegaHJBUkduT1J0Mm8,435023
cap - 9102.PNG,0B8WcbXogHvegU281Z01qUE9Nb3M,592617
cap - 9103.PNG,0B8WcbXogHvegZDhZQ2ZhWnZnSGs,516208
cap - 9104.PNG,0B8WcbXogHvegQmprYm9HaEZ0ekU,536051
cap - 9105.PNG,0B8WcbXogHvegQUcwYUh6RXJVRjg,573861
cap - 9106.PNG,0B8WcbXogHvegQ0h5S2xDWks4cjQ,508720
cap - 9107.PNG,0B8WcbXogHvegTldLU2JOeW94LTQ,525450
cap - 9108.PNG,0B8WcbXogHvegZE5pTG1ZQUFkQnc,503041
cap - 9109.PNG,0B8WcbXogHvegbzlqa1RzVW83dU0,527967
cap - 9110.PNG,0B8WcbXogHvegQ0RReXphOC11UWs,546381
cap - 9111.PNG,0B8WcbXogHvegRzY5NFN3N2Y5NDQ,512649
cap - 9112.PNG,0B8WcbXogHvegT1lSejY0TFF4WHM,521217
cap - 9113.PNG,0B8WcbXogHvegSVhFMkZzSTREb00,491147
cap - 9114.PNG,0B8WcbXogHvega3M5Q2JtZEhnUWM,478212
cap - 9115.PNG,0B8WcbXogHvegSkIwRjhNNUhJTkE,491611
cap - 9116.PNG,0B8WcbXogHvegeWh5Wk11UzRiVTA,503904
cap - 9117.PNG,0B8WcbXogHvegeUJNcG5nc083OVE,492328
cap - 9118.PNG,0B8WcbXogHvegdHBMVWVCNkZpdTQ,482865
cap - 9119.PNG,0B8WcbXogHvegT0xXUXhtYV8xakk,466239
cap - 9120.PNG,0B8WcbXogHvegQk84bG9rdFVQcTg,476717
cap - 9121.PNG,0B8WcbXogHvegeWhLbWxKTFhnUzA,498952
cap - 9122.PNG,0B8WcbXogHvegSnpNQ3N5ZUY2Z0k,480808
cap - 9123.PNG,0B8WcbXogHvegR2pPZzd2S05raTg,532989
cap - 9124.PNG,0B8WcbXogHvegNWlURnFNSGV3YUE,484522
cap - 9125.PNG,0B8WcbXogHvegOGhXVlVrY2Q5VG8,466090
cap - 9126.PNG,0B8WcbXogHvegcVVGQTlwSDVuUk0,417124
cap - 9127.PNG,0B8WcbXogHvegOVFJc00xREpNbGM,419577
cap - 9128.PNG,0B8WcbXogHvegOWVMbjNaUm1VOFU,530128
cap - 9129.PNG,0B8WcbXogHvegVEgwWWtqejg2c3M,463944
cap - 9130.PNG,0B8WcbXogHvegcWJMY1Y0VUE4Zk0,501806
cap - 9131.PNG,0B8WcbXogHvegLUpYdjhIaGpLeFE,506706
cap - 9132.PNG,0B8WcbXogHvegbGtHR1R5NnI3N28,517994
cap - 9133.PNG,0B8WcbXogHvegN0lHWFhHSWY1YW8,475975
cap - 9134.PNG,0B8WcbXogHvegU1lPaGlPaXRNNFU,469217
cap - 9135.PNG,0B8WcbXogHvegcUYzZ3JYdzQ5bGM,477020
cap - 9136.PNG,0B8WcbXogHvegSnZ4eHRDczhNZ0E,636370
cap - 9137.PNG,0B8WcbXogHvegRkFJNk9saE5Oa1E,410546
cap - 9138.PNG,0B8WcbXogHvegTWJMZW94Zk0zTzQ,484643
cap - 9139.PNG,0B8WcbXogHvegQ09pS2FBRmotZXc,602477
cap - 9140.PNG,0B8WcbXogHvegaUs2QTJ3c2F0bWc,605042
cap - 9141.PNG,0B8WcbXogHvegQmFnaWxtc1EtWkk,508375
cap - 9142.PNG,0B8WcbXogHvegYVYyMEMxM1NQM28,537510
cap - 9143.PNG,0B8WcbXogHvegZThlNzRFcXFNdFU,554496
cap - 9144.PNG,0B8WcbXogHvegLXF4NEtrRTZGN0U,548935
cap - 9145.PNG,0B8WcbXogHvegdkc1SldkWDlwR28,553715
cap - 9146.PNG,0B8WcbXogHvegZ1BzdGJPRE5mSTg,525124
cap - 9147.PNG,0B8WcbXogHvegVzAyZzh3aU1hNE0,526595
cap - 9148.PNG,0B8WcbXogHvegWFNUQmlMMXJwbXc,511121
cap - 9149.PNG,0B8WcbXogHvegaFJlOTNKVzdIUWM,571022
cap - 9150.PNG,0B8WcbXogHvegeG9mbnAtVEcxazA,478841
cap - 9151.PNG,0B8WcbXogHvegM3d4WlJSam10Z28,495275
cap - 9152.PNG,0B8WcbXogHvegbjRZZ3JrWGdJV3M,486981
cap - 9153.PNG,0B8WcbXogHvegNHRQOHFKb0VyaTQ,508582
cap - 9154.PNG,0B8WcbXogHvegdkdyTTg5UDhkX1k,673712
cap - 9155.PNG,0B8WcbXogHvegR0N1N2I4UzNZRGs,686693
cap - 9156.PNG,0B8WcbXogHvegbVNrWXJWb3ZNUkk,681152
cap - 9157.PNG,0B8WcbXogHvegTUFqMllsZmswdDQ,697887
cap - 9158.PNG,0B8WcbXogHvegNjZ1QURaVmpPbUU,697583
cap - 9159.PNG,0B8WcbXogHvegcjNDVHR4bTc5ZzQ,668803
cap - 9160.PNG,0B8WcbXogHvegNTBxNFIyX2VsR1k,624929
cap - 9161.PNG,0B8WcbXogHvegdWl1cnRBbkVqek0,621262
cap - 9162.PNG,0B8WcbXogHvegNDFKSjQzSl9PRFk,594400
cap - 9163.PNG,0B8WcbXogHvegUTBra3lZdlB1TEU,621072
cap - 9164.PNG,0B8WcbXogHvegaXh4eldXN1N4REk,551578
cap - 9165.PNG,0B8WcbXogHvegVFpLZ3RiaDI1ams,533467
cap - 9166.PNG,0B8WcbXogHvegT3BNS0xYU0kxSDQ,518471
cap - 9167.PNG,0B8WcbXogHvegOVh0QzRLZHpYVWs,551167
cap - 9168.PNG,0B8WcbXogHvegY2xMZHdkb0RSdUU,574684
cap - 9169.PNG,0B8WcbXogHvegcVhla29Lc1IwaVE,615734
cap - 9170.PNG,0B8WcbXogHvegR29ERkVvaG04WUU,524143
cap - 9171.PNG,0B8WcbXogHvegUUdlOHhGVm9SOTg,528264
cap - 9172.PNG,0B8WcbXogHvegb2w3azlHSGEwWm8,575047
cap - 9173.PNG,0B8WcbXogHvegTndKWDhjR09MYWs,511384
cap - 9174.PNG,0B8WcbXogHvegUkl3d1pQQ3p1bHc,465714
cap - 9175.PNG,0B8WcbXogHvegOUlOZko0STRsams,624186
cap - 9176.PNG,0B8WcbXogHvegbEZXd3VHajZBSWs,567378
cap - 9177.PNG,0B8WcbXogHvegdGhaanV0UXlObkU,523118
cap - 9178.PNG,0B8WcbXogHvegYWpwSHozUndDUTA,533095
cap - 9179.PNG,0B8WcbXogHvegMjRpZDNMMElmN00,469373
cap - 9180.PNG,0B8WcbXogHvegdWhZamJTbW1sV0U,634420
cap - 9181.PNG,0B8WcbXogHvegWW5GU1c0c0F4WjA,603292
cap - 9182.PNG,0B8WcbXogHvegSWlTNEg4MjNzUlE,564504
cap - 9183.PNG,0B8WcbXogHvegUTRfVlpDWFQzZjQ,541838
cap - 9184.PNG,0B8WcbXogHvegM1pSeEZmZ0owV2s,511597
cap - 9185.PNG,0B8WcbXogHvegSC1MY2cxLVZ4MTA,526478
cap - 9186.PNG,0B8WcbXogHvegM1JtSUVOQmxiNms,555600
cap - 9187.PNG,0B8WcbXogHvegMWxMT1FkOXlMRTA,514463
cap - 9188.PNG,0B8WcbXogHvegN3lRVm9Jd0Z2ZWc,522978
cap - 9189.PNG,0B8WcbXogHvegVllsVEJXTjRBczQ,515460
cap - 9190.PNG,0B8WcbXogHvegM3dtNE5sTVh5N0k,494316
cap - 9191.PNG,0B8WcbXogHvegVm9VWkJ0NEhTTkE,470458
cap - 9192.PNG,0B8WcbXogHvegZE1icDA1bnNjTTA,578585
cap - 9193.PNG,0B8WcbXogHvegVTZuSWxGRWVkTnc,595248
cap - 9194.PNG,0B8WcbXogHvegVWFBTmRxdWVKa1E,546038
cap - 9195.PNG,0B8WcbXogHvegY2FkOHUxNE5pbkU,503730
cap - 9196.PNG,0B8WcbXogHvegYldnRU45OWNQT0U,611240
cap - 9197.PNG,0B8WcbXogHvegdXUwR3p5eWozdGs,644575
cap - 9198.PNG,0B8WcbXogHvegVkRlemN5S1A5Ym8,675663
cap - 9199.PNG,0B8WcbXogHvegR3pYTk8xOEtVTjA,566226
cap - 9200.PNG,0B8WcbXogHvegRWVvTTc1dUdGemM,508205
cap - 9201.PNG,0B8WcbXogHvegQVN2aGJHZDVoazQ,476201
cap - 9202.PNG,0B8WcbXogHvegWXNvam51YkVNcjg,580632
cap - 9203.PNG,0B8WcbXogHvegc2g3MlozU1hMVVk,616116
cap - 9204.PNG,0B8WcbXogHvegTkVDckNKNDIxeXc,599642
cap - 9205.PNG,0B8WcbXogHvegdkNUdkRfMlFuNUE,435339
cap - 9206.PNG,0B8WcbXogHvegUHBVOE9xRGUya1U,457776
cap - 9207.PNG,0B8WcbXogHvega2VOZWpoZUk2MUk,591039
cap - 9208.PNG,0B8WcbXogHvegUllQaGg3TjNfdm8,458193
cap - 9209.PNG,0B8WcbXogHvegN3BxS29qck1ORkE,448869
cap - 9210.PNG,0B8WcbXogHvegNmsydUZHQVhSdlk,490978
cap - 9211.PNG,0B8WcbXogHvegNnRlYjk4Vy1qNkU,604566
cap - 9212.PNG,0B8WcbXogHvegTkF5ZVNMVjNvV3M,399346
cap - 9213.PNG,0B8WcbXogHvegSDlYdnpySEt3NG8,429910
cap - 9214.PNG,0B8WcbXogHvegM1JzTEpIYkZya1U,435158
cap - 9215.PNG,0B8WcbXogHvegb0t3WXVRMGoxVWM,418698
cap - 9216.PNG,0B8WcbXogHvegbEVkMjV6VG9HbDQ,393555
cap - 9217.PNG,0B8WcbXogHvegVnpVQUxwQkpnVjg,455159
cap - 9218.PNG,0B8WcbXogHvegVFpuLVJMa3FycTQ,647672
cap - 9219.PNG,0B8WcbXogHvegTG84bmZmSjdMck0,619605
cap - 9220.PNG,0B8WcbXogHvegUVJwN0swMkJhSHM,517050
cap - 9221.PNG,0B8WcbXogHvegWVZGWDNUR3RZRFE,404850
cap - 9222.PNG,0B8WcbXogHvegdjVUeXRDcVNROUU,379657
cap - 9223.PNG,0B8WcbXogHvegVU94b3dCelNnZlE,504721
cap - 9224.PNG,0B8WcbXogHvegSDd2dzlTelEtX2s,476975
cap - 9225.PNG,0B8WcbXogHvegZ1FNbER1RUY3SVk,446613
cap - 9226.PNG,0B8WcbXogHvegNWpZUkwwTjVJdFU,428031
cap - 9227.PNG,0B8WcbXogHvegWmtRcW1RVUtkWDQ,477880
cap - 9228.PNG,0B8WcbXogHvegcnJ6ZEZ0ZDI5dm8,474155
cap - 9229.PNG,0B8WcbXogHvegVy1XcGhXUk56QWM,448228
cap - 9230.PNG,0B8WcbXogHvegNGNYNlo5N2dPWmc,510177
cap - 9231.PNG,0B8WcbXogHvegakVuWlo0TWMtaU0,580171
cap - 9232.PNG,0B8WcbXogHvegb3BSbnZlZnQ0dGs,472663
cap - 9233.PNG,0B8WcbXogHvegMHBxSVZQZ2d0enM,451919
cap - 9234.PNG,0B8WcbXogHvegQTdEUm1taDhieTA,446019
cap - 9235.PNG,0B8WcbXogHvegZ3R5SGt1LVVRTVE,428921
cap - 9236.PNG,0B8WcbXogHvegZHllRXNGZHVrQUk,588624
cap - 9237.PNG,0B8WcbXogHvegN3JjbjBleWt2THM,620050
cap - 9238.PNG,0B8WcbXogHvegNW01dFFWN2FhWmc,597807
cap - 9239.PNG,0B8WcbXogHvegMWNrSXJKR1FWUWM,597292
cap - 9240.PNG,0B8WcbXogHvegNDVMQWI1VzAtOUE,598098
cap - 9241.PNG,0B8WcbXogHvegZm9aSEQtVVVJa3c,574392
cap - 9242.PNG,0B8WcbXogHvegUHVrcml2VnVnTTQ,535546
cap - 9243.PNG,0B8WcbXogHvegbDBTY1N3RWZHQjQ,581360
cap - 9244.PNG,0B8WcbXogHvegQlBkWkQzN0FYdmM,558678
cap - 9245.PNG,0B8WcbXogHvegN3dQWE82WnZtcUk,566746
cap - 9246.PNG,0B8WcbXogHvegdzdjeDd6Nk40R1k,494924
cap - 9247.PNG,0B8WcbXogHvegUFJmS3hVS3hVWnM,536636
cap - 9248.PNG,0B8WcbXogHvegYUtfSFhFbXdsaDA,491551
cap - 9249.PNG,0B8WcbXogHvegVXAwcnJXS2RmVDQ,434701
cap - 9250.PNG,0B8WcbXogHvegdF9NZ2o4QnFrYm8,454794
cap - 9251.PNG,0B8WcbXogHvega1JUS3YwbXZiXzg,368146
cap - 9252.PNG,0B8WcbXogHvegRWZUSXBySzFoQXc,392929
cap - 9253.PNG,0B8WcbXogHvegTGVuQnN6emlJMDg,468962
cap - 9254.PNG,0B8WcbXogHvegaU95RFh1c09mN2c,446207
cap - 9255.PNG,0B8WcbXogHvegT0pCVEM4RlJrSFU,424804
cap - 9256.PNG,0B8WcbXogHveganJWbFJBYll5VG8,465870
cap - 9257.PNG,0B8WcbXogHvegeEtqaUZpNHZmQWc,430610
cap - 9258.PNG,0B8WcbXogHvegQzB6RVlzVk1lOUE,424208
cap - 9259.PNG,0B8WcbXogHvegNTlqOVowZFJOYW8,452759
cap - 9260.PNG,0B8WcbXogHvegSUxDRV9kSzdNclk,514131
cap - 9261.PNG,0B8WcbXogHvegbUJrTUJOanU2WFU,458460
cap - 9262.PNG,0B8WcbXogHvegSnE4UHRVM25iNHM,409977
cap - 9263.PNG,0B8WcbXogHvegY0R2RHVkVjM4YzQ,376158
cap - 9264.PNG,0B8WcbXogHvega01yTlNVSFo1enM,602818
cap - 9265.PNG,0B8WcbXogHvegajJZX1RSWC1ZUzA,553732
cap - 9266.PNG,0B8WcbXogHvegc3FXQ1ZPYnFUQkk,579865
cap - 9267.PNG,0B8WcbXogHvegbTlNb0xaa2R6bkU,520526
cap - 9268.PNG,0B8WcbXogHvegeldrVlBTMWZNRnM,522273
cap - 9269.PNG,0B8WcbXogHvegUUNvZDBpVWxyRUk,509767
cap - 9270.PNG,0B8WcbXogHvegRkRpTjI0bkNzSG8,506356
cap - 9271.PNG,0B8WcbXogHvegdS11MFBWdUdscnc,563829
cap - 9272.PNG,0B8WcbXogHvegSHFyaFFqWHFZd00,529272
cap - 9273.PNG,0B8WcbXogHvegMU5BcF9KQ2RMOE0,526111
cap - 9274.PNG,0B8WcbXogHvegU190RnBWZ2hmalU,480815
cap - 9275.PNG,0B8WcbXogHvegc25ZOC1pQm1RTEU,432972
cap - 9276.PNG,0B8WcbXogHvegODVmM1I0VEZ0UE0,477881
cap - 9277.PNG,0B8WcbXogHvegdmVBMVFmeWRsU0U,510451
cap - 9278.PNG,0B8WcbXogHvegNTBvTThBRDYyNDQ,500171
cap - 9279.PNG,0B8WcbXogHvegdzkwX1ZnZGRkc1U,495108
cap - 9280.PNG,0B8WcbXogHvegYTF5VElsNUdnQm8,502295
cap - 9281.PNG,0B8WcbXogHvegc1FLUC10bTNEV1k,526990
cap - 9282.PNG,0B8WcbXogHvegTUVKMENEZDNkMWc,575394
cap - 9283.PNG,0B8WcbXogHvegdXdjV2hSaWR6YVE,582291
cap - 9284.PNG,0B8WcbXogHvegZ0I2WjdwLTVtaU0,559397
cap - 9285.PNG,0B8WcbXogHvegc1JGemF6aERmbFk,540037
cap - 9286.PNG,0B8WcbXogHvegcGJMS0xMb1FCUGc,561976
cap - 9287.PNG,0B8WcbXogHvegYjltVUxoU0FCeUk,547953
cap - 9288.PNG,0B8WcbXogHvegTVlSNVhqLVY3YUE,555847
cap - 9289.PNG,0B8WcbXogHvegb2k0Qy1Yc0Q1NkE,519272
cap - 9290.PNG,0B8WcbXogHvegTmltcTZLamdVNU0,494712
cap - 9291.PNG,0B8WcbXogHvegSV9scF93OHA3UUk,456645
cap - 9292.PNG,0B8WcbXogHvegSHRCV0VMcGNHUXc,505500
cap - 9293.PNG,0B8WcbXogHvegOE01bDAzcnpSdzA,429939
cap - 9294.PNG,0B8WcbXogHvegNmR6LWtMMUd0dU0,480382
cap - 9295.PNG,0B8WcbXogHvegNFFDY3laWU9Jc2s,487596
cap - 9296.PNG,0B8WcbXogHvegbVFaZVFRRGZWQVE,470603
cap - 9297.PNG,0B8WcbXogHvegSjYycmZKZlhQTW8,479204
cap - 9298.PNG,0B8WcbXogHvegNkZGOExKN20wRzQ,444855
cap - 9299.PNG,0B8WcbXogHvegRDNMZl9SenI0MGM,478864
cap - 9300.PNG,0B8WcbXogHvegSUtEbmdhckZJMVk,573074
cap - 9301.PNG,0B8WcbXogHvegZ3N6b2c2WWliQUU,594346
cap - 9302.PNG,0B8WcbXogHvegVzVneUFYWERDdmM,646054
cap - 9303.PNG,0B8WcbXogHvegVjh4S195SUVHdWM,489862
cap - 9304.PNG,0B8WcbXogHvegaTdsM0Vpel8tbWs,509643
cap - 9305.PNG,0B8WcbXogHvegWDJHOGdRdlJMdTA,496648
cap - 9306.PNG,0B8WcbXogHvegT2hJZVhuRUNjNEU,591094
cap - 9307.PNG,0B8WcbXogHvegb0hPdnNncThwY00,598239
cap - 9308.PNG,0B8WcbXogHvegNXhNZllNRjJEUGs,549974
cap - 9309.PNG,0B8WcbXogHvegQk8yT3M4eGNnZlU,545089
cap - 9310.PNG,0B8WcbXogHvegbU02QXpvZGtVSmc,415479
cap - 9311.PNG,0B8WcbXogHvegLS1hQXBZem1nLTQ,571515
cap - 9312.PNG,0B8WcbXogHvegRWV2S1NOMXNibkE,502446
cap - 9313.PNG,0B8WcbXogHvegTV9QN3daMEFNeUU,508392
cap - 9314.PNG,0B8WcbXogHvegbHBMN0x5TXF3ZGs,644548
cap - 9315.PNG,0B8WcbXogHvegZEEzLWZZWlhMUzQ,310104
cap - 9316.PNG,0B8WcbXogHvegV3YxVE9NN3RBTlk,267708
cap - 9317.PNG,0B8WcbXogHvegVHBObUpGSFpZNGc,266028
cap - 9318.PNG,0B8WcbXogHvegblM4MHF3ZUYzZzQ,294631
cap - 9319.PNG,0B8WcbXogHvegVHdvakxiRi0xUFU,310661
cap - 9320.PNG,0B8WcbXogHvegZVg5YzN3MVVfTjA,594210
cap - 9321.PNG,0B8WcbXogHvegVWxOMDFhX0c1eDg,544345
cap - 9322.PNG,0B8WcbXogHvega2RqM0dVN0JVLVU,386453
cap - 9323.PNG,0B8WcbXogHvegVUVXcHAtdDYxeDQ,411540
cap - 9324.PNG,0B8WcbXogHvegcWlYb1NBT1d3LXM,313078
cap - 9325.PNG,0B8WcbXogHvegbE43bTRMaFNfSTg,686653
cap - 9326.PNG,0B8WcbXogHvegaGFPNzBJRGQ4SWs,697032
cap - 9327.PNG,0B8WcbXogHvegWlEwdDJ0bnMxbFE,594399
cap - 9328.PNG,0B8WcbXogHvegMkcwQk9CMGdRUUE,605128
cap - 9329.PNG,0B8WcbXogHvegOEdkbTdjV1M4S0k,375887
cap - 9330.PNG,0B8WcbXogHvegSkdHdFYyZHZ5SzQ,423589
cap - 9331.PNG,0B8WcbXogHvegR19FOFFscFdsTGc,425830
cap - 9332.PNG,0B8WcbXogHvegTkFPUnJCdkxRM2M,463350
cap - 9333.PNG,0B8WcbXogHvegVElHTFQ2VnptSlE,469458
cap - 9334.PNG,0B8WcbXogHvegT1JSSFR3QVlZMjQ,460871
cap - 9335.PNG,0B8WcbXogHvegcm10dmgtS0tCMDQ,478454
cap - 9336.PNG,0B8WcbXogHvegbkhLaHlwUmtnMEk,412874
cap - 9337.PNG,0B8WcbXogHvegSklLU2dKWGNrMWs,295535
cap - 9338.PNG,0B8WcbXogHvegaElsTkJWT3VTUm8,312072
cap - 9339.PNG,0B8WcbXogHvegLTZONTdnXzZYTW8,392859
cap - 9340.PNG,0B8WcbXogHvegN0NnZWdPWEtqOU0,468123
cap - 9341.PNG,0B8WcbXogHvegM2YyMkcxd1F5MjQ,573772
cap - 9342.PNG,0B8WcbXogHvegMWN5UEJ1UEh5Y0E,604372
cap - 9343.PNG,0B8WcbXogHvegN2pXaE5xbGZ5ZGs,347515
cap - 9344.PNG,0B8WcbXogHvegRVNhd2lsQkE1VEU,543927
cap - 9345.PNG,0B8WcbXogHvegNHNXbmw1bkcwb0k,609030
cap - 9346.PNG,0B8WcbXogHvegaVVkV0lPVXZtdnc,609977
cap - 9347.PNG,0B8WcbXogHvegQTVPMVJyS0xNOFE,612266
cap - 9348.PNG,0B8WcbXogHvegdVFHWVhTZ0xvS0U,544781
cap - 9349.PNG,0B8WcbXogHvegek13WUowZkJwYWc,443845
cap - 9350.PNG,0B8WcbXogHvegZ0N4enFleFJXWDQ,612863
cap - 9351.PNG,0B8WcbXogHvegQWVxcDdpX0ktelk,346685
cap - 9352.PNG,0B8WcbXogHvegTWlBWTRUQXJ5VXM,423149
cap - 9353.PNG,0B8WcbXogHvegbWN3Tmd0SEZPcjA,559310
cap - 9354.PNG,0B8WcbXogHvegWjdIbDdsNV9MUFU,606728
cap - 9355.PNG,0B8WcbXogHvegWERZbDJHQ2didVU,420387
cap - 9356.PNG,0B8WcbXogHvegMXZzOVpOb1JjOWc,390730
cap - 9357.PNG,0B8WcbXogHvegVlpOMmJwSmx0cHM,517622
cap - 9358.PNG,0B8WcbXogHvegQUkzcGhWc2ZKWGs,501615
cap - 9359.PNG,0B8WcbXogHvegUjZ0S2FSTnlVVk0,469018
cap - 9360.PNG,0B8WcbXogHvegVVV0SHpJeGJHN28,477957
cap - 9361.PNG,0B8WcbXogHvegcUhQZ3l5c0Y2TEE,464328
cap - 9362.PNG,0B8WcbXogHvegckpyNXY3a0w4Wjg,446267
cap - 9363.PNG,0B8WcbXogHvegTkdKcFFaZjM0QWs,425240
cap - 9364.PNG,0B8WcbXogHvegOFdvdEdXVjVfenc,437364
cap - 9365.PNG,0B8WcbXogHvegc0hPaDdIX3E5d2c,498852
cap - 9366.PNG,0B8WcbXogHvegVzcwSXdPT3dwZjA,529615
cap - 9367.PNG,0B8WcbXogHvegVzF6UGIxRlNwVWc,445617
cap - 9368.PNG,0B8WcbXogHvegaXdqU1FrRUpLNnM,477644
cap - 9369.PNG,0B8WcbXogHvegU0trNTVoR0tXLWc,379562
cap - 9370.PNG,0B8WcbXogHvegRmhmT1dlRTdsYXM,256849
cap - 9371.PNG,0B8WcbXogHvegSXFDYmpfM1dvdU0,566606
cap - 9372.PNG,0B8WcbXogHvegeUlIMGJiUFBycmM,627056
cap - 9373.PNG,0B8WcbXogHvegNlh6NnNQYnZMLW8,654477
cap - 9374.PNG,0B8WcbXogHvegSVdNMG5CNXdTcFU,773825
cap - 9375.PNG,0B8WcbXogHvegWVJYMUhnSVhlSVk,505982
cap - 9376.PNG,0B8WcbXogHvegekxkc1luRWtNYm8,567955
cap - 9377.PNG,0B8WcbXogHvegVk1ZZWhpTnhfWmM,520200
cap - 9378.PNG,0B8WcbXogHvegdnZMcC1tRjVKeGM,314347
cap - 9379.PNG,0B8WcbXogHvegTFktOE1WQ08zZ1k,407900
cap - 9380.PNG,0B8WcbXogHvegbXVfWWVSZldPaWM,405031
cap - 9381.PNG,0B8WcbXogHvegZ2dxM1ZnV2dfQk0,551191
cap - 9382.PNG,0B8WcbXogHvegc3JaaUJVZENFYjQ,590295
cap - 9383.PNG,0B8WcbXogHvegWFdKUDQ0MGF6d1E,596277
cap - 9384.PNG,0B8WcbXogHvegTjlHTXY3NDN2RGs,596027
cap - 9385.PNG,0B8WcbXogHvegWUhDaEd3NnZ2d0U,671755
cap - 9386.PNG,0B8WcbXogHvegWHZWRklhQmhxaDQ,513849
cap - 9387.PNG,0B8WcbXogHvegV0ZCMHktdURwbk0,542159
cap - 9388.PNG,0B8WcbXogHvega2hOZ0ZyN2RLeDQ,534153
cap - 9389.PNG,0B8WcbXogHvegODh6b1l0TXRJeW8,507167
cap - 9390.PNG,0B8WcbXogHvegLVc4Z2htUERsSWM,499359
cap - 9391.PNG,0B8WcbXogHvegTVN5dFA1dVR0dXM,476856
cap - 9392.PNG,0B8WcbXogHvegWnNXbk5qcEFPQ2s,482148
cap - 9393.PNG,0B8WcbXogHvegRzJldlBoLWZZc0E,500030
cap - 9394.PNG,0B8WcbXogHvega1dScVA0azJONUk,453278
cap - 9395.PNG,0B8WcbXogHvegd2JCRmxHbm5oX0E,442407
cap - 9396.PNG,0B8WcbXogHvegTFgxSFZzVWF5NU0,492321
cap - 9397.PNG,0B8WcbXogHvegd1lmdURweW45Y1U,632533
cap - 9398.PNG,0B8WcbXogHvegaDY4Q3dDM1MyQjg,571999
cap - 9399.PNG,0B8WcbXogHvegNGhTZl9CQVlJUk0,714048
cap - 9400.PNG,0B8WcbXogHvegUXVDNzc3Zkx4RjQ,512018
