hats - 1.PNG,0B8WcbXogHvegc0xsV0xUWkYwbTA,462569
hats - 10.PNG,0B8WcbXogHvegNlZIYWlId2V6cXc,453387
hats - 100.PNG,0B8WcbXogHvegeVBLRmFTdTFnd2c,407444
hats - 101.PNG,0B8WcbXogHvegTG5UOTJ6V0kzU1k,406571
hats - 102.PNG,0B8WcbXogHvegWHpSMjdpYzVzYzg,423367
hats - 103.PNG,0B8WcbXogHvegSUhkbEMxS0JvNm8,428703
hats - 104.PNG,0B8WcbXogHvegS2NXWUNhVHhPc0U,436015
hats - 105.PNG,0B8WcbXogHvegMTVmeElDWXlaU0E,420302
hats - 106.PNG,0B8WcbXogHvegeW9sZzdDcWg0TTQ,408517
hats - 107.PNG,0B8WcbXogHvegNmVIU1JCdkRJbU0,424704
hats - 108.PNG,0B8WcbXogHvegaVpzd1Q3QmdLV00,423048
hats - 109.PNG,0B8WcbXogHvegN0x5VktGXzJSNnc,412983
hats - 11.PNG,0B8WcbXogHvegdTg4Y0hhRTlQVWc,430607
hats - 110.PNG,0B8WcbXogHvegMjczcXR6ckwtVnM,407742
hats - 111.PNG,0B8WcbXogHvegc09QZTNqWGNTUnM,393128
hats - 112.PNG,0B8WcbXogHvegNWs5bUU0OWh3dW8,422155
hats - 113.PNG,0B8WcbXogHvegeDl1eVhnaTRKUkU,421123
hats - 114.PNG,0B8WcbXogHvegTUtIZVpTUVZYV2M,396442
hats - 115.PNG,0B8WcbXogHvegWHJRQ25FaV9xTTQ,411926
hats - 116.PNG,0B8WcbXogHvegWnhRVW5TbVRXLXc,434189
hats - 117.PNG,0B8WcbXogHvegQ3VlN2FmeWs1ZEU,458144
hats - 118.PNG,0B8WcbXogHvegeG1lb3N0a25Vanc,440549
hats - 119.PNG,0B8WcbXogHvegRUZrVFYxb2tNdFU,429609
hats - 12.PNG,0B8WcbXogHvegek83TklRQm1XYjg,442581
hats - 120.PNG,0B8WcbXogHvegZWJaWV91bkZkcGs,428292
hats - 121.PNG,0B8WcbXogHvegQS1kMlRyYmxwTGs,397541
hats - 122.PNG,0B8WcbXogHvegaVlIdGUtVjdyUTA,405425
hats - 123.PNG,0B8WcbXogHvegaktnd19GWWY5U2c,389667
hats - 124.PNG,0B8WcbXogHvegMGs3WWJkZVJnY0E,415459
hats - 125.PNG,0B8WcbXogHvegWFBodE5ZeV9ZUWM,413425
hats - 126.PNG,0B8WcbXogHvegbXdHdVZGeVBpSzg,415866
hats - 127.PNG,0B8WcbXogHvegcGJkS1dMaUR6SDA,423645
hats - 128.PNG,0B8WcbXogHvegQlBFbkZHcVVvMkk,444182
hats - 129.PNG,0B8WcbXogHvegS3pfc1hGT1czaDA,444663
hats - 13.PNG,0B8WcbXogHvegbDMtOFlEV3BFUjg,452109
hats - 130.PNG,0B8WcbXogHvegNkpGZVFPNGQzWnM,451055
hats - 131.PNG,0B8WcbXogHvegeUdUdHJDQ29RVjA,437599
hats - 132.PNG,0B8WcbXogHvegX2VzLURsemRXZmM,442472
hats - 133.PNG,0B8WcbXogHvegNmNCZGxfb0lxQmc,456810
hats - 134.PNG,0B8WcbXogHvegNzF0V3dKMjdLMUk,422825
hats - 135.PNG,0B8WcbXogHvegM3hDbENNZmRQZk0,424030
hats - 136.PNG,0B8WcbXogHvegY2ZnVUM2dmMtVVk,425213
hats - 137.PNG,0B8WcbXogHvegNG1FZl8yaTJZQ0E,403370
hats - 138.PNG,0B8WcbXogHvegZzd5UmFFNjdpM3M,417312
hats - 139.PNG,0B8WcbXogHvegYWZ3S2prcmhJWUE,398893
hats - 14.PNG,0B8WcbXogHvegYnZkMTVSV3JSWlk,465254
hats - 140.PNG,0B8WcbXogHvegd0E1Z3VFNjZMOU0,407360
hats - 141.PNG,0B8WcbXogHvegcWd0UkVEMzA4bTQ,418355
hats - 142.PNG,0B8WcbXogHvegUUo4ZnVzcXM4Z0k,426472
hats - 143.PNG,0B8WcbXogHvegVlhrTHR1dmNneFk,426907
hats - 144.PNG,0B8WcbXogHvegZExBSU9HZ2hoMVk,413055
hats - 145.PNG,0B8WcbXogHvegTFdENXpWd29MaWM,394119
hats - 146.PNG,0B8WcbXogHvegWGw2NHc1RnNfM3M,375671
hats - 147.PNG,0B8WcbXogHvegV0JkUWVkZWJaYW8,390345
hats - 148.PNG,0B8WcbXogHvegcTZNMzVPYUZRZWc,396305
hats - 149.PNG,0B8WcbXogHvegOEd0SmNVcXVNelk,383043
hats - 15.PNG,0B8WcbXogHvegNlhxQ0hfckh1dTQ,472176
hats - 150.PNG,0B8WcbXogHvegWjBTc1VKT3hqSGs,374908
hats - 151.PNG,0B8WcbXogHvegSW54VTlDemxYMHc,388341
hats - 152.PNG,0B8WcbXogHvegT090Z3h5czdLbm8,410081
hats - 153.PNG,0B8WcbXogHvegV3ZBSDN5RnNaZE0,407992
hats - 154.PNG,0B8WcbXogHvegZkFtU0dEUXBxUms,430379
hats - 155.PNG,0B8WcbXogHvegY29Ta1BPOTdKbU0,442588
hats - 156.PNG,0B8WcbXogHvegaTZjRjF2cm0xRUU,460215
hats - 157.PNG,0B8WcbXogHvegajMyOWVrNHdlSjA,466897
hats - 158.PNG,0B8WcbXogHvegSTg5X3dEdUlPLWs,459638
hats - 159.PNG,0B8WcbXogHvegejlmdXN0ZFdzeWc,357987
hats - 16.PNG,0B8WcbXogHvegSzdCT2lHNG1VaWc,476334
hats - 160.PNG,0B8WcbXogHvegM1ZDWlNSQ05hQTg,363794
hats - 161.PNG,0B8WcbXogHvegcEJucTVIZWFPQ3c,348133
hats - 162.PNG,0B8WcbXogHvegNjZ4NjAyODVlRjQ,371581
hats - 163.PNG,0B8WcbXogHvegQ2tvS3A4ZEloVUU,353804
hats - 164.PNG,0B8WcbXogHvegS21DbGpIZWNPdHc,371890
hats - 165.PNG,0B8WcbXogHvegVGxzMWI0dS05WkE,378419
hats - 166.PNG,0B8WcbXogHvegSklYOHNRZ0tkdW8,409330
hats - 167.PNG,0B8WcbXogHvegejhfd3FGajRzZFk,409609
hats - 168.PNG,0B8WcbXogHvegTXhELVBzLXZxVE0,355664
hats - 169.PNG,0B8WcbXogHvegdHluXzVZWlJSclU,331413
hats - 17.PNG,0B8WcbXogHvegWmJBNEhDcUg4OUE,479328
hats - 170.PNG,0B8WcbXogHvegb284SWZzNDUwbnc,382214
hats - 171.PNG,0B8WcbXogHvegNXpZZ1BwcmVPdlk,394957
hats - 172.PNG,0B8WcbXogHvegSVk1QVJHaWRmZlU,410574
hats - 173.PNG,0B8WcbXogHvegX29MREZLOFZxQUk,397079
hats - 174.PNG,0B8WcbXogHvegcVljY1BYNVNqM0U,400784
hats - 175.PNG,0B8WcbXogHvegLXB5QVRaSFR2MXM,387651
hats - 176.PNG,0B8WcbXogHvegcUNLWmFzUG1XUEk,340002
hats - 177.PNG,0B8WcbXogHvegdFViekliSFpxSEE,338516
hats - 178.PNG,0B8WcbXogHvegVXlNMXJSQnphLW8,335919
hats - 179.PNG,0B8WcbXogHvegbE9SODNXLWZxVW8,305015
hats - 18.PNG,0B8WcbXogHvegdV9YZm9tMFhjRkE,483730
hats - 180.PNG,0B8WcbXogHvegd3RGMk5wYmk1ekE,280824
hats - 181.PNG,0B8WcbXogHvegc0Z0NC1lM3RxU28,326425
hats - 182.PNG,0B8WcbXogHvegYlFZODdQajVaLVU,383592
hats - 183.PNG,0B8WcbXogHvegTk5FdGhFd0lubTA,401535
hats - 184.PNG,0B8WcbXogHvegVGFMQTFKMDFjbTA,375141
hats - 185.PNG,0B8WcbXogHvegbjdZOUFhSU1VN1E,390315
hats - 186.PNG,0B8WcbXogHvegMnNYbmxCdFpTaGM,377078
hats - 187.PNG,0B8WcbXogHvegMkRRX1NxcEZQMVE,392978
hats - 188.PNG,0B8WcbXogHvegU0lza2VUclk1OFU,360660
hats - 189.PNG,0B8WcbXogHvegZjdQdVZDeXNFZ1k,363792
hats - 19.PNG,0B8WcbXogHvegd1VYZHJrd1p6Rzg,495399
hats - 190.PNG,0B8WcbXogHvegT2FycXU2THB4SDA,381306
hats - 191.PNG,0B8WcbXogHvega3hlN0pGUmdXV2s,388359
hats - 192.PNG,0B8WcbXogHvegQ1Q2Sl80ellqa3M,404875
hats - 193.PNG,0B8WcbXogHvegZzRSUlVWdDhtNnM,403408
hats - 194.PNG,0B8WcbXogHvegRS1JUEJReWpyeVk,418980
hats - 195.PNG,0B8WcbXogHvegYjZJaGQ4akFObVU,387739
hats - 196.PNG,0B8WcbXogHvegblZoS2NuUkZhVWs,386036
hats - 197.PNG,0B8WcbXogHvegN25oaDNyeEpMeGM,437577
hats - 198.PNG,0B8WcbXogHvegODAtWjNlMlREamc,410325
hats - 199.PNG,0B8WcbXogHvegZk9CU0pZV0s3aE0,413721
hats - 2.PNG,0B8WcbXogHvegQmZrNGZmLUhYWDQ,464866
hats - 20.PNG,0B8WcbXogHvegS1ExeF93OVF0SWs,478893
hats - 200.PNG,0B8WcbXogHvegMGdlRl9rdHZVYTQ,419067
hats - 201.PNG,0B8WcbXogHvegOEc0U1hhRXlBbjg,416293
hats - 202.PNG,0B8WcbXogHvegTWY0bkxreXVWd00,404592
hats - 203.PNG,0B8WcbXogHvegRHBQYzhPOFVHVjg,389769
hats - 204.PNG,0B8WcbXogHvegNXRlZ0Q3bWR5eVk,374281
hats - 205.PNG,0B8WcbXogHvegVmJ3NXc2eVpvT1k,330759
hats - 206.PNG,0B8WcbXogHvegTVZhdXRNYVI1VEk,461397
hats - 207.PNG,0B8WcbXogHvegTjBxYjNDcVVfMzA,467522
hats - 208.PNG,0B8WcbXogHvegVnV6Q1hITm5ubDQ,442745
hats - 209.PNG,0B8WcbXogHvegWkRsLURNcnFMNG8,478925
hats - 21.PNG,0B8WcbXogHvegcjI2R0FTNmIwdlk,466596
hats - 210.PNG,0B8WcbXogHvegaW9HOGN2WjQwbDg,476471
hats - 211.PNG,0B8WcbXogHvegaWRiRGNVQ0JaOVE,455365
hats - 212.PNG,0B8WcbXogHvegbTJEelExWGJpOUE,453568
hats - 213.PNG,0B8WcbXogHvegNDZjTHc2YjNESEE,439974
hats - 214.PNG,0B8WcbXogHvegRHB2WTA5eERTY2s,434726
hats - 215.PNG,0B8WcbXogHvegcGlqdGRMVmFQRTQ,460700
hats - 216.PNG,0B8WcbXogHvegeE1VblVtbmg1TlE,447788
hats - 217.PNG,0B8WcbXogHvegc0o0ZUhJQnlQZk0,451405
hats - 218.PNG,0B8WcbXogHvegWkVsd2dZb01PNU0,450757
hats - 219.PNG,0B8WcbXogHvegeGtramwwZ3E2ZTA,441425
hats - 22.PNG,0B8WcbXogHvegdmpuT0xXQXMxcDQ,496799
hats - 220.PNG,0B8WcbXogHvegblVHRzBDcTZ2QXc,451415
hats - 221.PNG,0B8WcbXogHvegeE5FZUticElYb2M,429901
hats - 222.PNG,0B8WcbXogHvegTUNuSWxhWUNPNXM,430297
hats - 223.PNG,0B8WcbXogHvegWHBzRE9VYktVdDA,429687
hats - 224.PNG,0B8WcbXogHvegcXBSenpDT3VCV00,423391
hats - 225.PNG,0B8WcbXogHvegOXZ3Z09zVUZFVkU,420450
hats - 226.PNG,0B8WcbXogHvegbEdUM2w4UGs2aUU,450825
hats - 227.PNG,0B8WcbXogHvegQU5ab0NrMW53VkU,436581
hats - 228.PNG,0B8WcbXogHvegWjFVZFlhX2hFR28,426694
hats - 229.PNG,0B8WcbXogHvegNEJtSG9YUzVyMWM,412546
hats - 23.PNG,0B8WcbXogHvegUnRmWGNSQXhpTnc,445881
hats - 230.PNG,0B8WcbXogHvegdWFfNkNucGMwdDA,390727
hats - 231.PNG,0B8WcbXogHvegSG9IWXdKekFrRXM,413158
hats - 232.PNG,0B8WcbXogHvegX1NOUjBDRnExN2M,384097
hats - 233.PNG,0B8WcbXogHvegSXpCeFJlbllRTU0,398053
hats - 234.PNG,0B8WcbXogHvegOGRTaUgwT0NZN1U,401799
hats - 235.PNG,0B8WcbXogHvegTjRKOUMyaFlrY3M,400283
hats - 236.PNG,0B8WcbXogHvegb0JCNkRldDUyMlk,403794
hats - 237.PNG,0B8WcbXogHvegdHVqaDlfbG96bkE,402188
hats - 238.PNG,0B8WcbXogHvegWFFkYjF2M3V5Rk0,396834
hats - 239.PNG,0B8WcbXogHvegdTVjb1psc1NMUE0,393467
hats - 24.PNG,0B8WcbXogHvegaTBYN2tiTVZmVHc,433607
hats - 240.PNG,0B8WcbXogHvegWkF0YWw2emJSd0k,392560
hats - 241.PNG,0B8WcbXogHvegNlQ1dXJza2RFN1k,394492
hats - 242.PNG,0B8WcbXogHvegSk5wZ2pOX2g1X2c,393503
hats - 243.PNG,0B8WcbXogHvegS3ZTOW5fOWV5ZXM,394942
hats - 244.PNG,0B8WcbXogHvegRWtCaFdHZFJTbmM,400109
hats - 245.PNG,0B8WcbXogHvegV2p1bVN6SlNNV1k,407677
hats - 246.PNG,0B8WcbXogHvegSU9xdmZnZDdSOHc,409678
hats - 247.PNG,0B8WcbXogHvegQmRsY1A1ekhOSnM,458509
hats - 248.PNG,0B8WcbXogHvegMTVoZURudEMzdTQ,459233
hats - 249.PNG,0B8WcbXogHvegd05ZbmFmSGp5ZEE,487915
hats - 25.PNG,0B8WcbXogHvegcU4yeS1GZW05WTA,430994
hats - 250.PNG,0B8WcbXogHvegUWVLWnNpc0xZdms,441251
hats - 26.PNG,0B8WcbXogHvega19qeDlaQ2wxeEE,408668
hats - 27.PNG,0B8WcbXogHvegR2diWGtwSEdhSGs,348235
hats - 28.PNG,0B8WcbXogHvegUTZqbWc0aDVqWEE,337367
hats - 29.PNG,0B8WcbXogHvegbVN1eF94NXBpODQ,447000
hats - 3.PNG,0B8WcbXogHvegMnZES3JmY3lzNnc,485141
hats - 30.PNG,0B8WcbXogHvegUy1fOTVKS21vQ3c,449925
hats - 31.PNG,0B8WcbXogHvegM2pWQTg4aDEySUU,448066
hats - 32.PNG,0B8WcbXogHvegNkl2LV9RNVd1WUk,450185
hats - 33.PNG,0B8WcbXogHvegUzh0SEtac1NxdVE,417361
hats - 34.PNG,0B8WcbXogHvegbWxLX01hemkzcWc,415559
hats - 35.PNG,0B8WcbXogHvegVVV5dHRLWG5xelU,428890
hats - 36.PNG,0B8WcbXogHvegdWtIcmlXaWRoSDg,445392
hats - 37.PNG,0B8WcbXogHvegc3JHb2VCdnlldUU,441869
hats - 38.PNG,0B8WcbXogHvegZldaMW1QR3c3SGc,458272
hats - 39.PNG,0B8WcbXogHvegYzVPcy1XTzBzMDQ,454388
hats - 4.PNG,0B8WcbXogHvegWl9ualJJMVB3T2s,475513
hats - 40.PNG,0B8WcbXogHvegZ3IzVFFSU0Zqa1E,440241
hats - 41.PNG,0B8WcbXogHvegQVhNM2M0T1pRWGs,400573
hats - 42.PNG,0B8WcbXogHvegajM3MDFGM0ZydG8,429975
hats - 43.PNG,0B8WcbXogHvegVXFUMEQ3WjhhTFk,439713
hats - 44.PNG,0B8WcbXogHvegSEQ1NFJsamhocTg,444310
hats - 45.PNG,0B8WcbXogHvegbnZoZUpRNTNDT3c,427049
hats - 46.PNG,0B8WcbXogHvegQlNtZENjdVppdkE,475622
hats - 47.PNG,0B8WcbXogHvegaHNVOVczQ2VlNUk,485794
hats - 48.PNG,0B8WcbXogHvegRm9KWHNac3hQOUk,491609
hats - 49.PNG,0B8WcbXogHvegbTk4R1l2ZWp2dUU,494679
hats - 5.PNG,0B8WcbXogHvegMDBPanBKejJoeDQ,464508
hats - 50.PNG,0B8WcbXogHvegbWIxRFE3bk4zdUk,488422
hats - 51.PNG,0B8WcbXogHvegSF9XZlJpSEdvZHM,405161
hats - 52.PNG,0B8WcbXogHvegSjQwYTNBOUV3VU0,419981
hats - 53.PNG,0B8WcbXogHvegRHZ2eTdXcFB4TTQ,481961
hats - 54.PNG,0B8WcbXogHvegbUVVaU1UM0dROGs,504957
hats - 55.PNG,0B8WcbXogHvegUHhnQk1nVGk1anc,507213
hats - 56.PNG,0B8WcbXogHvegeS1Ud0I5Z1FRYWM,501284
hats - 57.PNG,0B8WcbXogHvegN1k5OHJmeUhGYnM,457917
hats - 58.PNG,0B8WcbXogHvegQzFUcHEzSVhXLWc,431698
hats - 59.PNG,0B8WcbXogHvegOG5LTHhXU1QxdFk,436952
hats - 6.PNG,0B8WcbXogHvegX085dFJZeVFLeWc,451430
hats - 60.PNG,0B8WcbXogHvegTVJRd3dSeGcwWVE,431189
hats - 61.PNG,0B8WcbXogHvegc04zNG1TQ0E4czQ,418906
hats - 62.PNG,0B8WcbXogHvegS3lESW8wMGNrNWc,403115
hats - 63.PNG,0B8WcbXogHvegaWo0ZERkVjU0blk,385836
hats - 64.PNG,0B8WcbXogHvegZXExR2M5Qkp3Vms,394842
hats - 65.PNG,0B8WcbXogHvegc3BUbW1ibTlPb00,379318
hats - 66.PNG,0B8WcbXogHvegcTJVekpVYWg1THM,348887
hats - 67.PNG,0B8WcbXogHvegbS1MX29hUGdHa0U,455413
hats - 68.PNG,0B8WcbXogHvegdHVYSVl6QnozMkU,451651
hats - 69.PNG,0B8WcbXogHvegMHFZNVg1WFlBNDQ,427097
hats - 7.PNG,0B8WcbXogHvegRXVLVnN2VVR5ZWc,456181
hats - 70.PNG,0B8WcbXogHvegN0cwclhxY0h2XzA,422566
hats - 71.PNG,0B8WcbXogHvegN1hza3RydW15emc,444498
hats - 72.PNG,0B8WcbXogHvegeF9XNVY2ZnVQQlU,452633
hats - 73.PNG,0B8WcbXogHvegWGU1VG9xdExmeDA,442208
hats - 74.PNG,0B8WcbXogHvegdUc2SDFjTTAxalE,449226
hats - 75.PNG,0B8WcbXogHvegbW16NUoxRkZDRFk,444461
hats - 76.PNG,0B8WcbXogHvegd1lkbnhaWjZQVzA,437990
hats - 77.PNG,0B8WcbXogHvegNmUtZ1pZS2dOUEU,438459
hats - 78.PNG,0B8WcbXogHvegazZrS3JwaGsxZ28,453157
hats - 79.PNG,0B8WcbXogHvegSzY1SXB4eVZMU2c,463094
hats - 8.PNG,0B8WcbXogHvegNUlWRVVjNDdVa0E,461808
hats - 80.PNG,0B8WcbXogHvegNzhKX0Nkb2pnYk0,466308
hats - 81.PNG,0B8WcbXogHvegY1N4R1ptMC1ISkU,468712
hats - 82.PNG,0B8WcbXogHvegNXN6NkZHMTdwejQ,471308
hats - 83.PNG,0B8WcbXogHvegTEJDdFRkb3lFdUU,458291
hats - 84.PNG,0B8WcbXogHvegRUVrQkZWdXp5LTQ,465796
hats - 85.PNG,0B8WcbXogHvegVVZsOEN5VFo3Tms,443430
hats - 86.PNG,0B8WcbXogHvegRnFxc3lNOEN4Nms,412161
hats - 87.PNG,0B8WcbXogHvegQXk4VGxZLWZTb00,398137
hats - 88.PNG,0B8WcbXogHvegdVhWUWxXeHVFSGc,401039
hats - 89.PNG,0B8WcbXogHvegcENiNnZ4VGQwSHc,382791
hats - 9.PNG,0B8WcbXogHvegaEFaZ1k2SjZQVFk,480714
hats - 90.PNG,0B8WcbXogHvegWXd3b1ZaOFB5bzg,391669
hats - 91.PNG,0B8WcbXogHvegUlBMZlAxN21CRFU,382857
hats - 92.PNG,0B8WcbXogHvegYTB0U1VHdzJuakU,380288
hats - 93.PNG,0B8WcbXogHvegc0U4V29BcTdKcVk,368358
hats - 94.PNG,0B8WcbXogHvegQjFWX3ZLXzktTEk,399865
hats - 95.PNG,0B8WcbXogHvegYmRjRDlWRXM3eGM,413562
hats - 96.PNG,0B8WcbXogHvegVGVuNkNPMGFEbDA,405681
hats - 97.PNG,0B8WcbXogHvegelFNS1FBNl9pRFU,385845
hats - 98.PNG,0B8WcbXogHvegRno5SXlLVVVZTGM,414023
hats - 99.PNG,0B8WcbXogHvegaFZjU09Db2NORlk,426833
obj - 1.PNG,0B8WcbXogHvegSXVlcFlPZkpzR0k,383927
obj - 10.PNG,0B8WcbXogHvegVmlSTTFqTFZxdTg,385498
obj - 100.PNG,0B8WcbXogHvegSnhmcC0xd1BnSWs,318769
obj - 101.PNG,0B8WcbXogHvegR0R3YkIyV0wxaEE,310145
obj - 102.PNG,0B8WcbXogHvegSmU5NlhrUlRwQjg,341060
obj - 103.PNG,0B8WcbXogHvegQ3JNMC1vdEREc1U,371697
obj - 104.PNG,0B8WcbXogHvegWXdhMXY0Vm9FZUE,362768
obj - 105.PNG,0B8WcbXogHvegY2VsNGdfMHh2RUU,351306
obj - 106.PNG,0B8WcbXogHvegVFNnTXRfbmgxWFU,332995
obj - 107.PNG,0B8WcbXogHvegaks5WDFCVklpMVU,344054
obj - 108.PNG,0B8WcbXogHvegVFRkYm5xUlkwT0k,348890
obj - 109.PNG,0B8WcbXogHvegdk1uSDlfTGhXUWc,360776
obj - 11.PNG,0B8WcbXogHvegVjRyaEJyVHN1NXc,402297
obj - 110.PNG,0B8WcbXogHvegcl9SN0U2T2h1ZVE,382405
obj - 111.PNG,0B8WcbXogHvegMnNxWGtlMlRTNUE,398983
obj - 112.PNG,0B8WcbXogHvegZGlvbXJmRERyRVk,391087
obj - 113.PNG,0B8WcbXogHvegajcwT1gxQWF1NHc,397728
obj - 114.PNG,0B8WcbXogHvegdnNEQTVqU2w1Mm8,392776
obj - 115.PNG,0B8WcbXogHvegUDN3d0pFUUFDakk,378577
obj - 116.PNG,0B8WcbXogHvegVU5pYWZBMmFKNEU,357057
obj - 117.PNG,0B8WcbXogHvegU2JnQl9UYUo3QVk,357075
obj - 118.PNG,0B8WcbXogHvegaFJfUXB3bkdQenc,347243
obj - 119.PNG,0B8WcbXogHvegN0tQU3RCb0tPSUU,334923
obj - 12.PNG,0B8WcbXogHvegMjBRZWFMNWw3OEE,413827
obj - 120.PNG,0B8WcbXogHvegWjBKYTFHMnRmNHM,306687
obj - 121.PNG,0B8WcbXogHvegM2UzeTk4NlFYZmc,291886
obj - 122.PNG,0B8WcbXogHvegYXFuZWxQYURhd1E,266307
obj - 123.PNG,0B8WcbXogHvegN2tNN3pWLU40T2s,241100
obj - 124.PNG,0B8WcbXogHvegc25VUVoya2VRNHc,447685
obj - 125.PNG,0B8WcbXogHvegXzhqM09QZ29KcU0,479616
obj - 126.PNG,0B8WcbXogHvegSVBheWEtamZOWW8,458209
obj - 127.PNG,0B8WcbXogHvegMW5PMEhmNDJqcGM,468660
obj - 128.PNG,0B8WcbXogHvegem15XzZRMnZGWFE,461972
obj - 129.PNG,0B8WcbXogHvegT3JrSFUwWE9zazA,442673
obj - 13.PNG,0B8WcbXogHvegc1lCc2NBT0dsQkU,422999
obj - 130.PNG,0B8WcbXogHvegeVpfcThWb0ppQnM,424953
obj - 131.PNG,0B8WcbXogHvegNnNnOEJ0eFhmWG8,411745
obj - 132.PNG,0B8WcbXogHvegdXVOUXFDaVpaTkE,391692
obj - 133.PNG,0B8WcbXogHvegdUp5UWpXd25BcDg,429018
obj - 134.PNG,0B8WcbXogHvegSm54WkVkSlFmclU,478303
obj - 135.PNG,0B8WcbXogHvegR1k4Q3NLdXpzQ1E,476966
obj - 136.PNG,0B8WcbXogHvegNXJHQy1MV0ozbXM,471202
obj - 137.PNG,0B8WcbXogHvegN0o0bjlua3RDTmc,503527
obj - 138.PNG,0B8WcbXogHvegcUUzR2JWMm5yNXM,495121
obj - 139.PNG,0B8WcbXogHvegSkptNHRWMVdOdUE,467222
obj - 14.PNG,0B8WcbXogHvegWTY0Z3YzU1pHNXc,403122
obj - 140.PNG,0B8WcbXogHvegTG9oNWRhY1pja28,472094
obj - 141.PNG,0B8WcbXogHvegenIwaTlXeXZYU0E,414649
obj - 142.PNG,0B8WcbXogHvegRlhZcS1SX0hiU0U,443825
obj - 143.PNG,0B8WcbXogHvegS0dPdmFCZ1czd0E,448646
obj - 144.PNG,0B8WcbXogHvegNVRuY0NmRGZweWc,459980
obj - 145.PNG,0B8WcbXogHvegeExWWFlUbmExM1U,460534
obj - 146.PNG,0B8WcbXogHvegajYtTFVyS0d4MFk,473984
obj - 147.PNG,0B8WcbXogHvegcFFRYXFIUzdzQmM,440422
obj - 148.PNG,0B8WcbXogHvegTGxLQnNFNUdTYXM,392046
obj - 149.PNG,0B8WcbXogHvegdFNmWW9mMG9IeXc,383538
obj - 15.PNG,0B8WcbXogHvegWmlfZi1ReTkzRkk,380609
obj - 150.PNG,0B8WcbXogHvegbVQtSV9ER1EwMGM,391250
obj - 151.PNG,0B8WcbXogHvegSzRjODY4STNJTlE,418930
obj - 152.PNG,0B8WcbXogHvegU0xVa2l6NkNJaE0,411938
obj - 153.PNG,0B8WcbXogHvegUTQwb1ZpbWdmLVk,440140
obj - 154.PNG,0B8WcbXogHvegQjFnTGNLQi15cU0,440978
obj - 155.PNG,0B8WcbXogHvegNWxBY2RZQ3BHMkk,406594
obj - 156.PNG,0B8WcbXogHvegZ3BZQ3JIb0JTdUU,349611
obj - 157.PNG,0B8WcbXogHvegelI2Wmdfb0RoaWs,349492
obj - 158.PNG,0B8WcbXogHvegRnFuSThFaG02c2c,349338
obj - 159.PNG,0B8WcbXogHvegRHBXd0QwNFhTTVU,365939
obj - 16.PNG,0B8WcbXogHvegQUVENGJrZEM2TW8,391913
obj - 160.PNG,0B8WcbXogHvegbUxMbE90Zjdoc3c,380229
obj - 161.PNG,0B8WcbXogHvegSnNUNFpTWTdlclE,386305
obj - 162.PNG,0B8WcbXogHvegU1FLTmJiYUItOWM,374682
obj - 163.PNG,0B8WcbXogHvegSFRMenZCQm5za1k,377678
obj - 164.PNG,0B8WcbXogHvegdXNNeHNtZGJyZkU,373363
obj - 165.PNG,0B8WcbXogHvegMi1jYVR6amNNWkk,373598
obj - 166.PNG,0B8WcbXogHvegdEtzalRoeDlEVXM,364360
obj - 167.PNG,0B8WcbXogHvegNmFyb0dTeWlQN3c,370625
obj - 168.PNG,0B8WcbXogHvegT2JXWEZCaThCaXc,382900
obj - 169.PNG,0B8WcbXogHvegZWJXWjNUM01rbFU,401088
obj - 17.PNG,0B8WcbXogHvegVDhTMUV0eWdNTk0,403741
obj - 170.PNG,0B8WcbXogHvegTnVWRHFESU5WWG8,360383
obj - 171.PNG,0B8WcbXogHvegZFdjN3ByOTF6QU0,358890
obj - 172.PNG,0B8WcbXogHvegRTVkVlBNLWFHQlk,375483
obj - 173.PNG,0B8WcbXogHvegWlZ1Zl9OdVUzUGc,360020
obj - 174.PNG,0B8WcbXogHvegTWxmbTNrLWZGeVU,380554
obj - 175.PNG,0B8WcbXogHvegNktacUhaMVR0SFk,377576
obj - 176.PNG,0B8WcbXogHvegaUc0dHdIZU95cFU,376969
obj - 177.PNG,0B8WcbXogHvegdEhiamZCeVNnb1E,378768
obj - 178.PNG,0B8WcbXogHvegU2tnVnVhWG5Pazg,372734
obj - 179.PNG,0B8WcbXogHvegQXlYb3lNdjRxOGc,382252
obj - 18.PNG,0B8WcbXogHvegYnlKWUJMUTVLekk,392923
obj - 180.PNG,0B8WcbXogHvegTVZkcEdXcWRaLXc,334227
obj - 181.PNG,0B8WcbXogHvegWjN4YmhNYzg3SDQ,279103
obj - 182.PNG,0B8WcbXogHvegVUZfanZ3RGNkbFk,326598
obj - 183.PNG,0B8WcbXogHvegcEtHYk13b1pMd1E,339975
obj - 184.PNG,0B8WcbXogHvegNlFUTU5LX09aTkE,319166
obj - 185.PNG,0B8WcbXogHvegeFU3b0xzaW9PZHM,330446
obj - 186.PNG,0B8WcbXogHvegdG9yb3gzMWlHWW8,341027
obj - 187.PNG,0B8WcbXogHvegNzh4dlMtZjU5YnM,376317
obj - 188.PNG,0B8WcbXogHvegZk5Fakh5UUVMd2s,348509
obj - 189.PNG,0B8WcbXogHvegc2VmUXNOWnNJT0U,337614
obj - 19.PNG,0B8WcbXogHvegTDdraWF0NExQU2s,408742
obj - 190.PNG,0B8WcbXogHvegMFEzemZtcDY0ODg,331741
obj - 191.PNG,0B8WcbXogHvegaUczQXdFUEZfdE0,338623
obj - 192.PNG,0B8WcbXogHvegdkJUdkVHT3BoZms,335707
obj - 193.PNG,0B8WcbXogHvegX2JZQnNYSmxON0k,366269
obj - 194.PNG,0B8WcbXogHvegbUlKQ19NNmpYdUE,376827
obj - 195.PNG,0B8WcbXogHvegVnRTZ09OcjR5YVE,381429
obj - 196.PNG,0B8WcbXogHvegQXZsMEFGNzdwcXM,374866
obj - 197.PNG,0B8WcbXogHvegU2xsZjNqTE5qOVE,357467
obj - 198.PNG,0B8WcbXogHvegaG9IeVlkVlNBb0E,324498
obj - 199.PNG,0B8WcbXogHvegYW9tNVdoMFZQOGM,305381
obj - 2.PNG,0B8WcbXogHvegaUJna2cxVUkweW8,399785
obj - 20.PNG,0B8WcbXogHvegV2d5TE5lZkktNDg,427894
obj - 200.PNG,0B8WcbXogHvegTVpZazEwVmU3dUU,268272
obj - 201.PNG,0B8WcbXogHvegcDlPQ2hhV2QtRms,257944
obj - 202.PNG,0B8WcbXogHvegd0pwZXExVG51Nlk,260664
obj - 203.PNG,0B8WcbXogHvegT1FSZlMtcnZsQVk,348977
obj - 204.PNG,0B8WcbXogHvegQ09YYTEtRkwzdm8,341147
obj - 205.PNG,0B8WcbXogHvegX0hyR3A0dVVFUVE,356747
obj - 206.PNG,0B8WcbXogHvegRW9OblE0eEZUZms,361841
obj - 207.PNG,0B8WcbXogHvegYWNxaDVRNmFZUFU,368650
obj - 208.PNG,0B8WcbXogHvegem9uM09KSVB2T2s,372500
obj - 209.PNG,0B8WcbXogHvegX0VzODU5MzkxdHM,395223
obj - 21.PNG,0B8WcbXogHvegM25EMWJmcWtBVVE,437011
obj - 210.PNG,0B8WcbXogHvegOXFWUUNvb0dxbjA,381587
obj - 211.PNG,0B8WcbXogHvegOHNSTXBTeU9oYjg,355600
obj - 212.PNG,0B8WcbXogHvegVFJjVGZKbkE4Szg,343053
obj - 213.PNG,0B8WcbXogHvegVmluemo4bGdLVnM,345504
obj - 214.PNG,0B8WcbXogHvegSHlDbDhyaUxGZkk,366407
obj - 215.PNG,0B8WcbXogHvegd2YyUUhhZUN6MFE,381781
obj - 216.PNG,0B8WcbXogHvegOTlCSm9tWlRuNFk,381904
obj - 217.PNG,0B8WcbXogHvegZGxMX3E1Z3F6MEE,372899
obj - 218.PNG,0B8WcbXogHvegYlNWQnJqY3hyZmM,389979
obj - 219.PNG,0B8WcbXogHvegWWFBR0gtY1I2bDA,379066
obj - 22.PNG,0B8WcbXogHvegS2pQblhFNnZmdUU,414247
obj - 220.PNG,0B8WcbXogHvegbXl0WmFBZW5nbEU,383354
obj - 221.PNG,0B8WcbXogHvegQkxWUXVUMmxkSVk,359721
obj - 222.PNG,0B8WcbXogHvegRlZkOHFmR2s5RHc,386887
obj - 223.PNG,0B8WcbXogHvegR0lJdkV0Q1ZUZDA,372054
obj - 224.PNG,0B8WcbXogHvegUlBGNms4NThUdFk,361774
obj - 225.PNG,0B8WcbXogHvegdWN6UllyREgyYTQ,388883
obj - 226.PNG,0B8WcbXogHvegMk5aSjd1TXE5ZGc,389330
obj - 227.PNG,0B8WcbXogHvegc2NqS1g1RkdGU00,399627
obj - 228.PNG,0B8WcbXogHvegOXZLODJkd0xMUDg,380856
obj - 229.PNG,0B8WcbXogHvegUG40NVZscW11YVE,363462
obj - 23.PNG,0B8WcbXogHvegTmtMdE9mNjdrVEk,399747
obj - 230.PNG,0B8WcbXogHvegRzZ2Nno1MXhUQ3M,351999
obj - 231.PNG,0B8WcbXogHvegbElFVkNaVk1NSFk,326616
obj - 232.PNG,0B8WcbXogHvegYk1pY1V5ZXRnR1U,343151
obj - 233.PNG,0B8WcbXogHvegMGF4dTFubUVqZkk,358659
obj - 234.PNG,0B8WcbXogHvegbUEtMk80d3FBSm8,368378
obj - 235.PNG,0B8WcbXogHveganF6MEdpSVVETk0,371632
obj - 236.PNG,0B8WcbXogHvegdEN6V1hxR2hleDA,363454
obj - 237.PNG,0B8WcbXogHvegU0l3UWIwSWlxWkU,358977
obj - 238.PNG,0B8WcbXogHvegNDhhay0wWDZ4b1U,331883
obj - 239.PNG,0B8WcbXogHvegV2JaNUtSM1YtTzQ,263077
obj - 24.PNG,0B8WcbXogHvegcFRLQ0w3V0hvUXM,408090
obj - 240.PNG,0B8WcbXogHvegSktKN1JpRml4bVU,259840
obj - 241.PNG,0B8WcbXogHvegM1NiQkl5YXFMbWM,278779
obj - 242.PNG,0B8WcbXogHvegSUVwT1JwcU9ScmM,285694
obj - 243.PNG,0B8WcbXogHvegMkRFRmdoalpDNXc,359553
obj - 244.PNG,0B8WcbXogHvegeWFHM3F1b2t5YjQ,355095
obj - 245.PNG,0B8WcbXogHvegTDhFbnJnQjhZMG8,361437
obj - 246.PNG,0B8WcbXogHvegTjBTOC1hd3cwZGM,387254
obj - 247.PNG,0B8WcbXogHvegTjEtLUd6bVU1MWc,397244
obj - 248.PNG,0B8WcbXogHvegQkRNRV9QbklRMjg,388220
obj - 249.PNG,0B8WcbXogHvegQWVsWFJBaWhiR00,373200
obj - 25.PNG,0B8WcbXogHvegVnJIckhWMkJJdlk,390543
obj - 250.PNG,0B8WcbXogHvegckJUU3c3bzlKQlk,363172
obj - 251.PNG,0B8WcbXogHvegQjlPcnY2QUxDSk0,374546
obj - 252.PNG,0B8WcbXogHvegRzdzX2Z1VUZWMDg,400320
obj - 253.PNG,0B8WcbXogHvegWUxYU0F4UHVrdkU,381763
obj - 254.PNG,0B8WcbXogHvegOVdEVm84U1NWS3c,370337
obj - 255.PNG,0B8WcbXogHvegcGI5bkc0MkNYTFk,376620
obj - 256.PNG,0B8WcbXogHvegd3I3cHRHZ0dpVVU,369438
obj - 257.PNG,0B8WcbXogHvegMnJySlV2dnMwRFE,322156
obj - 258.PNG,0B8WcbXogHvegd0lsMFhCUzJ4X1k,347828
obj - 259.PNG,0B8WcbXogHvegSUh2OFR3WU9zSGs,393538
obj - 26.PNG,0B8WcbXogHvegaDltTGJna0ZHYnc,384565
obj - 260.PNG,0B8WcbXogHvegY2IydnRrM203bVk,367840
obj - 261.PNG,0B8WcbXogHvegV3laUWgxcjk5ZWM,387327
obj - 262.PNG,0B8WcbXogHvegcWRtZDZDeHc0U1k,414411
obj - 263.PNG,0B8WcbXogHvegbFhteXY2TXpsZjQ,373739
obj - 264.PNG,0B8WcbXogHvegeGNQdVVoSGVlUE0,315603
obj - 265.PNG,0B8WcbXogHvegRmJzeHkzVTFWY00,299328
obj - 266.PNG,0B8WcbXogHvegcG0tZS0zRV9oLW8,274714
obj - 267.PNG,0B8WcbXogHvegTklvUUdJY1d3MlE,344283
obj - 268.PNG,0B8WcbXogHvegZ0lseTlQZXlkcFU,377502
obj - 269.PNG,0B8WcbXogHvegbE5OYkNLbGJvMVU,373882
obj - 27.PNG,0B8WcbXogHvegRE43d0NabTJvVTQ,361994
obj - 270.PNG,0B8WcbXogHvegWElkVW5lLUZJRUU,385161
obj - 271.PNG,0B8WcbXogHvegb3h5UHJXa1BIM2s,379076
obj - 272.PNG,0B8WcbXogHvegeVR4dEMwNHJnRmM,377306
obj - 273.PNG,0B8WcbXogHvegOXB0dkFnY09FRFU,356850
obj - 274.PNG,0B8WcbXogHvegSzVnUmdoUmNpSlE,363676
obj - 275.PNG,0B8WcbXogHvegS2xTMFppUExaelU,371663
obj - 276.PNG,0B8WcbXogHvegSmR0eWMzektJZWs,369155
obj - 277.PNG,0B8WcbXogHvegUlJoUXphdkZVcVk,392861
obj - 278.PNG,0B8WcbXogHvegeENpdzdhdThucEU,421313
obj - 279.PNG,0B8WcbXogHvegYkZENEhlYkFHblE,419624
obj - 28.PNG,0B8WcbXogHvegU3RvSVBuZFdFa2c,349795
obj - 280.PNG,0B8WcbXogHvegVnpYeEJURUgtc00,406281
obj - 281.PNG,0B8WcbXogHvegVFBxRDZvaGMtdVk,399155
obj - 282.PNG,0B8WcbXogHvegUmNETlRCcHNwNFE,374822
obj - 283.PNG,0B8WcbXogHvegd0piUG8wdzFpcDA,365102
obj - 284.PNG,0B8WcbXogHvegYW1QR0xDZjVOTGM,381553
obj - 285.PNG,0B8WcbXogHvegZEdMa0lYLWJMX28,366136
obj - 286.PNG,0B8WcbXogHvegakdSQ1lhSXNtdkE,388866
obj - 287.PNG,0B8WcbXogHvegRmtqT2VXZU1vRTA,351204
obj - 288.PNG,0B8WcbXogHvegZGVuYXhtNWxqUm8,322260
obj - 289.PNG,0B8WcbXogHvegMlRueGVVNFQ3Zzg,384921
obj - 29.PNG,0B8WcbXogHvegendjckZ3eDktcW8,361175
obj - 290.PNG,0B8WcbXogHvegMEhlT3V4SG9lUTA,386401
obj - 291.PNG,0B8WcbXogHvegSUhHTHZ6Nk5wN28,406158
obj - 292.PNG,0B8WcbXogHvegNXNkSHYyekhJY0k,388417
obj - 293.PNG,0B8WcbXogHvegYktyaW9ET09xQTg,387066
obj - 294.PNG,0B8WcbXogHvegZnVCaWJwTWJLb0k,386397
obj - 295.PNG,0B8WcbXogHvegaHktQkZzYnAxV2c,373039
obj - 296.PNG,0B8WcbXogHvegd0stYkRzcXNIcG8,382517
obj - 297.PNG,0B8WcbXogHvegTjNjdF92M25wcWs,373799
obj - 298.PNG,0B8WcbXogHvegaXVVQXdqZWpoY0U,400913
obj - 299.PNG,0B8WcbXogHvegVnpnZGJjZzY2Sms,415121
obj - 3.PNG,0B8WcbXogHvegTW43a1BZSVNxbjQ,405550
obj - 30.PNG,0B8WcbXogHvegbXJTMEFucUtadHc,385655
obj - 300.PNG,0B8WcbXogHvegVF9mcHduRnFaa2M,419653
obj - 301.PNG,0B8WcbXogHvegV3dKa0xsN3JYZ2c,427136
obj - 302.PNG,0B8WcbXogHvegeUhZSG9oNWlWSVU,417817
obj - 303.PNG,0B8WcbXogHvegQUxQdXJHR052Y2s,386321
obj - 304.PNG,0B8WcbXogHvegc2VsSlFDVS1jbjA,347015
obj - 305.PNG,0B8WcbXogHvegNjIwdEdxbGp4X0U,335458
obj - 306.PNG,0B8WcbXogHvegZG5Semo2bm5MLTg,323178
obj - 307.PNG,0B8WcbXogHvegaGFBYTdDV1cyMzQ,306269
obj - 308.PNG,0B8WcbXogHvegd2NrRTV2RVVQcjA,276331
obj - 309.PNG,0B8WcbXogHvegQmh2RzRUNy1hb2M,274373
obj - 31.PNG,0B8WcbXogHvegOGVmYlR5eDVNUjQ,403067
obj - 310.PNG,0B8WcbXogHvegdlc5dnBOMUNVRDQ,258725
obj - 311.PNG,0B8WcbXogHvegamxYdE11UGZCWFk,263585
obj - 32.PNG,0B8WcbXogHvegRWpGVE5MaW1TTlk,413150
obj - 33.PNG,0B8WcbXogHvegZThiTmVZT1BDVk0,399089
obj - 34.PNG,0B8WcbXogHvegNWs2Tm1Rb1YxSG8,412469
obj - 35.PNG,0B8WcbXogHvegNUd4Um90WHdoZkU,414467
obj - 36.PNG,0B8WcbXogHvegWm5vb1dFcmJoNWc,418156
obj - 37.PNG,0B8WcbXogHvegYTFCelhwWFRmNEU,429498
obj - 38.PNG,0B8WcbXogHvegTlFRTkVSa2FON0E,444416
obj - 39.PNG,0B8WcbXogHvegazZyYVV4OGlGS3M,396436
obj - 4.PNG,0B8WcbXogHvegaGVXTTRYS3F0dnc,438412
obj - 40.PNG,0B8WcbXogHvegUGNNT214T1QwZzA,410421
obj - 41.PNG,0B8WcbXogHvegaU9JN3BxTDM5Z1k,407728
obj - 42.PNG,0B8WcbXogHvegZ0V0TmM3cjVHMkk,400478
obj - 43.PNG,0B8WcbXogHvegLWpiejBkbmtmQzg,398715
obj - 44.PNG,0B8WcbXogHvegSmx1bkFYejFSVE0,412278
obj - 45.PNG,0B8WcbXogHvegSkFoa3JwRDE2bXM,395973
obj - 46.PNG,0B8WcbXogHvegZ1BlS0E3UkJhcEU,402133
obj - 47.PNG,0B8WcbXogHvegbkR1eFgwNWhuMHM,403400
obj - 48.PNG,0B8WcbXogHvegakE3cVhxeF8tNEE,402714
obj - 49.PNG,0B8WcbXogHvegQWI2LUJUcUllcGM,415302
obj - 5.PNG,0B8WcbXogHvegc1JZU202V05kTTQ,430362
obj - 50.PNG,0B8WcbXogHvegMldaVXRGQ2NIZ0k,405269
obj - 51.PNG,0B8WcbXogHvegOU9vSzNqcTZBeG8,390569
obj - 52.PNG,0B8WcbXogHvegN1lHUTBxOGVobzQ,390804
obj - 53.PNG,0B8WcbXogHvegdzc0VU5LRkJ2ZDA,378773
obj - 54.PNG,0B8WcbXogHvegU1ZPcWRCVk9JdmM,397620
obj - 55.PNG,0B8WcbXogHvegd0pDblYzTFEwVkE,400065
obj - 56.PNG,0B8WcbXogHvegMFk5UFBNUHI3RHc,392072
obj - 57.PNG,0B8WcbXogHvegc2s1ZzJCeWlxVkk,425111
obj - 58.PNG,0B8WcbXogHvegd3hZd0pqZ3hMbFE,442982
obj - 59.PNG,0B8WcbXogHvegX0xDamFXUDdETzg,424414
obj - 6.PNG,0B8WcbXogHvegSVkyY3dTNHliZzQ,428155
obj - 60.PNG,0B8WcbXogHvegOVhiNWJVMzZxS2c,428658
obj - 61.PNG,0B8WcbXogHvegX0RBbnlyRjU1MWM,433086
obj - 62.PNG,0B8WcbXogHvegSFI3dDg4bG54Z0E,423498
obj - 63.PNG,0B8WcbXogHvegaGdYODgtTnh4VkU,403555
obj - 64.PNG,0B8WcbXogHvegYXhsQ05uNS1uelE,402951
obj - 65.PNG,0B8WcbXogHvegTG9NQlNueVBISGM,411886
obj - 66.PNG,0B8WcbXogHvegenBUemM0Z0dXaDg,404873
obj - 67.PNG,0B8WcbXogHvegVzdMdHJ6cTZYOGM,426333
obj - 68.PNG,0B8WcbXogHvegbXRwcGVKSlhHc2s,437446
obj - 69.PNG,0B8WcbXogHvegMnlPWHVkemFUVW8,396220
obj - 7.PNG,0B8WcbXogHvegYUVscElzb2JoT1k,432275
obj - 70.PNG,0B8WcbXogHvegMjJSVkJsTFo3Wk0,359177
obj - 71.PNG,0B8WcbXogHvegelVtR0kzWk9ObGc,327312
obj - 72.PNG,0B8WcbXogHvegaUpEUzE3QnN0NjQ,280314
obj - 73.PNG,0B8WcbXogHvegQjlNUHVUWHFKV0k,280732
obj - 74.PNG,0B8WcbXogHvegV1d2R0d2YjNnTlE,337965
obj - 75.PNG,0B8WcbXogHvegSi02QnFrMFdYM1k,328482
obj - 76.PNG,0B8WcbXogHvegR1h1X2FZa2RtMDg,337692
obj - 77.PNG,0B8WcbXogHvegWWphN1hZb0hOenc,340323
obj - 78.PNG,0B8WcbXogHvegQnBQVlpiWXlKMUk,374855
obj - 79.PNG,0B8WcbXogHvegYXRKdmxSQXRUalU,362830
obj - 8.PNG,0B8WcbXogHvegeWFvTk1JVVJJZUE,418876
obj - 80.PNG,0B8WcbXogHvegVEc0NTFxNVlld2c,349719
obj - 81.PNG,0B8WcbXogHvegV0dKYmxtVlNiUDA,350626
obj - 82.PNG,0B8WcbXogHvegTUhIN3pINUtmd0U,357894
obj - 83.PNG,0B8WcbXogHvegb2JkcEJCNmlqOWc,373706
obj - 84.PNG,0B8WcbXogHvegbThnR1lfaHROa0U,362256
obj - 85.PNG,0B8WcbXogHvegcEhETkRIVjhJeUk,356303
obj - 86.PNG,0B8WcbXogHvegTVZWdFVxdS1lb3M,378385
obj - 87.PNG,0B8WcbXogHvegOVhnTXAtdmZNMzA,404166
obj - 88.PNG,0B8WcbXogHvegZm9iYUVyZHRsN00,406455
obj - 89.PNG,0B8WcbXogHvegelUwZjAxWXFWTWM,359243
obj - 9.PNG,0B8WcbXogHvegMEVTSG1teVFCN1E,392512
obj - 90.PNG,0B8WcbXogHvegX2RPZUgtYjR0QlE,354404
obj - 91.PNG,0B8WcbXogHvegN0E3VkZjSmtiRTA,325680
obj - 92.PNG,0B8WcbXogHvegZjA1emprYXNaMkU,239500
obj - 93.PNG,0B8WcbXogHvegLWROeEhZS1VQc1U,207761
obj - 94.PNG,0B8WcbXogHvegUFZLSmdZbGFWSDg,337539
obj - 95.PNG,0B8WcbXogHvegTEN5Rk5yV2lmNlU,326461
obj - 96.PNG,0B8WcbXogHvegblozNmRxQUhTU0k,334825
obj - 97.PNG,0B8WcbXogHvegcXdWbEx5ZGtqc2c,332925
obj - 98.PNG,0B8WcbXogHvegRC1jeVR3UE0tLUE,360455
obj - 99.PNG,0B8WcbXogHvegVXJWVlphQzd5MkU,328464
