cap - 7000.PNG,0B8WcbXogHvegU2RoaWtQenVqMHc,601708
cap - 7001.PNG,0B8WcbXogHvegdkk4V3J1VFBNX1E,390030
cap - 7002.PNG,0B8WcbXogHvegZUhvUEJES1hPcUE,433982
cap - 7003.PNG,0B8WcbXogHvegWWZPQjhkelhQMGc,429999
cap - 7004.PNG,0B8WcbXogHvegREhCZElPYTRhbW8,558046
cap - 7005.PNG,0B8WcbXogHvegRy01NUFWZGwwYWc,535460
cap - 7006.PNG,0B8WcbXogHvegZjB3SmU0V1hqMms,548443
cap - 7007.PNG,0B8WcbXogHvegYnA3UHVlZ01vLXc,543535
cap - 7008.PNG,0B8WcbXogHvegMko4TDRZNXc2NmM,520113
cap - 7009.PNG,0B8WcbXogHvegbTZDMFcxSkRydDg,561900
cap - 7010.PNG,0B8WcbXogHvegcGlsbTRzV1FWRWs,529333
cap - 7011.PNG,0B8WcbXogHvegQ2xETmFPZUxZUEE,387122
cap - 7012.PNG,0B8WcbXogHvegZFVZUlluUlQtY3M,515310
cap - 7013.PNG,0B8WcbXogHvegRHRXNU1GY1R1Y3M,406440
cap - 7014.PNG,0B8WcbXogHvegWlFMaXpVWVB3MGs,418427
cap - 7015.PNG,0B8WcbXogHvegSVZLQTZSaTVmQm8,295834
cap - 7016.PNG,0B8WcbXogHvegMEh1NTZ0OWo0TVU,362945
cap - 7017.PNG,0B8WcbXogHvegNVY0dnBqcVA0eFU,459982
cap - 7018.PNG,0B8WcbXogHvegelRjbmlFNW9JM2c,550543
cap - 7019.PNG,0B8WcbXogHvegNVNsT0xyU0VmQ3M,357888
cap - 7020.PNG,0B8WcbXogHvegN3lid3FmZ3Zad00,386005
cap - 7021.PNG,0B8WcbXogHvegODhJSzh1bG9sWkE,397255
cap - 7022.PNG,0B8WcbXogHvega2xWLVpTa2QzWkE,334952
cap - 7023.PNG,0B8WcbXogHvegNU4wclVPa1hScDQ,386123
cap - 7024.PNG,0B8WcbXogHvegQXFNaVd0TWc0NE0,425647
cap - 7025.PNG,0B8WcbXogHvegLWZvWXlCdEtPbGs,424566
cap - 7026.PNG,0B8WcbXogHvegbjBEUkp6enItOEk,338996
cap - 7027.PNG,0B8WcbXogHvegbDMxX0ItdktCa3c,513965
cap - 7028.PNG,0B8WcbXogHvegTFJVVEM4M2oyWFk,528758
cap - 7029.PNG,0B8WcbXogHvegSi10Sk80YWQtY0k,423242
cap - 7030.PNG,0B8WcbXogHvegM08wc2V2T1IzS2s,366662
cap - 7031.PNG,0B8WcbXogHvegWU5LZTl4MmpHUzA,371349
cap - 7032.PNG,0B8WcbXogHvegNHlZRC14YnNySGM,390603
cap - 7033.PNG,0B8WcbXogHvegajhMVzk4TE5WY0U,428780
cap - 7034.PNG,0B8WcbXogHvegNTB6cnpHcWZqa3M,435618
cap - 7035.PNG,0B8WcbXogHvegRUxQVUFhRnVCT1U,395706
cap - 7036.PNG,0B8WcbXogHvegMlQ3NU1jMmJOS2s,392384
cap - 7037.PNG,0B8WcbXogHvegd2hweWlESFkyNmM,391923
cap - 7038.PNG,0B8WcbXogHvegMmxvbVVoTEwxQ1k,396777
cap - 7039.PNG,0B8WcbXogHvegY09ZREdCeElJUzg,417408
cap - 7040.PNG,0B8WcbXogHvegZy16NkRUOHA3VjA,380273
cap - 7041.PNG,0B8WcbXogHvegTkRDTmVjaEtYR2c,426094
cap - 7042.PNG,0B8WcbXogHvegZ3ZhNFFfbGtYR1U,423193
cap - 7043.PNG,0B8WcbXogHvegaGRMSkREUEo0MjQ,428554
cap - 7044.PNG,0B8WcbXogHvegNVB4amVfeDRGZlk,482314
cap - 7045.PNG,0B8WcbXogHvegZmtTR1RCdnVKcDQ,519893
cap - 7046.PNG,0B8WcbXogHvegUm9iN3NTWko4ZzA,503761
cap - 7047.PNG,0B8WcbXogHvegSW9wTkFSbm5BWVE,533043
cap - 7048.PNG,0B8WcbXogHvegVFhWbnlqLWxVX2M,516799
cap - 7049.PNG,0B8WcbXogHvegcGY4WjFGcDdhZVk,571268
cap - 7050.PNG,0B8WcbXogHvegT0dDYVdnYVNFTkU,616412
cap - 7051.PNG,0B8WcbXogHvegU05KbFR1NWpZc28,590206
cap - 7052.PNG,0B8WcbXogHvegYVc1OWJpLU85cmM,382318
cap - 7053.PNG,0B8WcbXogHvegSzNYN2hyU292ZTg,418207
cap - 7054.PNG,0B8WcbXogHvegUTdsUHNCamQxbGs,463855
cap - 7055.PNG,0B8WcbXogHvegVDJ6UUN6Q3h2LTg,412286
cap - 7056.PNG,0B8WcbXogHvegTnpUaEFmTFA1WTQ,458888
cap - 7057.PNG,0B8WcbXogHvegZmZQdmdvU1lfdkE,681485
cap - 7058.PNG,0B8WcbXogHvega1o3Nm9oVjdtdVE,623041
cap - 7059.PNG,0B8WcbXogHvegVU1QRVpCNF81UGc,613911
cap - 7060.PNG,0B8WcbXogHvegMWJCTlpDUF9QeVk,584197
cap - 7061.PNG,0B8WcbXogHvegZ3BnR0xkM1UyTVE,572088
cap - 7062.PNG,0B8WcbXogHvegYi1BeFJXTHRobnc,581429
cap - 7063.PNG,0B8WcbXogHvegYnliR2ctbWNuQ2s,424388
cap - 7064.PNG,0B8WcbXogHvegTEtrV0d2cXhSQ2c,435549
cap - 7065.PNG,0B8WcbXogHvegSXk5YmJVdno3R2M,485510
cap - 7066.PNG,0B8WcbXogHvegN2M4aFNzaHc3cDg,502979
cap - 7067.PNG,0B8WcbXogHvegcy1UUi1QRXhMMWc,444818
cap - 7068.PNG,0B8WcbXogHvegc09fcWtVYkJrWUU,458890
cap - 7069.PNG,0B8WcbXogHvegX2V6WWRTVVZGcEU,446410
cap - 7070.PNG,0B8WcbXogHvegNEpycmw2aDZGSFU,469189
cap - 7071.PNG,0B8WcbXogHvegTksxSkw4SjROZFU,458208
cap - 7072.PNG,0B8WcbXogHvegX3hnZzk4TUpYNFE,465520
cap - 7073.PNG,0B8WcbXogHvegMGdaTTRiYXpXUUU,446576
cap - 7074.PNG,0B8WcbXogHvegaXh6VVZ0MUxaVkE,468434
cap - 7075.PNG,0B8WcbXogHvegTjNhSmxlNW1CNUU,473984
cap - 7076.PNG,0B8WcbXogHvegazQxZGZQZFNXMGc,431656
cap - 7077.PNG,0B8WcbXogHvegcVNOVmlQRU92TGs,423069
cap - 7078.PNG,0B8WcbXogHvegbkxURktpdjZzdTA,436224
cap - 7079.PNG,0B8WcbXogHvegUnpvV0FOaEI5NXc,404201
cap - 7080.PNG,0B8WcbXogHvegakxwSWxqQnNvSGs,469224
cap - 7081.PNG,0B8WcbXogHvegaFdkaEFzaGNiZnc,420225
cap - 7082.PNG,0B8WcbXogHvegaW5xeDR4d19rVG8,463458
cap - 7083.PNG,0B8WcbXogHvegcEFkdVBzMHh0QkE,467011
cap - 7084.PNG,0B8WcbXogHvegb1pZNDFDaWZBTXc,428022
cap - 7085.PNG,0B8WcbXogHvega3ZBc0xCUnhlXzg,461475
cap - 7086.PNG,0B8WcbXogHvegRUk4QUI3OVhxOVU,436776
cap - 7087.PNG,0B8WcbXogHvegclFtYmJncmd0dzA,428094
cap - 7088.PNG,0B8WcbXogHvegZ3Q5V3BRQzBsOXc,348859
cap - 7089.PNG,0B8WcbXogHvegRGUzOVhmQTlUdFE,452703
cap - 7090.PNG,0B8WcbXogHvegcUxYTTRGdUNfeFU,472791
cap - 7091.PNG,0B8WcbXogHvegQnUwb29CZVcxMDQ,476204
cap - 7092.PNG,0B8WcbXogHvegZEQtY3I5cFQxbUU,452450
cap - 7093.PNG,0B8WcbXogHvegUDlaMmNKTmNObmM,450566
cap - 7094.PNG,0B8WcbXogHvegUWFiTUVkZUllVjA,396895
cap - 7095.PNG,0B8WcbXogHvegMmhuSDR2bTd2Xzg,452907
cap - 7096.PNG,0B8WcbXogHvegNlo3QnZXREt1Q1k,641386
cap - 7097.PNG,0B8WcbXogHvegQ1p1UFNBSEZGWVk,556871
cap - 7098.PNG,0B8WcbXogHvegUHlIbVZjaTBJSm8,433629
cap - 7099.PNG,0B8WcbXogHvegUGlQTTBDX3dCbFE,487624
cap - 7100.PNG,0B8WcbXogHvegUWtBeDFZSGhSbTQ,466471
cap - 7101.PNG,0B8WcbXogHvegeXdWWFpzcUVLWG8,452363
cap - 7102.PNG,0B8WcbXogHvegb19MMTh4SDQzaXM,391457
cap - 7103.PNG,0B8WcbXogHvegcUk2Zm1qQ1VjUGc,489712
cap - 7104.PNG,0B8WcbXogHvegeTRITGoxc1c2bFk,507776
cap - 7105.PNG,0B8WcbXogHvegeDlxNjBvT1JDd0k,524062
cap - 7106.PNG,0B8WcbXogHvegZnZUM2IwOXhWWms,555973
cap - 7107.PNG,0B8WcbXogHvegVWl6TnhVblQ2ekU,563698
cap - 7108.PNG,0B8WcbXogHvegaXVRRXhQVVFySXc,575879
cap - 7109.PNG,0B8WcbXogHvegXzl6c1g0ZG5WaVk,505870
cap - 7110.PNG,0B8WcbXogHvegWWJQd1p2TnA0LWs,419777
cap - 7111.PNG,0B8WcbXogHvegQ2pPUWNkSkhfbGM,395860
cap - 7112.PNG,0B8WcbXogHvegOGFJQWdqTkpJZ0E,454972
cap - 7113.PNG,0B8WcbXogHvegZm5Raktqc2JDQ2c,523924
cap - 7114.PNG,0B8WcbXogHvegbjEtLUc1eERwVGM,598263
cap - 7115.PNG,0B8WcbXogHvegU0V3VmsyTnFGazQ,546102
cap - 7116.PNG,0B8WcbXogHvegYndFcENQSFN1cXc,516662
cap - 7117.PNG,0B8WcbXogHvegR004OHV2UURhaTg,620181
cap - 7118.PNG,0B8WcbXogHvegNDNXcHA3c3o1Ync,511024
cap - 7119.PNG,0B8WcbXogHvegXzVya2Zod18ybzA,598766
cap - 7120.PNG,0B8WcbXogHvegMnpuMWQ5ekxrY0U,420538
cap - 7121.PNG,0B8WcbXogHvegdGczUUhHVFNSLW8,368542
cap - 7122.PNG,0B8WcbXogHvegWjVhRmJ6bG9oek0,417406
cap - 7123.PNG,0B8WcbXogHvegbkxrVGVrbGx5aXc,449673
cap - 7124.PNG,0B8WcbXogHvegTFpoX2paNFlTa00,430087
cap - 7125.PNG,0B8WcbXogHvegOVBoMkVkcGhGQnM,401411
cap - 7126.PNG,0B8WcbXogHvegZWRBT2NNY29JcGc,429237
cap - 7127.PNG,0B8WcbXogHvegWFV2LU5xbXRlUFE,379551
cap - 7128.PNG,0B8WcbXogHvegN1F4al9yaldjWjQ,446889
cap - 7129.PNG,0B8WcbXogHvegQ0JTMHdkd1J0eDQ,443231
cap - 7130.PNG,0B8WcbXogHvegbnFTdlQ4aUVuWkE,418634
cap - 7131.PNG,0B8WcbXogHvegN0o3cXRwdmpNLUk,563861
cap - 7132.PNG,0B8WcbXogHvegSW5TbVBKNlMwdE0,663273
cap - 7133.PNG,0B8WcbXogHvegLWQ0aTI5QkRsckU,691760
cap - 7134.PNG,0B8WcbXogHvegM0VtVDRxM3l2QXM,712532
cap - 7135.PNG,0B8WcbXogHvegckNhWXh6b3BiNzQ,770873
cap - 7136.PNG,0B8WcbXogHvegaEp2NUhhMzU5bVE,410644
cap - 7137.PNG,0B8WcbXogHvegNjRTOHU5RHlQdVk,413367
cap - 7138.PNG,0B8WcbXogHvegWFU1ZFY2aGxoWGs,452031
cap - 7139.PNG,0B8WcbXogHvegaFIwSU5CMWdvcXM,580447
cap - 7140.PNG,0B8WcbXogHvegY1RsZjgzZlJsNDg,632216
cap - 7141.PNG,0B8WcbXogHvegTmxOMjZaSG15Mk0,693804
cap - 7142.PNG,0B8WcbXogHvegMS1hSVh0OTVHTVE,439421
cap - 7143.PNG,0B8WcbXogHvegbEdqVkJsYnVzQnM,442781
cap - 7144.PNG,0B8WcbXogHvegYVdjWjI1Z3ZXaXc,458084
cap - 7145.PNG,0B8WcbXogHvegakxVc3NHVUZqSDg,603992
cap - 7146.PNG,0B8WcbXogHvegVnh6dGNKNGJVYm8,747151
cap - 7147.PNG,0B8WcbXogHvegdjY4TmhVRThKNFU,720546
cap - 7148.PNG,0B8WcbXogHvegeU5wVTlTQzVVR1E,544282
cap - 7149.PNG,0B8WcbXogHvegczZ6a2FtUlJaV1k,406441
cap - 7150.PNG,0B8WcbXogHvegOTRuV2Z4Vk5zdWc,420194
cap - 7151.PNG,0B8WcbXogHvegV2hPMUNNNGs2cDA,439440
cap - 7152.PNG,0B8WcbXogHvegOVR2RW9ER2VtN1k,425875
cap - 7153.PNG,0B8WcbXogHvegT2lNVVBxeGpMcmc,397708
cap - 7154.PNG,0B8WcbXogHvegMzlwMldseVpJbkU,510246
cap - 7155.PNG,0B8WcbXogHvegMGNRS25kWjhJakE,548833
cap - 7156.PNG,0B8WcbXogHvegbXdyeUFLX2JmUzQ,606479
cap - 7157.PNG,0B8WcbXogHvegSmRkcEVaTnR6TVk,423256
cap - 7158.PNG,0B8WcbXogHvegS0ctV0NDZWRXZmc,431630
cap - 7159.PNG,0B8WcbXogHvegYU1ScnRsVV96ZlU,462262
cap - 7160.PNG,0B8WcbXogHvegNnNvaHZ4MVpQMWc,439778
cap - 7161.PNG,0B8WcbXogHvegdm13SmpWNHNFUEU,460163
cap - 7162.PNG,0B8WcbXogHvegZ0s4bTR1aXhiTEE,465626
cap - 7163.PNG,0B8WcbXogHvegY1A5eGNuMzRJeWs,524591
cap - 7164.PNG,0B8WcbXogHvegT0owem9aaU9nUUU,442937
cap - 7165.PNG,0B8WcbXogHvegU0R0d0g0bWhhT1U,453685
cap - 7166.PNG,0B8WcbXogHvegYkkxZWl6ZXJWeWM,525689
cap - 7167.PNG,0B8WcbXogHvegZTFVbzN4MU16RWM,370218
cap - 7168.PNG,0B8WcbXogHvegejNadkY2QURKbDQ,332813
cap - 7169.PNG,0B8WcbXogHvegX2hWTko3RDNybEk,460039
cap - 7170.PNG,0B8WcbXogHvegRm5WWXh3QnF3TW8,352821
cap - 7171.PNG,0B8WcbXogHvegRHdGR2lsUUNTdW8,363160
cap - 7172.PNG,0B8WcbXogHvegeTlKZ3JHazhjQXc,378895
cap - 7173.PNG,0B8WcbXogHvegLWV4MFcyVmQ1Slk,367869
cap - 7174.PNG,0B8WcbXogHvegX1phWEpQUEZCLXc,468545
cap - 7175.PNG,0B8WcbXogHvegQzJGQzZTTXNwS0U,414035
cap - 7176.PNG,0B8WcbXogHvegOEktTDNjbnpxSEk,480269
cap - 7177.PNG,0B8WcbXogHvegNHdaRmt5YUpuZUE,507374
cap - 7178.PNG,0B8WcbXogHvegYU5RSVptaVZVM3c,507435
cap - 7179.PNG,0B8WcbXogHvegbUpMalV4WHRNQVE,493033
cap - 7180.PNG,0B8WcbXogHvegN3lFNU1xbEJGNWM,471715
cap - 7181.PNG,0B8WcbXogHvegZk11Y0VOMlJLc1k,549849
cap - 7182.PNG,0B8WcbXogHvegNGJpOU9rT2dzWkE,449500
cap - 7183.PNG,0B8WcbXogHvegMVV4YmpfcXR5RkU,427663
cap - 7184.PNG,0B8WcbXogHvegZ3cxd1k3Qmt2aU0,463841
cap - 7185.PNG,0B8WcbXogHvegM01QM0x6UWJBeTg,450428
cap - 7186.PNG,0B8WcbXogHvegWWJ6RndQWEgtdzQ,361737
cap - 7187.PNG,0B8WcbXogHvegWWtVMFVnekxpQUU,402786
cap - 7188.PNG,0B8WcbXogHvegd0N0REFkR0hkdnc,391059
cap - 7189.PNG,0B8WcbXogHvegcE9DeUd6MnJ1cDQ,393029
cap - 7190.PNG,0B8WcbXogHvegdmQ1X1FqZGtLbkE,384186
cap - 7191.PNG,0B8WcbXogHvegODFoSmgwY1NqMGs,422162
cap - 7192.PNG,0B8WcbXogHvegUVpGNF9DY0dzQlE,368378
cap - 7193.PNG,0B8WcbXogHvegaEtITTdsVDl3czA,432184
cap - 7194.PNG,0B8WcbXogHvegd29HemJDUEIwdEU,354406
cap - 7195.PNG,0B8WcbXogHvegdHlOV28waFVjb28,357083
cap - 7196.PNG,0B8WcbXogHvegT0V5eWxnUGdUSlE,385885
cap - 7197.PNG,0B8WcbXogHvegbC1hOHp1c29zUjA,458076
cap - 7198.PNG,0B8WcbXogHvegY0kzWmh1LU1vbjA,469864
cap - 7199.PNG,0B8WcbXogHvegLTEzcmg1eEJadW8,488293
cap - 7200.PNG,0B8WcbXogHvegMF9TbDBmZzlaYTQ,502073
cap - 7201.PNG,0B8WcbXogHvegVWN5WHowTjYwbTQ,526488
cap - 7202.PNG,0B8WcbXogHvegekZNWWNPOG1CTkU,548499
cap - 7203.PNG,0B8WcbXogHvegb0pIWHdmZ1RDNEE,417345
cap - 7204.PNG,0B8WcbXogHvegY0ttTnlCOU9lUlU,415267
cap - 7205.PNG,0B8WcbXogHvegUUNlTmhQOFJ3bVU,389261
cap - 7206.PNG,0B8WcbXogHvegd2M5UnZSS2x0Z0k,415898
cap - 7207.PNG,0B8WcbXogHvegV1U4UEhnLVJ3MzQ,623886
cap - 7208.PNG,0B8WcbXogHvegZTRVRVpBS05pYmM,386313
cap - 7209.PNG,0B8WcbXogHvegaXpKQmZKVm1CSnc,429597
cap - 7210.PNG,0B8WcbXogHvegbWhobVhrcjVfblE,494100
cap - 7211.PNG,0B8WcbXogHvegT2ZJUnB0RUdacVE,700604
cap - 7212.PNG,0B8WcbXogHvegRlY0X3VGUThTd0E,546234
cap - 7213.PNG,0B8WcbXogHvegWmc1RWgwOFNISHM,550973
cap - 7214.PNG,0B8WcbXogHvegSndtOTROQ0ZKRTQ,725153
cap - 7215.PNG,0B8WcbXogHvegS0J3Ql9YOF9iWVU,677189
cap - 7216.PNG,0B8WcbXogHvegNmJ2T3U2Vk9PSTg,476221
cap - 7217.PNG,0B8WcbXogHvegSGtLdTg3aVJxY0k,457150
cap - 7218.PNG,0B8WcbXogHvegcDhNYkpab1BId2s,361887
cap - 7219.PNG,0B8WcbXogHvegMUJOR3hyYmNBamc,402045
cap - 7220.PNG,0B8WcbXogHvegZHlkeHhSRk5CaUk,424694
cap - 7221.PNG,0B8WcbXogHvegTzdYNzhJdWhwbXM,388461
cap - 7222.PNG,0B8WcbXogHvegMVRXUDdRYVJ4bTA,424597
cap - 7223.PNG,0B8WcbXogHvegcWI4WHNvakhXMjQ,347428
cap - 7224.PNG,0B8WcbXogHvegRm5XM2d0VWNVdmc,382719
cap - 7225.PNG,0B8WcbXogHvegMUxUcC11MEI0NEk,377363
cap - 7226.PNG,0B8WcbXogHvegTzlVUTR3WkhCUG8,334703
cap - 7227.PNG,0B8WcbXogHvegMVFFWDRIdTJyR00,362780
cap - 7228.PNG,0B8WcbXogHvega1ctWHhkYkVvVDQ,343922
cap - 7229.PNG,0B8WcbXogHvegTS0tME02X0hDVTg,338778
cap - 7230.PNG,0B8WcbXogHvegSGVRcVliV1V2YTQ,421814
cap - 7231.PNG,0B8WcbXogHvegRUJaU2lqRGVvSFU,423304
cap - 7232.PNG,0B8WcbXogHvegZkJDY0tXbUJQM3c,440062
cap - 7233.PNG,0B8WcbXogHvegSTVPREdXZTV5N2M,366410
cap - 7234.PNG,0B8WcbXogHvegcUNrcHJDU3Z2YVE,391445
cap - 7235.PNG,0B8WcbXogHvegeW9UdVNkNUo2S2M,336098
cap - 7236.PNG,0B8WcbXogHvegZ05rN0Fvdmh4VFE,480677
cap - 7237.PNG,0B8WcbXogHvegaUR6bWVqRFkxeGM,624824
cap - 7238.PNG,0B8WcbXogHvegX0RDTEdzVWFhb00,666196
cap - 7239.PNG,0B8WcbXogHvegOU1pb09IWVFBRFk,730793
cap - 7240.PNG,0B8WcbXogHvegYVZ2UVJGdFM5SFU,691424
cap - 7241.PNG,0B8WcbXogHvegTXJ2dExRbWk4M28,609249
cap - 7242.PNG,0B8WcbXogHvegUURyekQ1eENIY00,662000
cap - 7243.PNG,0B8WcbXogHvegS3p3dDhMSVVqV1k,532159
cap - 7244.PNG,0B8WcbXogHvegQXgxMU1EMW1vZHM,464396
cap - 7245.PNG,0B8WcbXogHvegSkdMSGhkLXV2SDg,537801
cap - 7246.PNG,0B8WcbXogHvegY1ZkOWZWUWMwaUU,677231
cap - 7247.PNG,0B8WcbXogHvegOGx3bWVnRXg5aG8,421666
cap - 7248.PNG,0B8WcbXogHvegRUtBRnl0aG1HNGM,457914
cap - 7249.PNG,0B8WcbXogHvegcUl3T29UV0xVZ1E,558976
cap - 7250.PNG,0B8WcbXogHvegWlR4LUxIOWNJRVk,576036
cap - 7251.PNG,0B8WcbXogHvegbW5fVWVzb0phTUE,321754
cap - 7252.PNG,0B8WcbXogHvega3FQZkpYVTU2ODQ,768392
cap - 7253.PNG,0B8WcbXogHvegM2JxbzJFbDVKUGM,790774
cap - 7254.PNG,0B8WcbXogHvegTEdGellUX1IzaHM,821127
cap - 7255.PNG,0B8WcbXogHvegdDN4RkNUZi14WWc,732899
cap - 7256.PNG,0B8WcbXogHvegd2RQRDJYU1Iya28,769140
cap - 7257.PNG,0B8WcbXogHvega094YllwQVRMeTQ,767233
cap - 7258.PNG,0B8WcbXogHvegSW1qLVdzRmkyQjg,761870
cap - 7259.PNG,0B8WcbXogHvegWVh5WnVXdEd3dlE,722470
cap - 7260.PNG,0B8WcbXogHvegbno5OTBlS2hDZU0,376176
cap - 7261.PNG,0B8WcbXogHvegVUljcVZJWnFCWW8,707359
cap - 7262.PNG,0B8WcbXogHvegSVA0NGRDWUl2WTQ,421614
cap - 7263.PNG,0B8WcbXogHvegczJYYXFFLTlFS2c,435079
cap - 7264.PNG,0B8WcbXogHvegOUdfU2lZcXRKVUE,451779
cap - 7265.PNG,0B8WcbXogHvegZ1pqTzZVcmtaSDQ,440997
cap - 7266.PNG,0B8WcbXogHvegRXdWWEVkMU9zWk0,416750
cap - 7267.PNG,0B8WcbXogHvegbFpuOEF1UWZaUHc,497526
cap - 7268.PNG,0B8WcbXogHvegajFXdjhHUjBXU3M,504242
cap - 7269.PNG,0B8WcbXogHvegdnlHYWpvWm1fV0E,464961
cap - 7270.PNG,0B8WcbXogHvegbGJuQUlNb242Y0U,375709
cap - 7271.PNG,0B8WcbXogHvegWi1TZC1aN2hzZnc,326219
cap - 7272.PNG,0B8WcbXogHvegYmZPalE1XzVRTXc,375365
cap - 7273.PNG,0B8WcbXogHvegdmdETkhkellMLXM,483871
cap - 7274.PNG,0B8WcbXogHvegbkxYVjdhSkJFek0,515509
cap - 7275.PNG,0B8WcbXogHvegLV9ZWEpFV0dFSWs,569758
cap - 7276.PNG,0B8WcbXogHvegaGVfMXJBbjFvR2M,533022
cap - 7277.PNG,0B8WcbXogHvegZ2M5LVpqVXRlZTg,403302
cap - 7278.PNG,0B8WcbXogHvegVkI4TzZoTE1jQkU,337763
cap - 7279.PNG,0B8WcbXogHvegNnI0NTc2aUp4RDQ,298534
cap - 7280.PNG,0B8WcbXogHvegWkx6YURhWlVrRG8,425586
cap - 7281.PNG,0B8WcbXogHvegVUUyamI1cExYWUU,389648
cap - 7282.PNG,0B8WcbXogHvegTXhEeXFuMVBMX2c,379569
cap - 7283.PNG,0B8WcbXogHvegOGxNQkFyMXNGbzg,488278
cap - 7284.PNG,0B8WcbXogHvegN1hUM05ZUnlSdEE,330756
cap - 7285.PNG,0B8WcbXogHvegMHRHUTV1UEszVG8,423902
cap - 7286.PNG,0B8WcbXogHvegUkRuZXZhYjNrS2c,523066
cap - 7287.PNG,0B8WcbXogHvegTF9BdkI5SHFZZzA,390711
cap - 7288.PNG,0B8WcbXogHvegeGFobHJQekltNlU,345508
cap - 7289.PNG,0B8WcbXogHvegdi1EUWJXb2RxRE0,566891
cap - 7290.PNG,0B8WcbXogHvegWjlPX3B1RC1ld0U,420195
cap - 7291.PNG,0B8WcbXogHvegNFRZanduZGZ1SDQ,482495
cap - 7292.PNG,0B8WcbXogHvegbnR4RzU1eFZ4dHc,765282
cap - 7293.PNG,0B8WcbXogHvegSVhfbFpmdEt0SDA,792872
cap - 7294.PNG,0B8WcbXogHvegcDlNSzFJN252NDA,755509
cap - 7295.PNG,0B8WcbXogHvegakhiZEFaTy14MFU,783298
cap - 7296.PNG,0B8WcbXogHvegQ05OVEpOelE2RHM,734036
cap - 7297.PNG,0B8WcbXogHvegMnRNLWNFaHZTd00,683108
cap - 7298.PNG,0B8WcbXogHvegbGk5U3k0SUVsQnc,837145
cap - 7299.PNG,0B8WcbXogHvegaEVnQmhZNWxSWVE,571983
cap - 7300.PNG,0B8WcbXogHvegZWtNNmxXQmFnSWs,465946
cap - 7301.PNG,0B8WcbXogHvegWlNxU3M4V0ZqTWM,501914
cap - 7302.PNG,0B8WcbXogHvegdnpRd3AtdlpOZDA,292407
cap - 7303.PNG,0B8WcbXogHvegWTMxd0s4cnNEbDQ,347946
cap - 7304.PNG,0B8WcbXogHvegeDMtVEpKNGVaS2M,707597
cap - 7305.PNG,0B8WcbXogHvegb1FlbDQ3bTd4QWc,696708
cap - 7306.PNG,0B8WcbXogHvegdVJ3YWFselk3c2c,542168
cap - 7307.PNG,0B8WcbXogHvegN0JQS2l4bFZTZ2c,783981
cap - 7308.PNG,0B8WcbXogHvegWlk4OUhCOFRyY2s,596553
cap - 7309.PNG,0B8WcbXogHvegbTNQVWJsYllxcFk,610240
cap - 7310.PNG,0B8WcbXogHvegOE9pdERaUVJsdmc,592767
cap - 7311.PNG,0B8WcbXogHvegREY4cVh4anp5Tzg,594839
cap - 7312.PNG,0B8WcbXogHvegY2RHd1hFRGF1aWc,830519
cap - 7313.PNG,0B8WcbXogHvegTmlscUZVM0pHREU,737459
cap - 7314.PNG,0B8WcbXogHvegdmdFNTFINmpCRDA,804745
cap - 7315.PNG,0B8WcbXogHvegb0dZUW5PUHJBeUU,820418
cap - 7316.PNG,0B8WcbXogHvegRnNLdXJ1SXZwTFU,783485
cap - 7317.PNG,0B8WcbXogHvegU0tiRFVDNlE1aUk,794223
cap - 7318.PNG,0B8WcbXogHvegY0dLWGxOWllsbTg,641239
cap - 7319.PNG,0B8WcbXogHvegU0hWbXE3RUZuRU0,761995
cap - 7320.PNG,0B8WcbXogHvegY0xtemloc0JYTEk,652613
cap - 7321.PNG,0B8WcbXogHvegQmpOdGFNWjBnaTg,715824
cap - 7322.PNG,0B8WcbXogHvegb2psdWJiUVZBcVU,632880
cap - 7323.PNG,0B8WcbXogHvegOVRFSklhM3FjSGc,782787
cap - 7324.PNG,0B8WcbXogHvegal9pRUJ4QUtsQlU,784289
cap - 7325.PNG,0B8WcbXogHvegX2JUVGwtUUdLSWs,818219
cap - 7326.PNG,0B8WcbXogHvegLWpFcVV6QXl4TlU,627302
cap - 7327.PNG,0B8WcbXogHvegc3ZvNGp3dUVxV2s,724316
cap - 7328.PNG,0B8WcbXogHvegNkZfOTQxZXp2RnM,409293
cap - 7329.PNG,0B8WcbXogHvegY1NwNXJsZTVzRU0,395183
cap - 7330.PNG,0B8WcbXogHvegOXJfM29TM183amM,450361
cap - 7331.PNG,0B8WcbXogHvegejZ4Q2tUd0ZlbDg,545079
cap - 7332.PNG,0B8WcbXogHvegZC02ekJSSDZvSEk,665128
cap - 7333.PNG,0B8WcbXogHvegeFBPNmtJSFVwUkk,487995
cap - 7334.PNG,0B8WcbXogHvegLWE2YThFZTN5MzQ,497261
cap - 7335.PNG,0B8WcbXogHvegX2U1UFpvT0VFalE,456375
cap - 7336.PNG,0B8WcbXogHvegMUJqSC1FZ3hPclE,428734
cap - 7337.PNG,0B8WcbXogHvegNkpYZ0xHNkFwS28,508798
cap - 7338.PNG,0B8WcbXogHvegUXRzS1hnZWFRSXM,590479
cap - 7339.PNG,0B8WcbXogHvegNjFaUG5YZnUySnc,443126
cap - 7340.PNG,0B8WcbXogHvegdkJKQkVraklVdGM,392185
cap - 7341.PNG,0B8WcbXogHvegSUw4OExZcVpMNWM,410810
cap - 7342.PNG,0B8WcbXogHvegQzkwMFNwTlh4UDA,427683
cap - 7343.PNG,0B8WcbXogHvegWDk1SHhvNF9ScUk,635539
cap - 7344.PNG,0B8WcbXogHvegNG1TWWlhcENwTHc,650753
cap - 7345.PNG,0B8WcbXogHvegRHhpQlU5b25XMUU,649704
cap - 7346.PNG,0B8WcbXogHvegcUQ3eE5fZVlCRFU,635189
cap - 7347.PNG,0B8WcbXogHvegYVlGWGxZdUxVV1U,606497
cap - 7348.PNG,0B8WcbXogHvegUHV2cVhlamFOckk,681719
cap - 7349.PNG,0B8WcbXogHvegQkt6TWR0SlJid28,634659
cap - 7350.PNG,0B8WcbXogHvegSDY4ektNcUJfaXM,517728
cap - 7351.PNG,0B8WcbXogHvegZ0M1U2lJd3RwZ2s,515761
cap - 7352.PNG,0B8WcbXogHvegOGZKY002RVJjU0U,641752
cap - 7353.PNG,0B8WcbXogHvegNUxGdklWVlk3RDQ,584521
cap - 7354.PNG,0B8WcbXogHvegYTlmbFlybFgwaWc,570684
cap - 7355.PNG,0B8WcbXogHvegdTQxLVpHZ1Ntc2M,565414
cap - 7356.PNG,0B8WcbXogHvegaHRydnNFNzl1N2s,531280
cap - 7357.PNG,0B8WcbXogHvegQUhWY3M2Q2xXRW8,527649
cap - 7358.PNG,0B8WcbXogHvegTDFsM0RzU1hCalU,498758
cap - 7359.PNG,0B8WcbXogHvegRFpKcENmV3BTTU0,453999
cap - 7360.PNG,0B8WcbXogHvegaUhTLVp0eF9weVk,468238
cap - 7361.PNG,0B8WcbXogHvegM3JaM0xuXzQzVzA,384604
cap - 7362.PNG,0B8WcbXogHvegU0Z6QW5Wb2V3Nlk,447385
cap - 7363.PNG,0B8WcbXogHvegLUx5UVVIRTktbGc,455708
cap - 7364.PNG,0B8WcbXogHvegS0ZZbzdQdkNjS1E,515609
cap - 7365.PNG,0B8WcbXogHvegNFJncXdJcnNVc28,513584
cap - 7366.PNG,0B8WcbXogHvegZnBfcEJmeWdGaG8,528141
cap - 7367.PNG,0B8WcbXogHvegclhxNXo3UjVUQWc,535635
cap - 7368.PNG,0B8WcbXogHvegekQ4ek5sVXlvVWM,499459
cap - 7369.PNG,0B8WcbXogHvegd25PR2pwZUp6ek0,467868
cap - 7370.PNG,0B8WcbXogHvegUWt0ZV9zV3NuU0k,453897
cap - 7371.PNG,0B8WcbXogHvegQmNabjQ5WFdlSVU,455400
cap - 7372.PNG,0B8WcbXogHvegcXhFNEtrZ3lSa28,580711
cap - 7373.PNG,0B8WcbXogHvegbmktQlpiYWNnSFE,528906
cap - 7374.PNG,0B8WcbXogHvegVFhuNnB3a1ZVT00,516685
cap - 7375.PNG,0B8WcbXogHvegZmxRN3hUS3VVcjQ,488629
cap - 7376.PNG,0B8WcbXogHvegT25WQW5WMDI3LVE,480316
cap - 7377.PNG,0B8WcbXogHvegaW54c1BmbGdMR1k,481470
cap - 7378.PNG,0B8WcbXogHvegY3l1UmtKa2FScmM,508162
cap - 7379.PNG,0B8WcbXogHvegZ1NVakducjNiMWs,472581
cap - 7380.PNG,0B8WcbXogHvegRFVtSlRmYkZ2czA,470563
cap - 7381.PNG,0B8WcbXogHvegblJWOFk5NTAyTXc,497418
cap - 7382.PNG,0B8WcbXogHvegcFVUdHJUakNyZ3M,479019
cap - 7383.PNG,0B8WcbXogHvegWlhzMFM2RW9selE,511628
cap - 7384.PNG,0B8WcbXogHvegcmdkcHZBeVJwZmc,471536
cap - 7385.PNG,0B8WcbXogHvegNEk2WXBDeE1YNTQ,394341
cap - 7386.PNG,0B8WcbXogHvegRGEtQmFiMEN4RG8,453225
cap - 7387.PNG,0B8WcbXogHvegWkJvMHJNRks3cUU,489583
cap - 7388.PNG,0B8WcbXogHvegR2FEMnh3b21Ka0E,463223
cap - 7389.PNG,0B8WcbXogHvegXzFFSDYzMnlGZ2s,462903
cap - 7390.PNG,0B8WcbXogHvegcWpfckJEbWZDOE0,473563
cap - 7391.PNG,0B8WcbXogHvegbExtQlVfLVdxUm8,479489
cap - 7392.PNG,0B8WcbXogHvegTlp1MkFRWTZVMWM,448698
cap - 7393.PNG,0B8WcbXogHvegUUkzMHYwbmpjOUU,367372
cap - 7394.PNG,0B8WcbXogHvegRlFQQnFEMG9jbUE,408998
cap - 7395.PNG,0B8WcbXogHvegWXRNaFZhdDlzY2s,418799
cap - 7396.PNG,0B8WcbXogHvegNlJfVjhvR0hhMTA,460150
cap - 7397.PNG,0B8WcbXogHvegdzFnWUlXV3pPdEU,454785
cap - 7398.PNG,0B8WcbXogHvegbHJaNlUwZUFEdlE,395674
cap - 7399.PNG,0B8WcbXogHvegQ19jY0IxQkV3VG8,435667
cap - 7400.PNG,0B8WcbXogHvegQTJNZ2tNM0hTRWc,469628
cap - 7401.PNG,0B8WcbXogHvegRWNobGtQQ0NJRHc,537837
cap - 7402.PNG,0B8WcbXogHvegT1RHeW1MRmRFTlE,525877
cap - 7403.PNG,0B8WcbXogHvegaHU4TkQxejF6UDg,505762
cap - 7404.PNG,0B8WcbXogHvegNXZ5eFp1ZXVzZjg,449197
cap - 7405.PNG,0B8WcbXogHvegNjdrTGw0anJud1k,498671
cap - 7406.PNG,0B8WcbXogHvegYjU1WjNnandySVU,496956
cap - 7407.PNG,0B8WcbXogHvegV1VOZmxLbGNTbjg,516632
cap - 7408.PNG,0B8WcbXogHvegMC1YWmRpaDRCVVU,477584
cap - 7409.PNG,0B8WcbXogHvegN0cyQTlRVXZHZlE,491054
cap - 7410.PNG,0B8WcbXogHvegZzdJUG1CUEhUdlU,516693
cap - 7411.PNG,0B8WcbXogHvegdEl2U3V6bnpkUzg,490381
cap - 7412.PNG,0B8WcbXogHvegNVVkVlFHdjBGN0U,466129
cap - 7413.PNG,0B8WcbXogHvegSUxZRjNMdTdvSGs,463811
cap - 7414.PNG,0B8WcbXogHvegVWFpQ1BHZ3RMazg,446268
cap - 7415.PNG,0B8WcbXogHvegT1Y0VjZfTjBfbTg,470907
cap - 7416.PNG,0B8WcbXogHvegd3hlVmdhSXZfNXc,310918
cap - 7417.PNG,0B8WcbXogHvegOEpyb0RON0wyLXM,269024
cap - 7418.PNG,0B8WcbXogHvegMTdxSHNFQWZKclU,473421
cap - 7419.PNG,0B8WcbXogHvegVWFUWEktdUw3LUk,431933
cap - 7420.PNG,0B8WcbXogHvegaW5LREx1Ty0zbFk,313265
cap - 7421.PNG,0B8WcbXogHvegdnlwTHZNb1NndjA,333813
cap - 7422.PNG,0B8WcbXogHvegbEEzZEMtQkhCUlE,294155
cap - 7423.PNG,0B8WcbXogHvegTUs5V1ZMRW1mZ3M,353859
cap - 7424.PNG,0B8WcbXogHvegdWEwSUJvV2h1SEE,396211
cap - 7425.PNG,0B8WcbXogHvegVnVKa1FJZFhhQ0U,503273
cap - 7426.PNG,0B8WcbXogHvegdDZVYWJBX19TRWM,364405
cap - 7427.PNG,0B8WcbXogHvegcGUzd25xbjBzYnc,460447
cap - 7428.PNG,0B8WcbXogHvegQXdkOWRYWVlWRzQ,388272
cap - 7429.PNG,0B8WcbXogHvegcEpOQWhHeTRHM2s,571735
cap - 7430.PNG,0B8WcbXogHvegeC02Q0J4SXlNZVE,522543
cap - 7431.PNG,0B8WcbXogHvegTWRvZk9laU5BQzA,525637
cap - 7432.PNG,0B8WcbXogHvegRnI3MmdYSmJlU2M,613103
cap - 7433.PNG,0B8WcbXogHvegVlVjMGdmVmZSU1E,620080
cap - 7434.PNG,0B8WcbXogHvegam9qdGQxQXhpSDg,514246
cap - 7435.PNG,0B8WcbXogHvegaXFJU0JtRVFkTm8,590846
cap - 7436.PNG,0B8WcbXogHvegWDFMWGg2NXcyeEk,618412
cap - 7437.PNG,0B8WcbXogHvegQS1UREhmRVVCdVE,561568
cap - 7438.PNG,0B8WcbXogHvegNGVXTVpGQVpUUjQ,588171
cap - 7439.PNG,0B8WcbXogHvegLXRMa0QySmFWVmM,558367
cap - 7440.PNG,0B8WcbXogHvegRmgtT1Z4SkZXb0U,353471
cap - 7441.PNG,0B8WcbXogHvegUzZOcGI3aHhES00,498628
cap - 7442.PNG,0B8WcbXogHvegU1ZyRjN1a1U3NUU,446711
cap - 7443.PNG,0B8WcbXogHvegY3JkSmUyV0NJRDg,468290
cap - 7444.PNG,0B8WcbXogHvegYzdGbmZFZkdBYkU,510712
cap - 7445.PNG,0B8WcbXogHvegSHVNZXNPZGxHTDQ,463845
cap - 7446.PNG,0B8WcbXogHvegZmJHZWxvQ2VGcVU,401325
cap - 7447.PNG,0B8WcbXogHvegaHN0QmlGNVI2Rm8,630541
cap - 7448.PNG,0B8WcbXogHvegbVdyTGVpWVVFR0U,540227
cap - 7449.PNG,0B8WcbXogHvegbzVsR3NRUk9PVUE,525019
cap - 7450.PNG,0B8WcbXogHvegVTZmZ0ZCcGtQYlU,497142
cap - 7451.PNG,0B8WcbXogHvegODhDQ0JBbWlyS0k,460013
cap - 7452.PNG,0B8WcbXogHvegcmF3SlNJc1ItZEE,382250
cap - 7453.PNG,0B8WcbXogHvegaTRISTEzUkRpQlU,397506
cap - 7454.PNG,0B8WcbXogHvegQk51NWdKSURRNXM,289067
cap - 7455.PNG,0B8WcbXogHvegbEFwalJDZENJSUE,497482
cap - 7456.PNG,0B8WcbXogHvegVXEySlZzZVhfWkU,491904
cap - 7457.PNG,0B8WcbXogHvegb0VIcjBWNEQ0bGM,491161
cap - 7458.PNG,0B8WcbXogHvegTjRhclIzNHRhS00,467922
cap - 7459.PNG,0B8WcbXogHvegX2xualAzdkp4RmM,434187
cap - 7460.PNG,0B8WcbXogHvegemM3M1VTeGNnUjA,395065
cap - 7461.PNG,0B8WcbXogHvega1YzZGU3dXNxX1E,434778
cap - 7462.PNG,0B8WcbXogHvegS2czZ1lPbGZPT00,414083
cap - 7463.PNG,0B8WcbXogHvegOTI0WlNYSHdSM0U,508444
cap - 7464.PNG,0B8WcbXogHvegTEpkTE1JTkQtWUE,539284
cap - 7465.PNG,0B8WcbXogHvegOVBPR1RoQzdGRUE,491149
cap - 7466.PNG,0B8WcbXogHvegNDNvb1RuWVJuMTg,531951
cap - 7467.PNG,0B8WcbXogHvegZm1obi03dm1BTjQ,487208
cap - 7468.PNG,0B8WcbXogHvegb0tmZDJoODdBX1E,371090
cap - 7469.PNG,0B8WcbXogHvegU1Zwc3dRaUM0RWM,492869
cap - 7470.PNG,0B8WcbXogHvegSU5wc2hKd2dTQXM,497278
cap - 7471.PNG,0B8WcbXogHvegMExyakg5LUpVajA,402012
cap - 7472.PNG,0B8WcbXogHvegTENlUnh6N2M2Mmc,514714
cap - 7473.PNG,0B8WcbXogHvegbHpSTU1GdkV1bTA,485199
cap - 7474.PNG,0B8WcbXogHvegS3F5RmViN0FhU0U,514414
cap - 7475.PNG,0B8WcbXogHvegY2dNRXNHUy1qWTg,354153
cap - 7476.PNG,0B8WcbXogHvegRk8tWkU4LXVrak0,426939
cap - 7477.PNG,0B8WcbXogHvegS2dkQlU3NTlYRFU,354419
cap - 7478.PNG,0B8WcbXogHvegOUM2bl9OWG16d2M,325622
cap - 7479.PNG,0B8WcbXogHvegclZndFZla1hhTzA,430628
cap - 7480.PNG,0B8WcbXogHvegcmJiZHBNOVZEN3M,494756
cap - 7481.PNG,0B8WcbXogHvegVVdYdnc1RmFlTW8,353749
cap - 7482.PNG,0B8WcbXogHvegWk9EVW8zMVQzcWc,365793
cap - 7483.PNG,0B8WcbXogHvegZE5kdTlXUVBEems,343215
cap - 7484.PNG,0B8WcbXogHvegY0xCSHRXdXREUzA,339235
cap - 7485.PNG,0B8WcbXogHvegM05MT0VjSWZhYkE,377016
cap - 7486.PNG,0B8WcbXogHvegZ1hRazRfdThOcEU,297520
cap - 7487.PNG,0B8WcbXogHvegOWVvYU8yeDFuNTQ,251521
cap - 7488.PNG,0B8WcbXogHvegVGt5X0M0Q1E2b1U,217094
cap - 7489.PNG,0B8WcbXogHvegRHh1MzJYS0VoMXM,361042
cap - 7490.PNG,0B8WcbXogHvegVUUtbGtTTjJsbU0,249069
cap - 7491.PNG,0B8WcbXogHvegRE52eERSVjFFR3c,248566
cap - 7492.PNG,0B8WcbXogHvegZ2Y1MXRFZkI1NG8,273685
cap - 7493.PNG,0B8WcbXogHvegdnNTb2RqeVJuYzg,367096
cap - 7494.PNG,0B8WcbXogHvegTm9senlrY1FSS1k,278127
cap - 7495.PNG,0B8WcbXogHvega3VKbENsRDNGRTQ,262926
cap - 7496.PNG,0B8WcbXogHvegTy0yY3ViazdJSkU,301335
cap - 7497.PNG,0B8WcbXogHvegNy15TmRHdFpoaDA,459863
cap - 7498.PNG,0B8WcbXogHvegRVBnb3BTLWNsV1U,284627
cap - 7499.PNG,0B8WcbXogHvegMTlBM0VoeTBQY0E,300131
cap - 7500.PNG,0B8WcbXogHvegejY5RnVaenpERVU,313276
cap - 7501.PNG,0B8WcbXogHvegU0RmV094dEZndjQ,321815
cap - 7502.PNG,0B8WcbXogHvegNWVpVERETU9naXc,349054
cap - 7503.PNG,0B8WcbXogHvegLXlsTXVNbndmcEk,285803
cap - 7504.PNG,0B8WcbXogHvegQjRab1lzeGt2SGM,381394
cap - 7505.PNG,0B8WcbXogHvegX1dTNFJkT2l3MTQ,313233
cap - 7506.PNG,0B8WcbXogHvegMjFnQW5sX2VfMGs,265287
cap - 7507.PNG,0B8WcbXogHvegM3hJa0RzZDBKdGs,361874
cap - 7508.PNG,0B8WcbXogHvegZkhnemF6SFNadk0,500198
cap - 7509.PNG,0B8WcbXogHvegbDZkMXZadXU5RmM,332501
cap - 7510.PNG,0B8WcbXogHvegRk94N1lLM1FMdms,375482
cap - 7511.PNG,0B8WcbXogHvegemp2eWtGZTJGcEU,319030
cap - 7512.PNG,0B8WcbXogHvegMTJLVGF5ZC1qYkE,330762
cap - 7513.PNG,0B8WcbXogHvegNDFsRFI3VHZJY3M,431064
cap - 7514.PNG,0B8WcbXogHvegN2p3T1hCR3E0YjQ,486192
cap - 7515.PNG,0B8WcbXogHvegTmFwYWRsMTVKLVE,466033
cap - 7516.PNG,0B8WcbXogHvegUlQyZzZOaG1PVTg,453605
cap - 7517.PNG,0B8WcbXogHvegbnB3QjJBa0tfUU0,267319
cap - 7518.PNG,0B8WcbXogHvegVS1kc0hkZnBvazQ,458365
cap - 7519.PNG,0B8WcbXogHvegSkN4RFhLWEJ3NUU,362409
cap - 7520.PNG,0B8WcbXogHvegRUVHcDBXYzV4QlU,344285
cap - 7521.PNG,0B8WcbXogHvegbGNxNFNXVmppdVk,394541
cap - 7522.PNG,0B8WcbXogHvegSTB6MHZfYUlLQTg,377333
cap - 7523.PNG,0B8WcbXogHvegODdKYVFqZmVaVHM,396823
cap - 7524.PNG,0B8WcbXogHvegNVBKSFFfZ256YlE,451492
cap - 7525.PNG,0B8WcbXogHvegbkFkNE1xYzlzMzg,460144
cap - 7526.PNG,0B8WcbXogHvegaC1DZmhGMlFtbTA,446101
cap - 7527.PNG,0B8WcbXogHvegWWlkeWpuY19UWGM,466591
cap - 7528.PNG,0B8WcbXogHvegaGNjMDNQSTd6Z1k,410108
cap - 7529.PNG,0B8WcbXogHvegdHdZWF9sVEcyUWM,459494
cap - 7530.PNG,0B8WcbXogHvegZkFHMTNCbHozeUE,432258
cap - 7531.PNG,0B8WcbXogHvegNnZYVXJjYWNhaTQ,490845
cap - 7532.PNG,0B8WcbXogHvegYWRORVVPZkNueE0,475945
cap - 7533.PNG,0B8WcbXogHvegUVViNjJVRjFYTWM,436642
cap - 7534.PNG,0B8WcbXogHvegNlNsNXZqSmF2VGM,432376
cap - 7535.PNG,0B8WcbXogHvegQVJwcHpOQjFnMmc,395131
cap - 7536.PNG,0B8WcbXogHvegb3hFUEpFdG1hN1E,377702
cap - 7537.PNG,0B8WcbXogHvegSmZ4QmI3LTFRUXc,338839
cap - 7538.PNG,0B8WcbXogHvegNDI1UHRGeGVEVms,460026
cap - 7539.PNG,0B8WcbXogHvegb09PcGhrZ1NxNlk,420968
cap - 7540.PNG,0B8WcbXogHvegdU9BXzQ3eWhqYWc,355799
cap - 7541.PNG,0B8WcbXogHvegZ3IzRThEN25uaE0,247100
cap - 7542.PNG,0B8WcbXogHvegQ1JuRWVyM3FsVWM,324991
cap - 7543.PNG,0B8WcbXogHvegU1lEdlNaVU1XTFk,264335
cap - 7544.PNG,0B8WcbXogHvegSmVJZ2F4TGZPbnc,314979
cap - 7545.PNG,0B8WcbXogHvegOEhjeEFkcGNZalk,348200
cap - 7546.PNG,0B8WcbXogHvegSnlCVHNaYkJIRXM,408649
cap - 7547.PNG,0B8WcbXogHvegdEYyY2c3SzRHTU0,340876
cap - 7548.PNG,0B8WcbXogHvegMmE1alBHR0l5MlE,321538
cap - 7549.PNG,0B8WcbXogHvegZlFZd3VGUGRUUms,337217
cap - 7550.PNG,0B8WcbXogHvegbnc4NXhFM3FORjA,388506
cap - 7551.PNG,0B8WcbXogHvegUlZDc2pwWE5sdzA,349003
cap - 7552.PNG,0B8WcbXogHvegTGVsdVhKOGZlZjQ,423744
cap - 7553.PNG,0B8WcbXogHvegeGMyTTVlMG5QOUE,461202
cap - 7554.PNG,0B8WcbXogHvegN1JQaHFpY0pOM0E,447404
cap - 7555.PNG,0B8WcbXogHvegbmV2a0U2Rm1JRTQ,259708
cap - 7556.PNG,0B8WcbXogHvegSFNXMWZBMXgtNjQ,348614
cap - 7557.PNG,0B8WcbXogHvegOE5zU2dKTFZQTFU,500575
cap - 7558.PNG,0B8WcbXogHvegb2ltd3Z4ZmRJRzg,556731
cap - 7559.PNG,0B8WcbXogHvegRGJkQjRWcXpxak0,531953
cap - 7560.PNG,0B8WcbXogHvegdzBoWDBUdDNPdHM,419270
cap - 7561.PNG,0B8WcbXogHvegY0QyZ2N4a3ZKVkU,359879
cap - 7562.PNG,0B8WcbXogHvega3RYaEVwTEFOSGc,344815
cap - 7563.PNG,0B8WcbXogHvegRHFYYXA4dWJ4MTA,329234
cap - 7564.PNG,0B8WcbXogHvegZ2pTRVNJcDUwRjQ,336566
cap - 7565.PNG,0B8WcbXogHvegS1J4dVJEc1FSdWM,361645
cap - 7566.PNG,0B8WcbXogHvegXzBWXzN5eU0xX1k,518974
cap - 7567.PNG,0B8WcbXogHvegM1J2TThKV2ZYbDA,476004
cap - 7568.PNG,0B8WcbXogHvegYkY3LVlRRVJiTm8,496508
cap - 7569.PNG,0B8WcbXogHvegRzZ2MFJRMFZTQTg,452219
cap - 7570.PNG,0B8WcbXogHvegTzU3bFVNSk5LWlE,476156
cap - 7571.PNG,0B8WcbXogHvega3I5enJSZmI3bGs,475238
cap - 7572.PNG,0B8WcbXogHvegc0FIdE1GOVJMTlU,556218
cap - 7573.PNG,0B8WcbXogHvegZGMyUl9ReVV5T0U,528278
cap - 7574.PNG,0B8WcbXogHvegb29sNWdXNmJET3M,492507
cap - 7575.PNG,0B8WcbXogHvegUW5WRVpUY2lXWjQ,497579
cap - 7576.PNG,0B8WcbXogHvegeFlUdldzNFVZX28,423397
cap - 7577.PNG,0B8WcbXogHvegWFlPRnlYT1pZbjA,383704
cap - 7578.PNG,0B8WcbXogHvegdlQxdjNoSVlYcFU,316728
cap - 7579.PNG,0B8WcbXogHvegRTZpejdzUllxc1U,414793
cap - 7580.PNG,0B8WcbXogHvegZG1Ka0VXekFMbDg,384712
cap - 7581.PNG,0B8WcbXogHvegWjlmQXp2YS1nWW8,311545
cap - 7582.PNG,0B8WcbXogHvegZ0V3Smw1SXRoUFk,512523
cap - 7583.PNG,0B8WcbXogHvegSFRCemdXbUptWWc,470696
cap - 7584.PNG,0B8WcbXogHvegQlg5enNvV3JtQ3M,467068
cap - 7585.PNG,0B8WcbXogHvegQW1ELVY1bndSY28,525282
cap - 7586.PNG,0B8WcbXogHvegX3FhS2UweVlnLUU,458315
cap - 7587.PNG,0B8WcbXogHvegVmF6MEU4WnE4UlU,674738
cap - 7588.PNG,0B8WcbXogHvegeUY1VjI2UV90azg,497405
cap - 7589.PNG,0B8WcbXogHvegOGxHbXFfdWtfanM,471513
cap - 7590.PNG,0B8WcbXogHvegMExPRE9OdWFIbzA,538636
cap - 7591.PNG,0B8WcbXogHvegSDBMZlpTdXppckk,536409
cap - 7592.PNG,0B8WcbXogHvegdFNtY3Q4bHM0R2M,530939
cap - 7593.PNG,0B8WcbXogHvegazVLcjlfWlQyb00,562445
cap - 7594.PNG,0B8WcbXogHvegSnZqWXRNVm5xSHM,606081
cap - 7595.PNG,0B8WcbXogHvegeHU5NDFIaXBrNjA,550901
cap - 7596.PNG,0B8WcbXogHvegQXRQNkZ2Q1YzSzQ,523303
cap - 7597.PNG,0B8WcbXogHvegSEZhYi1tMlBDREU,557367
cap - 7598.PNG,0B8WcbXogHvegc3J4NVZjb0U4TW8,479665
cap - 7599.PNG,0B8WcbXogHvegSlRVRjNxTlVFQWs,501152
cap - 7600.PNG,0B8WcbXogHvegR2xPdW1iSzRCMk0,354536
cap - 7601.PNG,0B8WcbXogHvegUGFvOFhtRmg3Ykk,341652
cap - 7602.PNG,0B8WcbXogHvegaDgtSW51M0ZaRmc,257096
cap - 7603.PNG,0B8WcbXogHvegVGxxekxhWWFJVkk,268233
cap - 7604.PNG,0B8WcbXogHvegX0ZseVZBSW5EOHc,264487
cap - 7605.PNG,0B8WcbXogHvegMUJYX1Yya2hpS1U,477497
cap - 7606.PNG,0B8WcbXogHvegY0FvLWw3WlMzdXc,514254
cap - 7607.PNG,0B8WcbXogHvegOFQtVlZYTW9GT3M,481737
cap - 7608.PNG,0B8WcbXogHvegdE5kV2czSE0xbTQ,437400
cap - 7609.PNG,0B8WcbXogHvegaC14Z3JQOE9hSHM,447570
cap - 7610.PNG,0B8WcbXogHvegVk9uSkkxbENOM3M,369726
cap - 7611.PNG,0B8WcbXogHvegX3dBMUdqa2cyaVU,297645
cap - 7612.PNG,0B8WcbXogHvegRWZ0RzB6OUpDQjA,336613
cap - 7613.PNG,0B8WcbXogHvegNmxKZ0hGc0duVUE,310274
cap - 7614.PNG,0B8WcbXogHvegZWg2S1RLT2JFd3M,272557
cap - 7615.PNG,0B8WcbXogHvegM2QyNUVqY0piVWs,326848
cap - 7616.PNG,0B8WcbXogHvegUlg0c1pDOFBNUEE,317197
cap - 7617.PNG,0B8WcbXogHvegaGREeTI2dW9TV1E,502382
cap - 7618.PNG,0B8WcbXogHvegNWVMRmFlbTVyeUk,484253
cap - 7619.PNG,0B8WcbXogHvegc0hWcC1VOWpBZWM,517752
cap - 7620.PNG,0B8WcbXogHvegRUwtb1k5Z3M2Vmc,457772
cap - 7621.PNG,0B8WcbXogHvegSE9EVUxRUk50c3M,348796
cap - 7622.PNG,0B8WcbXogHvegamo1QnpvTnRCeWs,345122
cap - 7623.PNG,0B8WcbXogHvegb0lPYlBjRUJJc00,319289
cap - 7624.PNG,0B8WcbXogHvegT3JxOUYzbFlFZWc,254202
cap - 7625.PNG,0B8WcbXogHvegMWxTdFRfWUNESkk,437582
cap - 7626.PNG,0B8WcbXogHvegY0dGTmgzaDE1U0k,462445
cap - 7627.PNG,0B8WcbXogHvegSW9FVEdwNUNDQXM,402318
cap - 7628.PNG,0B8WcbXogHvegWjRHYnhsTTlLZEk,283060
cap - 7629.PNG,0B8WcbXogHvegOHZZZmhvSXpfaG8,477556
cap - 7630.PNG,0B8WcbXogHvegS2lxYzlqdnBMSG8,453520
cap - 7631.PNG,0B8WcbXogHvegaHBqbFI5LWl0Z2s,475926
cap - 7632.PNG,0B8WcbXogHvegZHVKcGRWblNWUWc,434739
cap - 7633.PNG,0B8WcbXogHvegRkZqcFJmTm5Ldzg,449465
cap - 7634.PNG,0B8WcbXogHvegek4wSTFMTkR2dzA,363384
cap - 7635.PNG,0B8WcbXogHvegOHhRdzZYLVdsVEk,360149
cap - 7636.PNG,0B8WcbXogHvegX3VGcUJwQUh4MWM,323503
cap - 7637.PNG,0B8WcbXogHvegdnhLVFJMS1l0VXM,250503
cap - 7638.PNG,0B8WcbXogHvegbzJpb3A5bU1vcWM,509529
cap - 7639.PNG,0B8WcbXogHvegN0NQdEw0d25IZlE,441869
cap - 7640.PNG,0B8WcbXogHvegOF9uR0R6UlJZRmM,488609
cap - 7641.PNG,0B8WcbXogHvegMlBpYVhjM1JSWUE,500028
cap - 7642.PNG,0B8WcbXogHvegNFh6MGhaMGRlWms,446011
cap - 7643.PNG,0B8WcbXogHvegRXNMQ0tvdVF1Szg,493977
cap - 7644.PNG,0B8WcbXogHvegcmNRSUlDRldtMmc,436116
cap - 7645.PNG,0B8WcbXogHvegdEI1ekUyWXZnYjg,377081
cap - 7646.PNG,0B8WcbXogHvegVjRsQkgxQm1xcDQ,383876
cap - 7647.PNG,0B8WcbXogHvegYU1yU0JKUUhuc2M,355425
cap - 7648.PNG,0B8WcbXogHvegcmJscDQyYTFkbGM,333312
cap - 7649.PNG,0B8WcbXogHvegXzFMVzBiakxrbFE,307777
cap - 7650.PNG,0B8WcbXogHvegeGI4OE5wLTk1UGc,540840
cap - 7651.PNG,0B8WcbXogHvegbHpHcTMyTFE1cWM,251150
cap - 7652.PNG,0B8WcbXogHvegZzNyQVY0a0VZYVU,224500
cap - 7653.PNG,0B8WcbXogHvegWTZ1NTNNMjZKWm8,395811
cap - 7654.PNG,0B8WcbXogHvegNUF1d3A1OTJ3Tkk,273225
cap - 7655.PNG,0B8WcbXogHvegQUNTcGVPa09PLTA,235758
cap - 7656.PNG,0B8WcbXogHvegTTNaQzY0bUk3eEE,343737
cap - 7657.PNG,0B8WcbXogHvegd1BhQXJXdEhIQTQ,350212
cap - 7658.PNG,0B8WcbXogHvegbDg4bGtCUjRYXzA,293780
cap - 7659.PNG,0B8WcbXogHvegUEUyVkFJaFFKaUk,273794
cap - 7660.PNG,0B8WcbXogHvegVG5xM2FQeGlQOEU,337535
cap - 7661.PNG,0B8WcbXogHvegUFFkYjRqMmQ2bVU,344816
cap - 7662.PNG,0B8WcbXogHvegR3ZfMmgxS2FsbVU,366210
cap - 7663.PNG,0B8WcbXogHvegNjBnSnFxbFRZYU0,426069
cap - 7664.PNG,0B8WcbXogHvegWTViUndwTHI3Wk0,412474
cap - 7665.PNG,0B8WcbXogHvegVGRzUEZKdUowQzQ,391834
cap - 7666.PNG,0B8WcbXogHvegRno2eHNaa255dWM,491618
cap - 7667.PNG,0B8WcbXogHvegenpQUVZnUnhGTmM,481669
cap - 7668.PNG,0B8WcbXogHvegN1BrZk41U3ktVUU,494002
cap - 7669.PNG,0B8WcbXogHvegNWliWWJBY0VXeEU,490570
cap - 7670.PNG,0B8WcbXogHvegUzJ5NkJmQ1pPTFk,460208
cap - 7671.PNG,0B8WcbXogHvegTER4OXl2RjNNbGc,452677
cap - 7672.PNG,0B8WcbXogHvegdG94REQ0MVNjTWM,438390
cap - 7673.PNG,0B8WcbXogHvegZ3RTV1lodVVzZTg,423000
cap - 7674.PNG,0B8WcbXogHvegblFiNkhlUWd6OGM,322867
cap - 7675.PNG,0B8WcbXogHvegZHQ0aXJIME85eUU,323251
cap - 7676.PNG,0B8WcbXogHvegZ3BkTldlbnRWa1U,279258
cap - 7677.PNG,0B8WcbXogHvegUFpweTZhbEZsU1E,482704
cap - 7678.PNG,0B8WcbXogHvegTXZjZEhiRDRGZm8,448717
cap - 7679.PNG,0B8WcbXogHvegdV8wTDBYcjAwZzA,422040
cap - 7680.PNG,0B8WcbXogHvegUTdvSlhFMlBMYWs,457250
cap - 7681.PNG,0B8WcbXogHvegY2FDMWNnSmZVaEU,510949
cap - 7682.PNG,0B8WcbXogHvegT1R5SzlvZ3kwSnM,493424
cap - 7683.PNG,0B8WcbXogHvegS3d4cjVMaVFXNVU,318003
cap - 7684.PNG,0B8WcbXogHvegQjUwM1J3aUZvaDg,454873
cap - 7685.PNG,0B8WcbXogHvegMGdwbXYybDc1ZFE,466000
cap - 7686.PNG,0B8WcbXogHvegX2dKSGFBbUl4WTA,508899
cap - 7687.PNG,0B8WcbXogHvegV1YyVUdWVlU0WGM,504971
cap - 7688.PNG,0B8WcbXogHvegTnBVYWNGeVdWZk0,533442
cap - 7689.PNG,0B8WcbXogHvegaWxTNzhGRUZJSms,559541
cap - 7690.PNG,0B8WcbXogHvegR2ZnNXM2MGN1ems,399903
cap - 7691.PNG,0B8WcbXogHvegUERlTGNvbEtiRUU,396117
cap - 7692.PNG,0B8WcbXogHvegSnB5Yzh2cWhIRWs,510593
cap - 7693.PNG,0B8WcbXogHvegYTJ4b0RlTHBubWs,510888
cap - 7694.PNG,0B8WcbXogHvegNFMzNkZfaVpmMm8,518716
cap - 7695.PNG,0B8WcbXogHvegYUdCR3pkUlpwNDQ,339985
cap - 7696.PNG,0B8WcbXogHvegZTBXTnlFb3ItcDg,405799
cap - 7697.PNG,0B8WcbXogHvegQk51WTVPN0pJWXc,403716
cap - 7698.PNG,0B8WcbXogHvegbTVOZjkzVWlEaTQ,443354
cap - 7699.PNG,0B8WcbXogHvegZ1RJVnp1RUhTNEk,507473
cap - 7700.PNG,0B8WcbXogHvegRDVTRHZHWHY1MHc,379597
cap - 7701.PNG,0B8WcbXogHvegOWhPclNTclRVSzA,393192
cap - 7702.PNG,0B8WcbXogHvegZ01MTHFZVThkMzA,497827
cap - 7703.PNG,0B8WcbXogHvega1M2U0tVTVlWZGM,523900
cap - 7704.PNG,0B8WcbXogHvegN2oyWWtCdlozQkk,478179
cap - 7705.PNG,0B8WcbXogHvegS0tmUzhXdnU0T3M,535786
cap - 7706.PNG,0B8WcbXogHvegX3pHWlhUVTNkZ0U,571387
cap - 7707.PNG,0B8WcbXogHvegX2tvV0NkX1lTTms,575238
cap - 7708.PNG,0B8WcbXogHvegV1k2OFF6ODJZYlE,439403
cap - 7709.PNG,0B8WcbXogHvegRzB0dnZtWndKZUE,628783
cap - 7710.PNG,0B8WcbXogHvegZzhucldOVS1YeXc,390443
cap - 7711.PNG,0B8WcbXogHvegWl9WUldDX0libUk,365177
cap - 7712.PNG,0B8WcbXogHvegZWZYZkszWlkwak0,376017
cap - 7713.PNG,0B8WcbXogHvegb1pFdmROUEEzQ2M,364073
cap - 7714.PNG,0B8WcbXogHvegUWxoTUFiRzd3OFE,344782
cap - 7715.PNG,0B8WcbXogHvegM05rckg2YW1xdkU,471575
cap - 7716.PNG,0B8WcbXogHvegQmZlS2lUaFRqMlE,509323
cap - 7717.PNG,0B8WcbXogHvegLVRVTzZnbGxWUjA,481428
cap - 7718.PNG,0B8WcbXogHvegX0I5MWdXNHhQVVk,507453
cap - 7719.PNG,0B8WcbXogHvegcmdhNTJJYm8xLTg,452264
cap - 7720.PNG,0B8WcbXogHvegZ1VQMGl6OWUxeWs,577105
cap - 7721.PNG,0B8WcbXogHvegM0JhSmcxVUl1b1E,401470
cap - 7722.PNG,0B8WcbXogHvegeWZZc1lpR0JmSjA,433172
cap - 7723.PNG,0B8WcbXogHvegc3lsTk82d3FWRTA,511494
cap - 7724.PNG,0B8WcbXogHvegLUs3bUkxYUFCTW8,524877
cap - 7725.PNG,0B8WcbXogHvegOTV0NHhMWGVlZ0k,444094
cap - 7726.PNG,0B8WcbXogHvegSFNqSGJyTGVTbm8,446223
cap - 7727.PNG,0B8WcbXogHvegVXF1bXZfQk5DLVU,389115
cap - 7728.PNG,0B8WcbXogHvegM3puVG81VXEzd3M,373722
cap - 7729.PNG,0B8WcbXogHvegdjhYRGF4bUxyNjg,337790
cap - 7730.PNG,0B8WcbXogHvegSy1fMXo3NVFlYWM,393459
cap - 7731.PNG,0B8WcbXogHvegVncyYklYUGVHRlU,436775
cap - 7732.PNG,0B8WcbXogHvega0p5SG0zaFN6cjQ,430119
cap - 7733.PNG,0B8WcbXogHvegVzh2d1loV19GVlE,468484
cap - 7734.PNG,0B8WcbXogHvegMWtIQUlBRXhuMVk,520034
cap - 7735.PNG,0B8WcbXogHvegV21QUlFGcUlxM0k,490502
cap - 7736.PNG,0B8WcbXogHvegUzh4clQzOWRrS2c,571613
cap - 7737.PNG,0B8WcbXogHvegMUZLVmRtY1FmRlk,390171
cap - 7738.PNG,0B8WcbXogHvegQjdZM21seDZjbjQ,486161
cap - 7739.PNG,0B8WcbXogHvegNWUtYWcxaHJJMUk,549897
cap - 7740.PNG,0B8WcbXogHvegWkdJUFNkZEZDSWs,501380
cap - 7741.PNG,0B8WcbXogHvegZ0RwOFJ3R2ZYaFU,443068
cap - 7742.PNG,0B8WcbXogHvegdmhPVnlLX0kyZFE,447905
cap - 7743.PNG,0B8WcbXogHvegYVk3ZW1QeDY1SVk,407393
cap - 7744.PNG,0B8WcbXogHvegbmJoM0tYb2h3TGc,457048
cap - 7745.PNG,0B8WcbXogHvegNloxaVR1MlhaSE0,500341
cap - 7746.PNG,0B8WcbXogHvegTVpocDkwTlhoRmc,525205
cap - 7747.PNG,0B8WcbXogHvegTFJ5LVgxb2VyQWc,547694
cap - 7748.PNG,0B8WcbXogHvegNS1ZNjNNYWtoLVU,515722
cap - 7749.PNG,0B8WcbXogHvegNWxyMndjc29NNVk,552897
cap - 7750.PNG,0B8WcbXogHvegSXdzUi1aOTd5eGc,538567
cap - 7751.PNG,0B8WcbXogHvegVUgxZjQ0d20ydGs,534902
cap - 7752.PNG,0B8WcbXogHvegbEdwVXlrREo5Y2M,595726
cap - 7753.PNG,0B8WcbXogHvegUVZvRWVfbzltUkk,615283
cap - 7754.PNG,0B8WcbXogHvegS09WTkVMWHlaOWM,599930
cap - 7755.PNG,0B8WcbXogHvegbHBJczlJVXhDd1E,381306
cap - 7756.PNG,0B8WcbXogHvegcWd4djJWbmw2c2s,386807
cap - 7757.PNG,0B8WcbXogHvegbUNQbDN5OGdXMTg,417278
cap - 7758.PNG,0B8WcbXogHvegRFZfZ1dZYkNWQ0k,469657
cap - 7759.PNG,0B8WcbXogHvegc2xMNVhyRVB5djQ,464370
cap - 7760.PNG,0B8WcbXogHvegNVY1OTVlSkE0am8,533772
cap - 7761.PNG,0B8WcbXogHvega25hOW5FamRicEE,532579
cap - 7762.PNG,0B8WcbXogHvegUml3T3pPS1RIZUU,536455
cap - 7763.PNG,0B8WcbXogHvega3pORmI1TUxzZlk,556534
cap - 7764.PNG,0B8WcbXogHvegNXpXUVZsZ1JnYzQ,520120
cap - 7765.PNG,0B8WcbXogHvegbHdwb0tCazUxUkE,509839
cap - 7766.PNG,0B8WcbXogHvegdkN1bU9ibWxtY2s,467495
cap - 7767.PNG,0B8WcbXogHvegUXFCZXdaemU5U1U,446308
cap - 7768.PNG,0B8WcbXogHvegOUtkZWxYZXUxSTQ,411356
cap - 7769.PNG,0B8WcbXogHvegcDVxbC0wN1phd3c,463476
cap - 7770.PNG,0B8WcbXogHvegaC1zMHpKaTJjeFk,504414
cap - 7771.PNG,0B8WcbXogHvegUTFaS2JiRjlfMTA,485502
cap - 7772.PNG,0B8WcbXogHvegVU9qMHR5Smp0d28,429247
cap - 7773.PNG,0B8WcbXogHvegbmhadWxwV1JLX2M,422545
cap - 7774.PNG,0B8WcbXogHvegVjN0OFVmekU0MHc,419970
cap - 7775.PNG,0B8WcbXogHvegYnU3QWJaM0tSZEU,389654
cap - 7776.PNG,0B8WcbXogHvegeTVpMXlUWnBOd1E,323773
cap - 7777.PNG,0B8WcbXogHvegd00wSVdTc0pLS0k,381349
cap - 7778.PNG,0B8WcbXogHvegUEJ1a2ZfVHcyR3c,374741
cap - 7779.PNG,0B8WcbXogHvegMzhhX3FYTWp5T28,377712
cap - 7780.PNG,0B8WcbXogHvegemFsWWRXekhWdmM,370446
cap - 7781.PNG,0B8WcbXogHvegZ1ZtNWZOS0hIRU0,362675
cap - 7782.PNG,0B8WcbXogHvegVlBGamt1bmM2YVU,288909
cap - 7783.PNG,0B8WcbXogHvegUk9jWkowcGZ0RUk,315174
cap - 7784.PNG,0B8WcbXogHvegMzJVT3FZUXNPYlk,454980
cap - 7785.PNG,0B8WcbXogHvegNWJUZ3kxSWNDRWc,427644
cap - 7786.PNG,0B8WcbXogHvegYlUxUGIxSV9HWlk,437145
cap - 7787.PNG,0B8WcbXogHvegV0ZpRVVTdGh1eFk,436907
cap - 7788.PNG,0B8WcbXogHvegeDBEVTB4WkF4UEU,431923
cap - 7789.PNG,0B8WcbXogHvegVjZPNEEyU0hFTTA,326556
cap - 7790.PNG,0B8WcbXogHvegeEptdXhUdThhWG8,398768
cap - 7791.PNG,0B8WcbXogHvegcVJUaGxqLTJYV1U,380640
cap - 7792.PNG,0B8WcbXogHvegOTFFQWtmOEV6Sk0,379697
cap - 7793.PNG,0B8WcbXogHvega2tTUUpYN3hYOWs,393291
cap - 7794.PNG,0B8WcbXogHvegTFQxQll2WnU0V1E,350359
cap - 7795.PNG,0B8WcbXogHvegVVBlT2w3WkR6aHc,485869
cap - 7796.PNG,0B8WcbXogHvegV1ktUk5vekROZ1E,449527
cap - 7797.PNG,0B8WcbXogHvegc0tyb3VaMU4xSzA,424864
cap - 7798.PNG,0B8WcbXogHvegTDlHcFVneFladjg,425144
cap - 7799.PNG,0B8WcbXogHvegUlZNTEFPYXZZR1E,478184
cap - 7800.PNG,0B8WcbXogHvegbVJnajBHYS1vTFE,459356
cap - 7801.PNG,0B8WcbXogHvegQl9pVm0yRklFRDQ,328787
cap - 7802.PNG,0B8WcbXogHvegYm5rOWpSOEpGbTg,299895
cap - 7803.PNG,0B8WcbXogHvegdTBiOUxTc1ZrXzA,247870
cap - 7804.PNG,0B8WcbXogHvegYjFFUTF5SFJQcHM,268958
cap - 7805.PNG,0B8WcbXogHvegbkE4SktWM2hVU2M,364142
cap - 7806.PNG,0B8WcbXogHvegeDVnckVUc2MyXzA,445632
cap - 7807.PNG,0B8WcbXogHvegZGFadmcxQTlzR0k,519444
cap - 7808.PNG,0B8WcbXogHvegY1IzYTBjN19RWTQ,610828
cap - 7809.PNG,0B8WcbXogHvegWjExVWNGeVdsQ3M,523226
cap - 7810.PNG,0B8WcbXogHvegTlNJRUhqZDZTWVE,405489
cap - 7811.PNG,0B8WcbXogHvegckdSbEl4S0dzSkk,489186
cap - 7812.PNG,0B8WcbXogHvegWTl6VkRPX29YTXM,469655
cap - 7813.PNG,0B8WcbXogHvegZEJGY2I0M2ZzWEU,483288
cap - 7814.PNG,0B8WcbXogHvegTWhHM01hbUlKX2M,449169
cap - 7815.PNG,0B8WcbXogHvegd0JKM09TYzhjM1k,511314
cap - 7816.PNG,0B8WcbXogHvegZjNIT25nTHBYYkU,516403
cap - 7817.PNG,0B8WcbXogHvegVzQ2Z1pxRUJXMDA,498245
cap - 7818.PNG,0B8WcbXogHvegT2JPU3NDdzJPLXc,489934
cap - 7819.PNG,0B8WcbXogHvegNXpZTlg0V1JFYjg,411399
cap - 7820.PNG,0B8WcbXogHvegeC1VbjhRNTE5R28,253450
cap - 7821.PNG,0B8WcbXogHvegcDVqek1lek5WYVk,464891
cap - 7822.PNG,0B8WcbXogHvegMUo3RGNESGZreE0,567546
cap - 7823.PNG,0B8WcbXogHvegQXBxWU9VVXo2RUE,470406
cap - 7824.PNG,0B8WcbXogHvegN3hXYTRSWjRNaFk,507558
cap - 7825.PNG,0B8WcbXogHvegZEJuVzRROFRFVkU,476367
cap - 7826.PNG,0B8WcbXogHvegMmI0WVVXd2JSS2c,545005
cap - 7827.PNG,0B8WcbXogHvegLV8ycTJlLVNLNm8,424678
cap - 7828.PNG,0B8WcbXogHvegNVdVU3JzQXlQQ0U,274487
cap - 7829.PNG,0B8WcbXogHvegOHhoQnc0MWhubzg,298944
cap - 7830.PNG,0B8WcbXogHvega0RmbHhGTTVTajg,340330
cap - 7831.PNG,0B8WcbXogHvegbGdhVktNckh0SEU,396942
cap - 7832.PNG,0B8WcbXogHvegLWxmTDVHVk56dVk,381681
cap - 7833.PNG,0B8WcbXogHvegeEZCcU9nRFBqYUE,398976
cap - 7834.PNG,0B8WcbXogHvegN1VScXRLTzROOEk,342181
cap - 7835.PNG,0B8WcbXogHvegWW9CVXBWVTZzWUE,354679
cap - 7836.PNG,0B8WcbXogHvegdkFEZHpJeEJqbUU,366847
cap - 7837.PNG,0B8WcbXogHvegMmprNEtlSzExMWc,364545
cap - 7838.PNG,0B8WcbXogHvegYklCYmNvejAtSDA,337141
cap - 7839.PNG,0B8WcbXogHvegNURMRl91bERmRGs,373209
cap - 7840.PNG,0B8WcbXogHvegUVdjSkhmQjdFTVk,381585
cap - 7841.PNG,0B8WcbXogHvegc3ZiUk5oZldwMGs,367434
cap - 7842.PNG,0B8WcbXogHvegTW9mc3liSnlRQU0,395042
cap - 7843.PNG,0B8WcbXogHvegWS13N2NqNVBYR2s,400058
cap - 7844.PNG,0B8WcbXogHvegb3o3SGlYRFQyWlk,403897
cap - 7845.PNG,0B8WcbXogHvegQlY4dVdyNTg5Znc,476557
cap - 7846.PNG,0B8WcbXogHvegcnp2WnA2aHVhdTA,475363
cap - 7847.PNG,0B8WcbXogHvegZE1oT0Q0ODhscUk,428241
cap - 7848.PNG,0B8WcbXogHvegdTllNi1WSzVuSjQ,379886
cap - 7849.PNG,0B8WcbXogHvegeHZxWmtkTFlvX2s,350460
cap - 7850.PNG,0B8WcbXogHvegYUpkQ29scV9HMDQ,475904
cap - 7851.PNG,0B8WcbXogHvegRU4xRlFvZXY0VTg,446441
cap - 7852.PNG,0B8WcbXogHvegZUdsSTExZjV1eTQ,377154
cap - 7853.PNG,0B8WcbXogHvegQkNXY1RKVHp3MEE,435784
cap - 7854.PNG,0B8WcbXogHvegVnNXckJCeVVsWnc,416041
cap - 7855.PNG,0B8WcbXogHvegSElKajNrZGM5cmc,394780
cap - 7856.PNG,0B8WcbXogHvegU3NfSURpc0doY2c,402893
cap - 7857.PNG,0B8WcbXogHvegWjcta243RHhhN0E,445048
cap - 7858.PNG,0B8WcbXogHvegQ1B0cTN4Qi05dTQ,434633
cap - 7859.PNG,0B8WcbXogHvegdEFlRzBMSkNyWk0,465256
cap - 7860.PNG,0B8WcbXogHvegbEoycEVnUVRHcEk,533203
cap - 7861.PNG,0B8WcbXogHvegMGlSRHVZZS02LVU,485687
cap - 7862.PNG,0B8WcbXogHvegMU8xNWRiNC1aN3c,450266
cap - 7863.PNG,0B8WcbXogHvegTDJsT1I3TUc0a2M,457671
cap - 7864.PNG,0B8WcbXogHvegM1R4aGUyc3VVcWM,460261
cap - 7865.PNG,0B8WcbXogHvegNmprQW80dzRCUGc,433045
cap - 7866.PNG,0B8WcbXogHvegV092bnNEd1pmZlU,441195
cap - 7867.PNG,0B8WcbXogHvegTHcyTXVvaFY3bW8,485088
cap - 7868.PNG,0B8WcbXogHvegQ1NDc095dWR4RDg,466873
cap - 7869.PNG,0B8WcbXogHvegWUVvTm1UOVllWDQ,512124
cap - 7870.PNG,0B8WcbXogHvegVkpVS0dOWThwd0E,409499
cap - 7871.PNG,0B8WcbXogHvega3dUWGNuOGUyZkU,566900
cap - 7872.PNG,0B8WcbXogHvegU01DZ25CVVB5N00,518209
cap - 7873.PNG,0B8WcbXogHvegYUtCWUVBT19Rem8,615576
cap - 7874.PNG,0B8WcbXogHvegNmdWRUExWGJ4Vlk,552974
cap - 7875.PNG,0B8WcbXogHvegSEhJWTh0V0VpU00,531426
cap - 7876.PNG,0B8WcbXogHvegUjVlSXB0eFNzbXc,601508
cap - 7877.PNG,0B8WcbXogHvegU2FWUm1fcmhTX1k,629708
cap - 7878.PNG,0B8WcbXogHvegeDJ1b1FfZ1k3NVU,463287
cap - 7879.PNG,0B8WcbXogHvegNUJ1Mkl2elNtS3M,432608
cap - 7880.PNG,0B8WcbXogHvega3ZjdkRhSlNvZEE,476389
cap - 7881.PNG,0B8WcbXogHvegaFQ0NHZZSmhBcFk,440498
cap - 7882.PNG,0B8WcbXogHvegSkpDb0Q3Vk9oOE0,430457
cap - 7883.PNG,0B8WcbXogHvegb0Z2eXJTb2EzeXM,429432
cap - 7884.PNG,0B8WcbXogHvegdG1NVGxENFhBLTA,412827
cap - 7885.PNG,0B8WcbXogHvegbWNQLXAwSTFSRjQ,588797
cap - 7886.PNG,0B8WcbXogHvegdGpvWkZkakthNGM,362701
cap - 7887.PNG,0B8WcbXogHvegYnZMMm8zTXhpemM,481203
cap - 7888.PNG,0B8WcbXogHvegUWlxbVd4aHFjLVk,415449
cap - 7889.PNG,0B8WcbXogHvegUmRfR0xMVng4djQ,446660
cap - 7890.PNG,0B8WcbXogHvegZWFRbVI4SFhueW8,419651
cap - 7891.PNG,0B8WcbXogHvegN3U3OFh0ZS1GNDA,456203
cap - 7892.PNG,0B8WcbXogHvegc2tLR2ZSSWpFR00,414115
cap - 7893.PNG,0B8WcbXogHvegbTZaRmFPeGswakU,437515
cap - 7894.PNG,0B8WcbXogHvegOTA4cHVDWkJlSFk,393402
cap - 7895.PNG,0B8WcbXogHvegWHBkajFrOEk0Tk0,467879
cap - 7896.PNG,0B8WcbXogHvegV1ZENVpqaGtmc2s,477370
cap - 7897.PNG,0B8WcbXogHvegT2lGYVE5SFFiLVU,482028
cap - 7898.PNG,0B8WcbXogHvegdi16cWk0NTJjcnM,475651
cap - 7899.PNG,0B8WcbXogHvegSmVjWW12YW5fTTQ,478538
cap - 7900.PNG,0B8WcbXogHvegeGdrUUE3bkNzTjA,462403
cap - 7901.PNG,0B8WcbXogHvegbFQ3QXFZMW54NEE,510642
cap - 7902.PNG,0B8WcbXogHvegTWJRa2p5YUNqNWs,450428
cap - 7903.PNG,0B8WcbXogHvegNkJRYTMwOGh1V00,501125
cap - 7904.PNG,0B8WcbXogHvegMERMQzFGX2JiRjA,387026
cap - 7905.PNG,0B8WcbXogHvega3JjSjhaalZ2Slk,365310
cap - 7906.PNG,0B8WcbXogHvegS2F2TmlGVTFILVk,537349
cap - 7907.PNG,0B8WcbXogHvegRDBwODJvc21QREU,570500
cap - 7908.PNG,0B8WcbXogHvegcmJxVE52YWdVMjg,525505
cap - 7909.PNG,0B8WcbXogHvegYTlRajF5czlJbjg,529762
cap - 7910.PNG,0B8WcbXogHvegZjhvMFE1Z2dFaUk,408241
cap - 7911.PNG,0B8WcbXogHvegZjJjMXY5dmtIb2M,396428
cap - 7912.PNG,0B8WcbXogHvegM3J3bXloQndud0k,432817
cap - 7913.PNG,0B8WcbXogHvegVFA0NUd5LXowamc,453652
cap - 7914.PNG,0B8WcbXogHvegME95UFFtOG9tUTg,506503
cap - 7915.PNG,0B8WcbXogHvegRlcxREdfSFZsMGc,538130
cap - 7916.PNG,0B8WcbXogHvegTThIM1AzcEhKLTQ,470895
cap - 7917.PNG,0B8WcbXogHvegWWVqbGh4WHI3UnM,477741
cap - 7918.PNG,0B8WcbXogHvegRkFURG1ha25lOW8,467943
cap - 7919.PNG,0B8WcbXogHvegTTl6ODR6Sm9hYXM,466787
cap - 7920.PNG,0B8WcbXogHvegTnZhODZLekRtUHc,513302
cap - 7921.PNG,0B8WcbXogHvegYnRxZ0dXTlVwZEU,519352
cap - 7922.PNG,0B8WcbXogHvegaGd1TXR6ZGJNdUE,545361
cap - 7923.PNG,0B8WcbXogHvegWmhseEJLUjBMN2c,519893
cap - 7924.PNG,0B8WcbXogHvegQlhwY0hGczRwaGc,546677
cap - 7925.PNG,0B8WcbXogHvegZkpoM0VfUktabVU,543125
cap - 7926.PNG,0B8WcbXogHvegTDBsOC1qZzNjS1k,567166
cap - 7927.PNG,0B8WcbXogHvegcjJVWEdYNWtsTEk,528251
cap - 7928.PNG,0B8WcbXogHvegTl9qZHNkeFhLLVk,493268
cap - 7929.PNG,0B8WcbXogHvegdVhkX2hoR2R3MzQ,304468
cap - 7930.PNG,0B8WcbXogHvegb3JISjl4R0FvdzQ,428797
cap - 7931.PNG,0B8WcbXogHvegdFh5WGdlUjc1YjQ,513586
cap - 7932.PNG,0B8WcbXogHvegZHNVdDFPWmhVZEk,512482
cap - 7933.PNG,0B8WcbXogHvegeV9wY3lweUk5eW8,497399
cap - 7934.PNG,0B8WcbXogHvegdWg2QUFNaFdMLWs,473385
cap - 7935.PNG,0B8WcbXogHvegS3ptS1NBd3hsYnc,491065
cap - 7936.PNG,0B8WcbXogHvega0p0dDhydWtuOUU,466935
cap - 7937.PNG,0B8WcbXogHvegeUI4QlpxSjNXVm8,468197
cap - 7938.PNG,0B8WcbXogHvegcDRKTmJiU0ZrMGc,525635
cap - 7939.PNG,0B8WcbXogHvegV3pGSnIzanJkMHM,447766
cap - 7940.PNG,0B8WcbXogHvegUS1nX1M4Mk5CdXM,475161
cap - 7941.PNG,0B8WcbXogHvegTGhLS193d1I2WVU,465674
cap - 7942.PNG,0B8WcbXogHvegbWtneDViLVJNbFk,389495
cap - 7943.PNG,0B8WcbXogHvegUWFCWWNyejFtUkk,508681
cap - 7944.PNG,0B8WcbXogHvegakdXUVpyWlJlLW8,520841
cap - 7945.PNG,0B8WcbXogHvegcmZ0aC1fYVl2aXc,552137
cap - 7946.PNG,0B8WcbXogHvegVHBSeGdPYVN4elk,474908
cap - 7947.PNG,0B8WcbXogHvega3czQ21HMmJwZmc,432688
cap - 7948.PNG,0B8WcbXogHvegYUJ0X3k1c0ZZelU,464558
cap - 7949.PNG,0B8WcbXogHvegLXNUem0yWmdrUlE,436770
cap - 7950.PNG,0B8WcbXogHvegX3hKbVgwNmdzVU0,433631
cap - 7951.PNG,0B8WcbXogHvegcU1mVENzYTZqZ1U,444147
cap - 7952.PNG,0B8WcbXogHvegdDNFYUJkcjZEdkU,417959
cap - 7953.PNG,0B8WcbXogHvegdHUxVkVvemZfQm8,358310
cap - 7954.PNG,0B8WcbXogHvegVUlNVFhKNnNYX3c,250145
cap - 7955.PNG,0B8WcbXogHvegMC1vMTJHaklsM0U,413707
cap - 7956.PNG,0B8WcbXogHvegTGs2T3QtNFhXamM,418609
cap - 7957.PNG,0B8WcbXogHvegUFp4SUo1aEh3QVU,442071
cap - 7958.PNG,0B8WcbXogHvegQVlIREJlN0dkbDQ,403311
cap - 7959.PNG,0B8WcbXogHvegWUNfazdtSlRDWFk,488077
cap - 7960.PNG,0B8WcbXogHvegR2ZLWEJwRW5SaXc,408655
cap - 7961.PNG,0B8WcbXogHvegeF9FVkxOaGVDV2s,430289
cap - 7962.PNG,0B8WcbXogHvegcnNqVVhfazB3b1k,430191
cap - 7963.PNG,0B8WcbXogHvegSmZqT2hyUGRYc3c,377599
cap - 7964.PNG,0B8WcbXogHvegX3N2QThVaGR1Vms,388070
cap - 7965.PNG,0B8WcbXogHvegdDQ4SmtTOGpWcTg,390780
cap - 7966.PNG,0B8WcbXogHvegM0lDb3RfaDcxUDg,443463
cap - 7967.PNG,0B8WcbXogHvegX3p5MHc0N2JiTkE,463605
cap - 7968.PNG,0B8WcbXogHvegaTVlM254aFdMb1E,408082
cap - 7969.PNG,0B8WcbXogHvegZTY0WGZWSldpSnM,455657
cap - 7970.PNG,0B8WcbXogHvegcktrS0FqbGZzYzg,457189
cap - 7971.PNG,0B8WcbXogHvegVXFybkh1bkhFZWs,469629
cap - 7972.PNG,0B8WcbXogHvegWDVlNlpaZFNjZmM,500131
cap - 7973.PNG,0B8WcbXogHvegQzh6b3ZWaGRhSlk,551480
cap - 7974.PNG,0B8WcbXogHvegT0gxbUhBUjdKNWM,466686
cap - 7975.PNG,0B8WcbXogHvegNXRnRXpfeXpoWlU,465366
cap - 7976.PNG,0B8WcbXogHvegamU3TlRMYWd2SmM,379403
cap - 7977.PNG,0B8WcbXogHvegTXhVNm9sbzMybjg,395495
cap - 7978.PNG,0B8WcbXogHvegMXFma2c3eWpsaVU,463569
cap - 7979.PNG,0B8WcbXogHvegcVRERHNyekZJZ00,484508
cap - 7980.PNG,0B8WcbXogHvegeTE1Qk1vbE5rQU0,419074
cap - 7981.PNG,0B8WcbXogHvegeld0NldJZlluQjA,419648
cap - 7982.PNG,0B8WcbXogHvegQ2h4czZZQkgya2M,405153
cap - 7983.PNG,0B8WcbXogHvegYnRjcExZZ0V2RzQ,380545
cap - 7984.PNG,0B8WcbXogHvegaGVnQlk5bzNlcmc,407987
cap - 7985.PNG,0B8WcbXogHvegQy15Z2tRUW1TU00,497624
cap - 7986.PNG,0B8WcbXogHvegUVU4RjBMVGVOWlk,533072
cap - 7987.PNG,0B8WcbXogHvegZW03RzZIZkZFMjg,554653
cap - 7988.PNG,0B8WcbXogHvegTHlHZm1qaUd3U28,559384
cap - 7989.PNG,0B8WcbXogHvegblFHNWs5VXpSNnM,415567
cap - 7990.PNG,0B8WcbXogHvegSUY5M3B2LXlDa2s,434224
cap - 7991.PNG,0B8WcbXogHvegM0hNOEwxVlNWc2s,459706
cap - 7992.PNG,0B8WcbXogHvegUEVmTXdHTmEzTkk,494251
cap - 7993.PNG,0B8WcbXogHvegSUlpM3lIaUZ3Q3c,479949
cap - 7994.PNG,0B8WcbXogHvegNGlCY1pqN0lfbkE,546816
cap - 7995.PNG,0B8WcbXogHvegclpOa0FVSFFXdWM,526284
cap - 7996.PNG,0B8WcbXogHvegYTl5X2QxalVYQzg,379810
cap - 7997.PNG,0B8WcbXogHvegd2xYaXpHR2lpeHM,466387
cap - 7998.PNG,0B8WcbXogHvegT0h1bXZrbE5oZjA,450837
cap - 7999.PNG,0B8WcbXogHvegOGZva0NQWTF2N3M,420131
