cap - 1.PNG,0B8WcbXogHvegN0gyQ0h5bTBxNEk,507407
cap - 10.PNG,0B8WcbXogHvegempSaVVaeGxkZ00,417449
cap - 100.PNG,0B8WcbXogHvegMmJZUEF1el9PRzg,515887
cap - 101.PNG,0B8WcbXogHvegcFNSSFB3LWttdWs,514127
cap - 102.PNG,0B8WcbXogHveganotYmRfYjJ0REU,500215
cap - 103.PNG,0B8WcbXogHvegRVV6SzhwV2daelk,520287
cap - 104.PNG,0B8WcbXogHvegcDRVYlo5R2JORDg,520702
cap - 105.PNG,0B8WcbXogHvegazRTQ2x5QVA2dm8,513622
cap - 106.PNG,0B8WcbXogHvegSFNVN0w3UHViYVE,512221
cap - 107.PNG,0B8WcbXogHvegVUROUU1hWm1NSms,534069
cap - 108.PNG,0B8WcbXogHvegbXNzbzRvb2lkdG8,497367
cap - 109.PNG,0B8WcbXogHvegeFdiZEROQVFZRms,455127
cap - 11.PNG,0B8WcbXogHvegUXhJcEhtYzlzazQ,387069
cap - 110.PNG,0B8WcbXogHvegZWsySi1TQ1dnLWs,432616
cap - 111.PNG,0B8WcbXogHvegTWVLM2VVTm1wMzg,416503
cap - 112.PNG,0B8WcbXogHvegVGdLMXh6R21DeDA,442233
cap - 113.PNG,0B8WcbXogHvegMDVRRWxremlUTUE,454598
cap - 114.PNG,0B8WcbXogHvegMVY1ZHFHTmhRR1U,468856
cap - 115.PNG,0B8WcbXogHvegS0t0ZDF3bDAydjA,451468
cap - 116.PNG,0B8WcbXogHvegMlk2b3pQcUVFRjA,465617
cap - 117.PNG,0B8WcbXogHvegXzdsSVlPRDhBcG8,438637
cap - 118.PNG,0B8WcbXogHvegVFFjNU9VUk03eFE,466983
cap - 119.PNG,0B8WcbXogHvegcjRQQ1NkTmF3b2M,534617
cap - 12.PNG,0B8WcbXogHvegRC11OG91cFc3MzQ,408400
cap - 120.PNG,0B8WcbXogHvegeXpPQkxWRllUcVU,557274
cap - 121.PNG,0B8WcbXogHvegcGJHUVVUWlptMkE,542917
cap - 122.PNG,0B8WcbXogHvegMGoyRHI4LU1ZMFU,555687
cap - 123.PNG,0B8WcbXogHvegUEFEMHhoN042Rmc,525382
cap - 124.PNG,0B8WcbXogHvegS0VWNE9OZTc3VUU,505800
cap - 125.PNG,0B8WcbXogHvegaW4wZWxQQU03Sjg,520045
cap - 126.PNG,0B8WcbXogHvegMUR1bnhIU3BObXc,531905
cap - 127.PNG,0B8WcbXogHvegbDRhTW85LWZUYVk,548174
cap - 128.PNG,0B8WcbXogHvegU0N3WDY0emVHYlU,432162
cap - 129.PNG,0B8WcbXogHvegbHZjYnozWXJRYUk,424401
cap - 13.PNG,0B8WcbXogHvegdktOUEQ2OGQxQ0k,347182
cap - 130.PNG,0B8WcbXogHvegcWozeWVnX21GT3c,462260
cap - 131.PNG,0B8WcbXogHvegODJQQTAzSkhQd2M,431396
cap - 132.PNG,0B8WcbXogHvegMU5lSjBlTTVlYm8,423557
cap - 133.PNG,0B8WcbXogHvegOTYzUXdpT2hHSVE,413624
cap - 134.PNG,0B8WcbXogHvegRm5WbVprQmZRZnM,392907
cap - 135.PNG,0B8WcbXogHvegc3dSbGxnbnBXcEU,394183
cap - 136.PNG,0B8WcbXogHvegaFJOc2hjQkptSEE,374651
cap - 137.PNG,0B8WcbXogHvegM3hpV3dQTVlLZkU,352310
cap - 138.PNG,0B8WcbXogHvegZDlISDlsTldHUUU,345108
cap - 139.PNG,0B8WcbXogHvegS3FvNHpFaXF3SDg,305508
cap - 14.PNG,0B8WcbXogHvegMkFEZ3lmcTQwU2s,346122
cap - 140.PNG,0B8WcbXogHvegbG13RENuN2R1R00,301537
cap - 141.PNG,0B8WcbXogHvegbTVzQmlwN2Via0E,309189
cap - 142.PNG,0B8WcbXogHvegSlNFRzZrb1F2V2s,300006
cap - 143.PNG,0B8WcbXogHvegM0J4SlF0NE9UTGM,274393
cap - 144.PNG,0B8WcbXogHvegcHQ1OUxROS1JanM,319611
cap - 145.PNG,0B8WcbXogHvegQlg3bk9McnJ6ZDA,375399
cap - 146.PNG,0B8WcbXogHvegZG9peUN5b0EyUGM,393011
cap - 147.PNG,0B8WcbXogHvegYWo3MThlX21fMWs,407717
cap - 148.PNG,0B8WcbXogHvegS0VsUEo1VXEyTzg,396697
cap - 149.PNG,0B8WcbXogHvegYV9wWVhCYVBoU00,426796
cap - 15.PNG,0B8WcbXogHvegZVJteUdXWnRrYk0,332802
cap - 150.PNG,0B8WcbXogHvegRTRYZ296U0hTcEE,451760
cap - 151.PNG,0B8WcbXogHvegR1dxdlpOVllkYzg,460705
cap - 152.PNG,0B8WcbXogHvegUnhzVFVEaTNXbEU,474450
cap - 153.PNG,0B8WcbXogHvegYm1ZV2dydVBxYUU,480218
cap - 154.PNG,0B8WcbXogHvegQ3hlWFdtVkRya1U,516692
cap - 155.PNG,0B8WcbXogHvegdEtwV1JBS0x0WDg,522395
cap - 156.PNG,0B8WcbXogHvegektXejVYdklOUWs,528094
cap - 157.PNG,0B8WcbXogHvegN3FNNU52SHI2UTg,522801
cap - 158.PNG,0B8WcbXogHvegWTkwS0FmREdLbzg,543916
cap - 159.PNG,0B8WcbXogHvegZHM0SjlIUmNIbzA,509277
cap - 16.PNG,0B8WcbXogHvegOWZsS1o4U1V5Vk0,325140
cap - 160.PNG,0B8WcbXogHvegelV1bTlWWE5Jd0U,517703
cap - 161.PNG,0B8WcbXogHvegMkQ2NTNnb3kwY0k,445720
cap - 162.PNG,0B8WcbXogHvegdE1qeXcwR0Rqdnc,530599
cap - 163.PNG,0B8WcbXogHvegRTR6QndGZGc5eXc,508206
cap - 164.PNG,0B8WcbXogHvegMWlhTnJOTzBLV00,495159
cap - 165.PNG,0B8WcbXogHvegckZkUFkwSFFaM28,515252
cap - 166.PNG,0B8WcbXogHvegWXZNbDFJWWZvRVk,490961
cap - 167.PNG,0B8WcbXogHvegWWJmMkNrNnZLNTg,464259
cap - 168.PNG,0B8WcbXogHvegeWxPMEMwdlpTZTQ,458281
cap - 169.PNG,0B8WcbXogHvegYlFrZGpXck11NDA,464680
cap - 17.PNG,0B8WcbXogHvegczBSRW1nZkFuNWM,309036
cap - 170.PNG,0B8WcbXogHvegU21YQ090WWhnMWM,487370
cap - 171.PNG,0B8WcbXogHvegWlh1LU5MQ25jV0E,487515
cap - 172.PNG,0B8WcbXogHvegLU5TLWZ4TlpWZWM,514135
cap - 173.PNG,0B8WcbXogHvegLTFtV3ZTMXhJZFE,526633
cap - 174.PNG,0B8WcbXogHvegaGNzVFZPdmxSM00,529359
cap - 175.PNG,0B8WcbXogHvegelZPOWpaSTNyUXc,523670
cap - 176.PNG,0B8WcbXogHvegUUpoRUhkVGd6Qnc,539224
cap - 177.PNG,0B8WcbXogHvegZVBCMmxkd0FIQzg,573183
cap - 178.PNG,0B8WcbXogHvegX1NpMlI0c21HWFU,607966
cap - 179.PNG,0B8WcbXogHvegM2MwTW1OeURIYUU,597632
cap - 18.PNG,0B8WcbXogHvegbE9mZjVselNLRjQ,326868
cap - 180.PNG,0B8WcbXogHvegTGhra1FmZEI0Q2s,593295
cap - 181.PNG,0B8WcbXogHvegaHVmVnpLV18zdHc,587852
cap - 182.PNG,0B8WcbXogHvegem9tUmtxc2lGdVU,622616
cap - 183.PNG,0B8WcbXogHvegdFpQOXY2V0NaeGM,615785
cap - 184.PNG,0B8WcbXogHvegNkUxdGdmcDVic2c,631912
cap - 185.PNG,0B8WcbXogHvegLUF4MF9Gcmg5NzA,605408
cap - 186.PNG,0B8WcbXogHvegSmgySW44Zm1pVFk,631544
cap - 187.PNG,0B8WcbXogHvegRHJOYklIWm5jVUU,566533
cap - 188.PNG,0B8WcbXogHvegdWZ6LV9xUWxVRnM,509858
cap - 189.PNG,0B8WcbXogHvegV3BXbHRFNzl3a0E,433538
cap - 19.PNG,0B8WcbXogHvegVklhTC0weGRsTms,335594
cap - 190.PNG,0B8WcbXogHvegZ3lNT09YYjZVTzA,448399
cap - 191.PNG,0B8WcbXogHvegc2ktaXc5V3R4ekE,467189
cap - 192.PNG,0B8WcbXogHvegU3dpVUE3UkQ5MXM,435151
cap - 193.PNG,0B8WcbXogHvegUmZ1aWpEV1JzM0E,380613
cap - 194.PNG,0B8WcbXogHvegcElKZkVrbU1BSTA,399467
cap - 195.PNG,0B8WcbXogHvegR0RJOEt2dGxwVlk,388231
cap - 196.PNG,0B8WcbXogHvegWEVJeEFZMUYxYVU,378701
cap - 197.PNG,0B8WcbXogHvegWTJyU2F0NWE1VFk,360122
cap - 198.PNG,0B8WcbXogHvegZE5vRzhaY2hqTjQ,357466
cap - 199.PNG,0B8WcbXogHvegZGpMb2c0RzhZV1E,326104
cap - 2.PNG,0B8WcbXogHvegc0FOTDRub0swY00,545184
cap - 20.PNG,0B8WcbXogHvegVlFuNXljZFRFMGs,345918
cap - 200.PNG,0B8WcbXogHvegdjRxOERnSGRFYzA,334945
cap - 201.PNG,0B8WcbXogHvegSzZ3eFpuUWp5N1E,339834
cap - 202.PNG,0B8WcbXogHvegUnlkQjEwS3dzLXM,414434
cap - 203.PNG,0B8WcbXogHvegTVNoYVhGazJHeVE,406509
cap - 204.PNG,0B8WcbXogHvegZGIxU2p3cVJOM2M,409481
cap - 205.PNG,0B8WcbXogHvegTTBhcDVsSnBqUVU,406687
cap - 206.PNG,0B8WcbXogHvegWFBoYkRkWnhvWjA,383594
cap - 207.PNG,0B8WcbXogHvegQnc5WGNCNzcyTzQ,389367
cap - 208.PNG,0B8WcbXogHvegR1UxdGZlSmp4eGc,379787
cap - 209.PNG,0B8WcbXogHvegM29tNHF5ZDRGa1k,376762
cap - 21.PNG,0B8WcbXogHvegUmhBNTg3bi1wVHc,325207
cap - 210.PNG,0B8WcbXogHvegM2Y1RkpiRXhVUlE,374352
cap - 211.PNG,0B8WcbXogHvegRFEzZDFUZjFHSTg,390669
cap - 212.PNG,0B8WcbXogHvegQWI3WlhNTXhSdk0,374527
cap - 213.PNG,0B8WcbXogHvegc1RJZ2s2VHAteGs,358349
cap - 214.PNG,0B8WcbXogHvegVWxQZFVPXzVQTDg,391371
cap - 215.PNG,0B8WcbXogHvegTDQxRnR3aW9mWE0,378675
cap - 216.PNG,0B8WcbXogHvegYjdleVUxU0dxaGM,377069
cap - 217.PNG,0B8WcbXogHvegckY0TzdkbTJBMGM,355555
cap - 218.PNG,0B8WcbXogHvegVTU4MWxzVE5LT28,362673
cap - 219.PNG,0B8WcbXogHvegd0lHTUw3UWgwbU0,375307
cap - 22.PNG,0B8WcbXogHvegYWZ2eFNtN2FNQjA,372311
cap - 220.PNG,0B8WcbXogHvegemx2b0o1V3p5QjA,365284
cap - 221.PNG,0B8WcbXogHvegbURJbGpISmFYczQ,362080
cap - 222.PNG,0B8WcbXogHvegRmFTbzlidFdxZ3c,298793
cap - 223.PNG,0B8WcbXogHvegUUZpa3FNWE9ReDg,315330
cap - 224.PNG,0B8WcbXogHvegWFFNbk4yaUo4ekU,337434
cap - 225.PNG,0B8WcbXogHvegMkdqcC1EaWhJQm8,405009
cap - 226.PNG,0B8WcbXogHvegTjJXVHVSZ0dFbTg,441606
cap - 227.PNG,0B8WcbXogHvegN1lHb1F0SFFMbTg,429539
cap - 228.PNG,0B8WcbXogHvegMkJ0NkpXVjJIQlk,401056
cap - 229.PNG,0B8WcbXogHvegM3hHenlCLXgtZ2s,352619
cap - 23.PNG,0B8WcbXogHvegM0hkcTlESHNSdlU,351170
cap - 230.PNG,0B8WcbXogHvegY2dJRjhWczhTNk0,306773
cap - 231.PNG,0B8WcbXogHvegN1lMMUQxU2VFbkE,313558
cap - 232.PNG,0B8WcbXogHvegaUFRS1dERXljU28,313109
cap - 233.PNG,0B8WcbXogHvegcC1jRXY1ZllOUGs,348242
cap - 234.PNG,0B8WcbXogHvegemVJbG5hQW5HczA,367321
cap - 235.PNG,0B8WcbXogHvegLVROSGsxU2MwNVk,366202
cap - 236.PNG,0B8WcbXogHvegUGM5d0ItV01EUXc,331830
cap - 237.PNG,0B8WcbXogHvegV0JNMlgtYlR2T2M,343499
cap - 238.PNG,0B8WcbXogHvegT090WXhZdHB0b2M,314342
cap - 239.PNG,0B8WcbXogHvegUVc4MUNWWWZzTXc,330292
cap - 24.PNG,0B8WcbXogHvegdUZGekQ0ZGN4RTg,305489
cap - 240.PNG,0B8WcbXogHvegZWtvRUpxM1p3NTQ,319450
cap - 241.PNG,0B8WcbXogHvegdXRxSEEyRXN6Nnc,326419
cap - 242.PNG,0B8WcbXogHvegODRtNWlyWG5OMEk,336905
cap - 243.PNG,0B8WcbXogHvegUjZSS1BfWnRjZXc,347257
cap - 244.PNG,0B8WcbXogHvegWEYyVUIxSVJhZTQ,358182
cap - 245.PNG,0B8WcbXogHvegUUJjV2wwUlZ3TTA,394179
cap - 246.PNG,0B8WcbXogHvegQlFTM3VKNHVhQkk,392432
cap - 247.PNG,0B8WcbXogHvegUEc5ZUFCVVJrYU0,387155
cap - 248.PNG,0B8WcbXogHvegYkVxWnhvSE8tb2s,397635
cap - 249.PNG,0B8WcbXogHvegckI0Y05aeWdyUk0,409935
cap - 25.PNG,0B8WcbXogHvegZEdHcEtJeDFCV1k,355712
cap - 250.PNG,0B8WcbXogHvegWUlZaHl1YXdtWUE,417752
cap - 251.PNG,0B8WcbXogHvegbXRxVXk0R0NpYnc,400460
cap - 252.PNG,0B8WcbXogHvegS1hCbXJKYVJ3ZEE,420669
cap - 253.PNG,0B8WcbXogHvegWGVwMUk3Ry1YNzA,413018
cap - 254.PNG,0B8WcbXogHvegelI3NERkaHBTWDg,442438
cap - 255.PNG,0B8WcbXogHvegNGQ3aXo2dGJlOTg,454143
cap - 256.PNG,0B8WcbXogHvegc1h6Z2RGMFBDclE,406588
cap - 257.PNG,0B8WcbXogHvegRmd1SnZEUm1JTjQ,411642
cap - 258.PNG,0B8WcbXogHvegeE1ETkk5SlNIc00,447006
cap - 259.PNG,0B8WcbXogHvegSmpKXzZIQ1RaRHc,423644
cap - 26.PNG,0B8WcbXogHvegX1g4OWxlaGFKcFU,419869
cap - 260.PNG,0B8WcbXogHvegVkZxcE5xMkNDOG8,423440
cap - 261.PNG,0B8WcbXogHvegbkZuWmNFdUk1TEE,409789
cap - 262.PNG,0B8WcbXogHvegNjNiYkhEVTd5cVU,387556
cap - 263.PNG,0B8WcbXogHvegeVlRZnFvSWlaRlk,392841
cap - 264.PNG,0B8WcbXogHvegSzhORjM3VVB4U0k,397022
cap - 265.PNG,0B8WcbXogHvegN2NZdGpTTm9ic3c,360558
cap - 266.PNG,0B8WcbXogHvegWDl5bi10S2F4WWs,356227
cap - 267.PNG,0B8WcbXogHvegX2hCRi1uXzcxaEE,338604
cap - 268.PNG,0B8WcbXogHvegZURnNElJTGdnRnc,329447
cap - 269.PNG,0B8WcbXogHvegdXhNSEl4QjFrUzQ,337305
cap - 27.PNG,0B8WcbXogHvegQjMtOTQtY3JWRlk,397096
cap - 270.PNG,0B8WcbXogHvegSlFNTHJVVEFiM3c,342534
cap - 271.PNG,0B8WcbXogHvegR0JvWkxWVHVmRHM,362287
cap - 272.PNG,0B8WcbXogHvegdmtlREQtTmFjZEU,384453
cap - 273.PNG,0B8WcbXogHvegNE9kRkpiQXpscVU,409613
cap - 274.PNG,0B8WcbXogHvegb1F2c2JLbXVCZms,432320
cap - 275.PNG,0B8WcbXogHvegZklMd0MtZXRjM0U,442455
cap - 276.PNG,0B8WcbXogHvegN2tLbFVyeWFzWGc,443788
cap - 277.PNG,0B8WcbXogHvegQXp2QVdSM0ZRczA,461890
cap - 278.PNG,0B8WcbXogHvegcVNxXzV4M3ZxMFk,472780
cap - 279.PNG,0B8WcbXogHvegN1VDMWZXc2MyT00,472060
cap - 28.PNG,0B8WcbXogHvegVkZzWEwwQk9jUU0,399507
cap - 280.PNG,0B8WcbXogHvegSFVuQThuTXFRVHc,471466
cap - 281.PNG,0B8WcbXogHvegUVZyQzVRYWYzeTg,469679
cap - 282.PNG,0B8WcbXogHvegR1FadjBWWWg3MjA,444671
cap - 283.PNG,0B8WcbXogHvegcEZSWVdOdjFTdDA,413415
cap - 284.PNG,0B8WcbXogHvegcVI5Q1phaFN4b2s,413941
cap - 285.PNG,0B8WcbXogHvegOWVscDZIdzc2Njg,405142
cap - 286.PNG,0B8WcbXogHvegSUFHQnlmdnlYRVU,382518
cap - 287.PNG,0B8WcbXogHvegaElBelA0ZUpsUEE,355713
cap - 288.PNG,0B8WcbXogHvegS3Z2YnFROFdseGc,319090
cap - 289.PNG,0B8WcbXogHvegdWdNa3o3b3FlbU0,308162
cap - 29.PNG,0B8WcbXogHvegNEVoX0R2LU9jcmM,405734
cap - 290.PNG,0B8WcbXogHvegb29kZXhST3N1VTA,300098
cap - 291.PNG,0B8WcbXogHvegUjU2Z3k5d1NXM1E,270278
cap - 292.PNG,0B8WcbXogHvegZTZTbGlQM05CMkk,277912
cap - 293.PNG,0B8WcbXogHvegNE8xeUNhbkozOU0,257946
cap - 294.PNG,0B8WcbXogHvegdVZIWTRDcUxldE0,257118
cap - 295.PNG,0B8WcbXogHvegZ2N1bS1rN19XZmM,311731
cap - 296.PNG,0B8WcbXogHvegOW1qQ091ZUczNDA,317376
cap - 297.PNG,0B8WcbXogHvegcUpJS0NiUTNJMTA,370743
cap - 298.PNG,0B8WcbXogHvegMjQzaHFvanJiRGc,369196
cap - 299.PNG,0B8WcbXogHvegLWJMUkp0SHpmZm8,368442
cap - 3.PNG,0B8WcbXogHvegLXBmcDVrSkVYUVE,543623
cap - 30.PNG,0B8WcbXogHvegbWFLM29iSWxBVGs,383895
cap - 300.PNG,0B8WcbXogHvegR3Y0QjFobXdjUTg,372536
cap - 301.PNG,0B8WcbXogHvegMnd4UUdkSUctQzA,405509
cap - 302.PNG,0B8WcbXogHvegSE5WR2FhRUIySUk,400307
cap - 303.PNG,0B8WcbXogHvegVWZjV0JCdzJkaVU,415764
cap - 304.PNG,0B8WcbXogHvegVnFmWDNuV0ZMNTA,427859
cap - 305.PNG,0B8WcbXogHvegVGJ1a3EzbU9GeUk,425208
cap - 306.PNG,0B8WcbXogHvegTEM2SThDR01LU3c,419895
cap - 307.PNG,0B8WcbXogHvegcDc5T0dQdzM5RmM,401050
cap - 308.PNG,0B8WcbXogHvegaGFkbng2ZWpMS1k,406154
cap - 309.PNG,0B8WcbXogHvegN0U4bkwxdjVJTzQ,398021
cap - 31.PNG,0B8WcbXogHvegeENBaGNWTDREc1k,393136
cap - 310.PNG,0B8WcbXogHvegTEtMOXNzZkpmaE0,385957
cap - 311.PNG,0B8WcbXogHvegN0tLRlN3T1lUb2M,358012
cap - 312.PNG,0B8WcbXogHvegZFo2OXl5d01laTQ,376895
cap - 313.PNG,0B8WcbXogHvegRnlBNU8yTmJNS3M,394619
cap - 314.PNG,0B8WcbXogHvegWjlISzJWSC1zenM,406805
cap - 315.PNG,0B8WcbXogHvegTjc5ZGd2bUtpZzg,431953
cap - 316.PNG,0B8WcbXogHvegaWJWcUdpbTY2eHc,461231
cap - 317.PNG,0B8WcbXogHvegdXFkNmhvODBwVGc,458529
cap - 318.PNG,0B8WcbXogHvegUHlzRmh4NERGTnM,456489
cap - 319.PNG,0B8WcbXogHvegV0lFM2Vqa3dMU0k,450798
cap - 32.PNG,0B8WcbXogHvegenFYSnBra0hka00,413274
cap - 320.PNG,0B8WcbXogHvegZjlnVkFycjJRQU0,450338
cap - 321.PNG,0B8WcbXogHvegRTlNR3BsVE16TzQ,462552
cap - 322.PNG,0B8WcbXogHvegWWo0Tm1EbnA4QWc,453243
cap - 323.PNG,0B8WcbXogHvegYXlnWGxoUndBT0k,443978
cap - 324.PNG,0B8WcbXogHvegT1dNaWFJUzgyNGc,463476
cap - 325.PNG,0B8WcbXogHvegUUtNazdJY1pjX1U,469342
cap - 326.PNG,0B8WcbXogHvegWGhfVEtyeTBOWE0,464098
cap - 327.PNG,0B8WcbXogHvegOGpyS3hkVzhILTA,438580
cap - 328.PNG,0B8WcbXogHvegTUtnM25NNXVJLVk,432737
cap - 329.PNG,0B8WcbXogHvegSkpFbGptQ3dEYkU,423735
cap - 33.PNG,0B8WcbXogHvegeHpWcGhJSXpfYk0,299392
cap - 330.PNG,0B8WcbXogHvegYV80ZDlfMGc2TzA,401571
cap - 331.PNG,0B8WcbXogHvegTVhEdW8wVHJGd3M,356233
cap - 332.PNG,0B8WcbXogHvegSVdFTHg2dm1XUkk,341389
cap - 333.PNG,0B8WcbXogHvegeGM2VmhpT2dCM0E,300362
cap - 334.PNG,0B8WcbXogHvegVUgzRFQ1VU13TDQ,285556
cap - 335.PNG,0B8WcbXogHvegNEpQYVludmhtSmc,274458
cap - 336.PNG,0B8WcbXogHvegUEFXU3ViUGxoRkk,261189
cap - 337.PNG,0B8WcbXogHvegSl8tMkFNTDFsVkk,246819
cap - 338.PNG,0B8WcbXogHvegdWhWNElrdWJudXc,261146
cap - 339.PNG,0B8WcbXogHvegMnNEVlFmNFgtYnc,249090
cap - 34.PNG,0B8WcbXogHvegTE5KVU0tM1NRelk,297410
cap - 340.PNG,0B8WcbXogHvegdXhuVjF0NXZGUWs,276020
cap - 341.PNG,0B8WcbXogHvegMXpqTUI2Ukt5NWM,313443
cap - 342.PNG,0B8WcbXogHvegaFFzSnN4MkhKSVE,364970
cap - 343.PNG,0B8WcbXogHvegcjBlcDN6al9yeWs,388787
cap - 344.PNG,0B8WcbXogHvegdzdTNjk1UWJzSmc,395322
cap - 345.PNG,0B8WcbXogHvegTnkyVkw3d2ZSNGc,370443
cap - 346.PNG,0B8WcbXogHvegTmFLT0hFbThRdU0,386202
cap - 347.PNG,0B8WcbXogHvegY3JiM2k3d3lSa00,395999
cap - 348.PNG,0B8WcbXogHvegNEVSVEhMT0swRHc,410419
cap - 349.PNG,0B8WcbXogHvegWUFqcmI1Z185T3M,411125
cap - 35.PNG,0B8WcbXogHvegdHlLQlBoRW5MdEk,407953
cap - 350.PNG,0B8WcbXogHvegTHp0RjFzcVpIU0k,411929
cap - 351.PNG,0B8WcbXogHvegWWpIMGNIN1N2eHM,411772
cap - 352.PNG,0B8WcbXogHvegMmV3VFhnbEphUWs,418724
cap - 353.PNG,0B8WcbXogHvegemhyd2dveFVYbVE,400948
cap - 354.PNG,0B8WcbXogHvegMXQ2NzVOTXFVa0k,386514
cap - 355.PNG,0B8WcbXogHvegMEtlVVNWS2g3MDQ,402776
cap - 356.PNG,0B8WcbXogHvegd3IydFAwaTgwUDQ,406587
cap - 357.PNG,0B8WcbXogHvegZnRxMFZlSnFLQ0k,408566
cap - 358.PNG,0B8WcbXogHvegQ2VqSnBuamdoYUk,409840
cap - 359.PNG,0B8WcbXogHvegcDVXWDAtRVJvM2s,405154
cap - 36.PNG,0B8WcbXogHvega05DaXlxRTJEQlE,442840
cap - 360.PNG,0B8WcbXogHvegQjg5NUF5cklYdnc,410171
cap - 361.PNG,0B8WcbXogHvegMnNjY2c2SWNyejQ,413926
cap - 362.PNG,0B8WcbXogHvegUnNwT0c1MEJ5aVE,410190
cap - 363.PNG,0B8WcbXogHvegNmlpVkQ5b2RYWDg,412244
cap - 364.PNG,0B8WcbXogHvegQTl3VHRIVHc2dDA,415824
cap - 365.PNG,0B8WcbXogHvega1ZMTzdMdHNZVkE,424266
cap - 366.PNG,0B8WcbXogHvegRXZfWlJqM1Y2UGM,430974
cap - 367.PNG,0B8WcbXogHvegdVZvOHZtS1hMZUk,415460
cap - 368.PNG,0B8WcbXogHvegbUFxSWV2bG9CcE0,398813
cap - 369.PNG,0B8WcbXogHvegb3ZKYXRlSE11RmM,402269
cap - 37.PNG,0B8WcbXogHvegM2VIQnZZdlFpWkE,478324
cap - 370.PNG,0B8WcbXogHvegVzgwVDV2eWQyVzA,394874
cap - 371.PNG,0B8WcbXogHvegYUpGT01NaVRpZDg,401406
cap - 372.PNG,0B8WcbXogHvegbURWVVNHQ244cDg,392297
cap - 373.PNG,0B8WcbXogHvegckY5Vkx4TzUtMDA,393201
cap - 374.PNG,0B8WcbXogHvegZmROSDBIbDV6RDA,378466
cap - 375.PNG,0B8WcbXogHvegS19XalRSY3BNcFU,341027
cap - 376.PNG,0B8WcbXogHvegZjNuX3V6a3hfOGc,350402
cap - 377.PNG,0B8WcbXogHvegeXdGLUtHZFllWlE,377009
cap - 378.PNG,0B8WcbXogHvegQXZLVDRuQjd1Z00,389228
cap - 379.PNG,0B8WcbXogHvegcjh5MHlZY0JXdG8,357341
cap - 38.PNG,0B8WcbXogHvegWGFqbUZhVjdxNnc,385433
cap - 380.PNG,0B8WcbXogHvegNXUtNTRjck9GNlk,342446
cap - 381.PNG,0B8WcbXogHvegSGhOTlRrSGpTWE0,352506
cap - 382.PNG,0B8WcbXogHvegMk9xbWJjdHR3TG8,356998
cap - 383.PNG,0B8WcbXogHvega21ROVNlY0hTbW8,345761
cap - 384.PNG,0B8WcbXogHvegb0ROUWI4ZzNTdjg,364288
cap - 385.PNG,0B8WcbXogHvegc2pYWlFXU3dwYlk,369959
cap - 386.PNG,0B8WcbXogHvegckJFSnJuWkYwaDA,371976
cap - 387.PNG,0B8WcbXogHvegS3NGRUZMbWszaWs,315113
cap - 388.PNG,0B8WcbXogHvegS0NmczAtMGhIMnM,361382
cap - 389.PNG,0B8WcbXogHvegLVhjbFFTRmQwbW8,307188
cap - 39.PNG,0B8WcbXogHvegc0ZERThwXzNNY2M,405372
cap - 390.PNG,0B8WcbXogHvegOFl0QkRHcG1CT3M,374858
cap - 391.PNG,0B8WcbXogHvegaER5MkxfMmY4Z0U,433599
cap - 392.PNG,0B8WcbXogHvegc2VYZGYzYVVNX28,451385
cap - 393.PNG,0B8WcbXogHvegM0R4MGVxR1N2Y3M,457533
cap - 394.PNG,0B8WcbXogHvegMTJLejhHQjBKM1k,435832
cap - 395.PNG,0B8WcbXogHvegb0NzV0Y1NFVxQms,432444
cap - 396.PNG,0B8WcbXogHvegS1JXWmRLZ01wM2M,418897
cap - 397.PNG,0B8WcbXogHvegbTllRGd1Rk56c2s,412397
cap - 398.PNG,0B8WcbXogHvegRzZjRmlkb0xXazg,425637
cap - 399.PNG,0B8WcbXogHvegNGFGUHdyajdUUFU,440490
cap - 4.PNG,0B8WcbXogHvegcmJtanZRZjctS0U,531591
cap - 40.PNG,0B8WcbXogHvegb2lZOTdxc0k5ZFk,407578
cap - 400.PNG,0B8WcbXogHvegU2sxcnNCTTZTQkk,450254
cap - 401.PNG,0B8WcbXogHvegMDhsQWt5aVJ6VXM,462969
cap - 402.PNG,0B8WcbXogHvegY2s1LVJIX25MMzA,469921
cap - 403.PNG,0B8WcbXogHvegb0FWWkg0bG01Z2c,468542
cap - 404.PNG,0B8WcbXogHvegbXNuSEt5N0Zyckk,514103
cap - 405.PNG,0B8WcbXogHvegeUtZWWNWQ0NJLTg,483540
cap - 406.PNG,0B8WcbXogHvegYURNd3ZzR2RSdU0,449944
cap - 407.PNG,0B8WcbXogHvegMnpmU0thUzBKczA,443290
cap - 408.PNG,0B8WcbXogHvegZVJBYUNxN1FOV1E,395619
cap - 409.PNG,0B8WcbXogHvegenNvT2VCVElUZDg,389481
cap - 41.PNG,0B8WcbXogHvegXzdfNHNzZS1heEU,396572
cap - 410.PNG,0B8WcbXogHvegU3FYSzlKUWY0OEU,385311
cap - 411.PNG,0B8WcbXogHvegMkIwWTBSdUROYW8,364158
cap - 412.PNG,0B8WcbXogHvegSlFHWkdObl9kNkU,430490
cap - 413.PNG,0B8WcbXogHvegMW9zX1ViV1JUMnc,401661
cap - 414.PNG,0B8WcbXogHvegeEdHQm10ZnVBOTg,361658
cap - 415.PNG,0B8WcbXogHvegVm81RWpqRFpDX1k,347364
cap - 416.PNG,0B8WcbXogHvegNXp5Rml5eVEtS2s,405078
cap - 417.PNG,0B8WcbXogHvegQjROOVN0S002blU,388095
cap - 418.PNG,0B8WcbXogHvegb3BnYWUyY1ZHakk,379067
cap - 419.PNG,0B8WcbXogHvegWl9RSVhiSGJ4NEE,384016
cap - 42.PNG,0B8WcbXogHvegMjlvckJxdGtfWUk,425933
cap - 420.PNG,0B8WcbXogHvegbGtaSXhxdDhlNW8,400778
cap - 421.PNG,0B8WcbXogHvegenhRMExveFlyX28,394434
cap - 422.PNG,0B8WcbXogHvegZThZbmNBRXE2YjA,404825
cap - 423.PNG,0B8WcbXogHvegbFd0elVmMW1FT0k,374139
cap - 424.PNG,0B8WcbXogHvegMS1JbXFtQVNGOU0,320449
cap - 425.PNG,0B8WcbXogHvegSnVnRmlyNVJyODg,289224
cap - 426.PNG,0B8WcbXogHvegeDgyU09GVm1QY2c,252721
cap - 427.PNG,0B8WcbXogHvegMHhwOXFaMEV2QUk,259773
cap - 428.PNG,0B8WcbXogHvegeURYUEJUZmpFR3c,266512
cap - 429.PNG,0B8WcbXogHvegb1V5TnRUWWFmTVE,298823
cap - 43.PNG,0B8WcbXogHvegOG1NWFlOSkl3UDQ,425378
cap - 430.PNG,0B8WcbXogHvegUWRoZkVHTG5KZ1k,288732
cap - 431.PNG,0B8WcbXogHvegOVlFUTdPZEhzUDg,355696
cap - 432.PNG,0B8WcbXogHvegdU85VURXaE52MkU,390502
cap - 433.PNG,0B8WcbXogHvegbF9KdUhQM0VkYjQ,395939
cap - 434.PNG,0B8WcbXogHvegcG1oQXhWOUVJc1E,400995
cap - 435.PNG,0B8WcbXogHvegRVJjcVZYNmpLZ3c,405594
cap - 436.PNG,0B8WcbXogHvega3dCQWgxR2wwUlE,397604
cap - 437.PNG,0B8WcbXogHvegNkZXcTBobHVIems,369763
cap - 438.PNG,0B8WcbXogHvegNXRMUWQ1QXZicm8,381305
cap - 439.PNG,0B8WcbXogHvegN3lKNEZ3TG40NFk,403320
cap - 44.PNG,0B8WcbXogHvegWDZBcEliNVp4VFk,415410
cap - 440.PNG,0B8WcbXogHvegNU5aeTZNeUZsRkE,428938
cap - 441.PNG,0B8WcbXogHvegR2Z4ZFFEWm9KS2s,422912
cap - 442.PNG,0B8WcbXogHvegY3hsbEpIaV9IZlE,420400
cap - 443.PNG,0B8WcbXogHvegNkI5eHhac3Z2bzQ,414353
cap - 444.PNG,0B8WcbXogHvegbk9ycDVXT0htdnc,370697
cap - 445.PNG,0B8WcbXogHvegZmdBbjVLVksyOTg,268818
cap - 446.PNG,0B8WcbXogHvegXzd3MS1Nb2ZBaDg,293453
cap - 447.PNG,0B8WcbXogHvegSUxXNmlmaWZwMHM,310396
cap - 448.PNG,0B8WcbXogHvegblAzUm5RMWZGWkk,319689
cap - 449.PNG,0B8WcbXogHvegU2RkYzc2aXJ4cnM,310531
cap - 45.PNG,0B8WcbXogHvegSnR5eGNkcmdmMlU,448210
cap - 450.PNG,0B8WcbXogHvegeUdoMUd6T3lTX1E,282510
cap - 451.PNG,0B8WcbXogHvegN1BzUHMwVzZXYmc,306632
cap - 452.PNG,0B8WcbXogHvegZUJqbXlxS0lPbHc,297461
cap - 453.PNG,0B8WcbXogHvegUlp2enllbm5mUzA,308172
cap - 454.PNG,0B8WcbXogHvegeTdXbFp2YVZUdUk,327369
cap - 455.PNG,0B8WcbXogHvegUzN4R0ZVdUFPblE,334066
cap - 456.PNG,0B8WcbXogHvegS1JxblQ1RWJVY3M,334626
cap - 457.PNG,0B8WcbXogHvegN0lPMkpHREtobDQ,329610
cap - 458.PNG,0B8WcbXogHvega2dLejdyV2VVZzA,322673
cap - 459.PNG,0B8WcbXogHvegY0VGWW9RWS1RNHM,319605
cap - 46.PNG,0B8WcbXogHvegZUdSbGNTNjhxRkE,514566
cap - 460.PNG,0B8WcbXogHvegTlc0eFU4VlVRR1U,330134
cap - 461.PNG,0B8WcbXogHvegUW5mSjV6VDVKS00,312196
cap - 462.PNG,0B8WcbXogHvegWTA1bnE2OWc0RDA,308551
cap - 463.PNG,0B8WcbXogHvegRVdkUmFDLUx6Qzg,291494
cap - 464.PNG,0B8WcbXogHvegdVFlQVh1UWYtNGM,291962
cap - 465.PNG,0B8WcbXogHvegcnc2V0k5eS1wbDA,334993
cap - 466.PNG,0B8WcbXogHvegbjExNWkyY25ZQnc,350372
cap - 467.PNG,0B8WcbXogHvegdGJKbHluQzZFTXc,358991
cap - 468.PNG,0B8WcbXogHvegZlBVUWhnNzVhOFE,358132
cap - 469.PNG,0B8WcbXogHvegczB1dmJ1YXNCRjA,322848
cap - 47.PNG,0B8WcbXogHvegQmlvcUlBZmp1Rlk,495555
cap - 470.PNG,0B8WcbXogHvegUkp3Ym1mZ0xYdHM,298672
cap - 471.PNG,0B8WcbXogHvegR0hFb1ZneG1najQ,330782
cap - 472.PNG,0B8WcbXogHvegTVZmRXEzLUpnUlE,377095
cap - 473.PNG,0B8WcbXogHvegTmg0anl4a0h6Nkk,427438
cap - 474.PNG,0B8WcbXogHvegRXdTSDBIbms5Y0U,311645
cap - 475.PNG,0B8WcbXogHvegTklKVXJGQUttQk0,342952
cap - 476.PNG,0B8WcbXogHvegTklsMjFFUG5zbU0,383055
cap - 477.PNG,0B8WcbXogHvegZWdYbGh4UENJbkk,362205
cap - 478.PNG,0B8WcbXogHvegNW8yN2pqdXJzekU,361940
cap - 479.PNG,0B8WcbXogHvegbkhtTzFVVGNhMzA,330588
cap - 48.PNG,0B8WcbXogHvegTzlQaUwtYzM1U0E,494790
cap - 480.PNG,0B8WcbXogHvegQVNPaTJkcmhrdFk,376817
cap - 481.PNG,0B8WcbXogHveganRTbTNiMXJiUGM,383926
cap - 482.PNG,0B8WcbXogHvegM21aZ3VPa2tRVnM,422001
cap - 483.PNG,0B8WcbXogHvegWUdNcE1BTEZza2M,439156
cap - 484.PNG,0B8WcbXogHvegZndSdGVaUnNaMmM,437918
cap - 485.PNG,0B8WcbXogHvegZ1Q5Z1J0S2dyMzA,426153
cap - 486.PNG,0B8WcbXogHvegNXBnVW5VaEVpak0,413604
cap - 487.PNG,0B8WcbXogHvegRFUyd0lHQVR0MUE,397786
cap - 488.PNG,0B8WcbXogHvegQlpiZjJTbzQ1a0U,383889
cap - 489.PNG,0B8WcbXogHvegQjNIMzhDMDRRSlk,379375
cap - 49.PNG,0B8WcbXogHvegTzRaYjdiT2JxaDA,512031
cap - 490.PNG,0B8WcbXogHvegYUd4UEZGMlB1MTg,383338
cap - 491.PNG,0B8WcbXogHvegdy1GZGVDSWpCbEE,365945
cap - 492.PNG,0B8WcbXogHvegMk82RG9qWm5kdjA,395543
cap - 493.PNG,0B8WcbXogHvegd2gzaGhfdnhfYXM,402208
cap - 494.PNG,0B8WcbXogHvegTE8tM1k3WW5tazQ,400602
cap - 495.PNG,0B8WcbXogHvegdkhyLXFvdW9UaTQ,535334
cap - 496.PNG,0B8WcbXogHvegOUpCTGhFQ24yNFk,531722
cap - 497.PNG,0B8WcbXogHvegYWRKbk9uUC1tM00,539261
cap - 498.PNG,0B8WcbXogHvegU0lyZFZmdXlfdzQ,542504
cap - 499.PNG,0B8WcbXogHvegN3hzM3Q0V0NpVFE,548514
cap - 5.PNG,0B8WcbXogHvegZ2ZHOTh1X1NROGM,423722
cap - 50.PNG,0B8WcbXogHvegUFlkOE53R2U1eFE,418433
cap - 500.PNG,0B8WcbXogHvegTWJucUdjOU9YaDQ,539228
cap - 501.PNG,0B8WcbXogHvegRWNhNmFLRktpYms,541025
cap - 502.PNG,0B8WcbXogHvegaXIwMGxlanVuMlE,535798
cap - 503.PNG,0B8WcbXogHvegREtTY0psTG8wNFU,545883
cap - 504.PNG,0B8WcbXogHvegYWlGN3pBcklybUE,574767
cap - 505.PNG,0B8WcbXogHvegMkZLRWg0di15NjQ,567581
cap - 506.PNG,0B8WcbXogHvegZUI0V3NDcDBoeFE,565921
cap - 507.PNG,0B8WcbXogHvegaVRVX3FVR3lndTg,592314
cap - 508.PNG,0B8WcbXogHvegOWdLNE9mU2Ztckk,575296
cap - 509.PNG,0B8WcbXogHvegMFNKb1JMV0dmTDg,580407
cap - 51.PNG,0B8WcbXogHvegcUxnUzJaV3NXa2c,483388
cap - 510.PNG,0B8WcbXogHvegVTVDUjJXaFpWaUU,567589
cap - 511.PNG,0B8WcbXogHvegTExzS1JJMWQzalE,549674
cap - 512.PNG,0B8WcbXogHvegUlpEOHJjZDJxYUE,560548
cap - 513.PNG,0B8WcbXogHvegWXBvbUdmdmNYYTg,520652
cap - 514.PNG,0B8WcbXogHvegWkNDSkdzeGJEUlk,529962
cap - 515.PNG,0B8WcbXogHvegRFdiM25SNWRFTGM,549379
cap - 516.PNG,0B8WcbXogHvegWjZFS2h0Ym9TQnM,558209
cap - 517.PNG,0B8WcbXogHvegdFR1eU53WGRkVGM,514470
cap - 518.PNG,0B8WcbXogHvegQ29VVUNSVTRLT1U,530386
cap - 519.PNG,0B8WcbXogHvegMUxlM01lX3MtbHc,477835
cap - 52.PNG,0B8WcbXogHvegZzdNSWpzcUlaRVE,469581
cap - 520.PNG,0B8WcbXogHvegUC1aQ3BVdGR6NmM,450391
cap - 521.PNG,0B8WcbXogHvegUFlxMHVKd1RVNU0,514673
cap - 522.PNG,0B8WcbXogHvegQnpyVjVVdGhWMzA,505303
cap - 523.PNG,0B8WcbXogHvegWXk4TlhhNDlhY28,505169
cap - 524.PNG,0B8WcbXogHvegaDBESUlVV2o0ZkE,507606
cap - 525.PNG,0B8WcbXogHvegTkZLRVJ4SGFzNmM,509711
cap - 526.PNG,0B8WcbXogHvegdV94X3phbEVGaWs,501224
cap - 527.PNG,0B8WcbXogHvegZWdTdmNLbUptakU,528643
cap - 528.PNG,0B8WcbXogHvegZG5mQm4xeFh2dnc,548030
cap - 529.PNG,0B8WcbXogHvegWW9Jd214NVJhZHM,521718
cap - 53.PNG,0B8WcbXogHvegTXZHYlE5eXdsRTQ,402656
cap - 530.PNG,0B8WcbXogHvegNTM3VHJPcjhWNlU,530876
cap - 531.PNG,0B8WcbXogHvegb3h3dkZBT2gyU3c,514359
cap - 532.PNG,0B8WcbXogHvegbU44OThGdjJtX0E,513939
cap - 533.PNG,0B8WcbXogHvegTjhKbHkzUUlzNEE,518248
cap - 534.PNG,0B8WcbXogHvegVmxtcDd4cm5YT2s,507450
cap - 535.PNG,0B8WcbXogHvegbzJ0V1BnNng1SDA,526257
cap - 536.PNG,0B8WcbXogHvegRGl4X0YyRXpNb2s,488623
cap - 537.PNG,0B8WcbXogHvegeDN5N21rTzI4SjQ,439860
cap - 538.PNG,0B8WcbXogHvegRVFmcklGMXdTem8,458437
cap - 539.PNG,0B8WcbXogHvegRGdHQVE3UWVJTFU,485715
cap - 54.PNG,0B8WcbXogHvegZ19ncnZmRkxySDg,413354
cap - 540.PNG,0B8WcbXogHvegemdTMEJXVmozMU0,508574
cap - 541.PNG,0B8WcbXogHvegSXgyWjVucks5ODQ,511770
cap - 542.PNG,0B8WcbXogHvegaXkwTUJXWXRSUGs,529463
cap - 543.PNG,0B8WcbXogHvegR3BHRFNRVzV1eXc,518480
cap - 544.PNG,0B8WcbXogHvegOTRMZkRzUWFoMEE,533618
cap - 545.PNG,0B8WcbXogHvegdloxeWlvSktNTVE,520734
cap - 546.PNG,0B8WcbXogHvegQ0Joc29fX0xTNHc,473280
cap - 547.PNG,0B8WcbXogHvegYjlyMTlLTGFTWnM,483218
cap - 548.PNG,0B8WcbXogHvegRTZJNGttMEpseVk,488117
cap - 549.PNG,0B8WcbXogHvegMExZTUxzVXhaS0E,501434
cap - 55.PNG,0B8WcbXogHvegZk9Oa1lxY3Nqa0U,489132
cap - 550.PNG,0B8WcbXogHvegNFJUc0FobVQ0TGs,499738
cap - 551.PNG,0B8WcbXogHvegbEtWeGtoZGJrcTQ,487079
cap - 552.PNG,0B8WcbXogHvegLTJWVTVMNHBzNmc,485892
cap - 553.PNG,0B8WcbXogHvegRkk0bTNBeGdxZGc,410780
cap - 554.PNG,0B8WcbXogHvegZVFuSEZzYWdDZGM,405997
cap - 555.PNG,0B8WcbXogHvegVF9BWnpicUltYTA,405500
cap - 556.PNG,0B8WcbXogHvegRmJHaHZ2RHJETWc,406347
cap - 557.PNG,0B8WcbXogHvegSmUxa3NBazMwZ2M,404555
cap - 558.PNG,0B8WcbXogHvegOW5pWHRoYmVXNzA,439100
cap - 559.PNG,0B8WcbXogHvegVDNUZzA4TEd6QkE,451902
cap - 56.PNG,0B8WcbXogHvegNGNtR1VITU1RdlU,422058
cap - 560.PNG,0B8WcbXogHvegcVBfYWw0c1hYQnM,466857
cap - 561.PNG,0B8WcbXogHvegQ1VHTy0wMHRrd3M,479155
cap - 562.PNG,0B8WcbXogHvegUjY1dTRZNDZSdms,545023
cap - 563.PNG,0B8WcbXogHvegVjlPcmpvNk5wcDg,566534
cap - 564.PNG,0B8WcbXogHvegdUpuQktsNWpUVzQ,518064
cap - 565.PNG,0B8WcbXogHvegbnZ4VTFScWdHSHc,525896
cap - 566.PNG,0B8WcbXogHvegMXladGhtbUN4aDg,533952
cap - 567.PNG,0B8WcbXogHvegUUowU2tFUE5id2c,502089
cap - 568.PNG,0B8WcbXogHvegc0w5OEI4bk5aVjQ,509022
cap - 569.PNG,0B8WcbXogHvegd2VrTTNWNEx2ekE,486829
cap - 57.PNG,0B8WcbXogHvegZDJ0Y3NHNnNpQTQ,313522
cap - 570.PNG,0B8WcbXogHvegRlFINEdSYlJ2OW8,502226
cap - 571.PNG,0B8WcbXogHvegbTQtVlFjU2s5cVk,478357
cap - 572.PNG,0B8WcbXogHvegRzVVNzE3Y1ZLNUk,477603
cap - 573.PNG,0B8WcbXogHvegMmZCQmlVeHBJaUE,481213
cap - 574.PNG,0B8WcbXogHvegVjM4eFYtN3Z1MHM,480963
cap - 575.PNG,0B8WcbXogHvegOWRNZjlwSXd0WHM,453105
cap - 576.PNG,0B8WcbXogHvegdU16Nlp6OUZVWTA,482691
cap - 577.PNG,0B8WcbXogHvegSVFBYS1tMnFZOUU,494140
cap - 578.PNG,0B8WcbXogHvegX3RSX21FMXFWRlU,457132
cap - 579.PNG,0B8WcbXogHvegWGFyZDBtc2h5Q00,436298
cap - 58.PNG,0B8WcbXogHvegdmVYOUI2LWxkdFk,382918
cap - 580.PNG,0B8WcbXogHvegSnpmeVNOZ2l4NTA,372338
cap - 581.PNG,0B8WcbXogHvegTlFjR1puYTZrYzg,358677
cap - 582.PNG,0B8WcbXogHvegdXk3Qk5LcThpQ0U,370664
cap - 583.PNG,0B8WcbXogHvegRjMyc29BQzVzQkU,367990
cap - 584.PNG,0B8WcbXogHvegbG1BMzBuMmo4azQ,363711
cap - 585.PNG,0B8WcbXogHvegOFVQV2lyYmVHUU0,366264
cap - 586.PNG,0B8WcbXogHvegTWpXNE9nM0ZlRTg,376290
cap - 587.PNG,0B8WcbXogHvegMmhTR0pieGdYQ2c,419993
cap - 588.PNG,0B8WcbXogHvegeEhQOU9GV0llZlk,431629
cap - 589.PNG,0B8WcbXogHvegTnhKa25Tdm5KMWM,410890
cap - 59.PNG,0B8WcbXogHvegS1lDMWNLbWdRNnM,400543
cap - 590.PNG,0B8WcbXogHvegWVFINEJMTHRoRDg,416523
cap - 591.PNG,0B8WcbXogHvegZlVDaWZYWmxjOUE,415339
cap - 592.PNG,0B8WcbXogHvegc2hvRGViODAxdFE,408520
cap - 593.PNG,0B8WcbXogHvegVlo2RVdMZHU3Uk0,404279
cap - 594.PNG,0B8WcbXogHvegQ3MwWlBBRFQwUHc,277309
cap - 595.PNG,0B8WcbXogHvegUUZZNlVDUHpkdFU,302914
cap - 596.PNG,0B8WcbXogHvegNlE2S2t1ekR1akU,460820
cap - 597.PNG,0B8WcbXogHvegMWJLOEJ2SkVxem8,480602
cap - 598.PNG,0B8WcbXogHvegSlBXMk5wZGpJTWs,467221
cap - 599.PNG,0B8WcbXogHvegbm9lTEhxNFNFRlk,462452
cap - 6.PNG,0B8WcbXogHvegU0toUHFjQnZNZTA,364841
cap - 60.PNG,0B8WcbXogHvegbEowVi1CRlRHUmc,433696
cap - 600.PNG,0B8WcbXogHvegWTI2ZVI0T2xHTGs,463677
cap - 601.PNG,0B8WcbXogHvegeWRIU1l6MVYxWEE,463776
cap - 602.PNG,0B8WcbXogHvegZWgtZEVaNTE3clk,420862
cap - 603.PNG,0B8WcbXogHvegUzhrN29lcEJvOWM,453251
cap - 604.PNG,0B8WcbXogHvegNmVHX28ySjRvcEE,444612
cap - 605.PNG,0B8WcbXogHvegbW1rcEZTRUdaTTQ,459392
cap - 606.PNG,0B8WcbXogHvegRUIwQ2pTeUZIaHM,535159
cap - 607.PNG,0B8WcbXogHvegUFpKcFVzd3FURlU,535163
cap - 608.PNG,0B8WcbXogHvegYWkwQXkyVDk4aTQ,531063
cap - 609.PNG,0B8WcbXogHvegampIRWQwZW1RZjg,516008
cap - 61.PNG,0B8WcbXogHvegUy02NlFRRjJ6bDQ,411652
cap - 610.PNG,0B8WcbXogHvegVFZzazg4ZDFCN1E,517631
cap - 611.PNG,0B8WcbXogHvegdWZ0N1JHMTZGOXM,527612
cap - 612.PNG,0B8WcbXogHvegQVZQNWZiZ09SLWc,516031
cap - 613.PNG,0B8WcbXogHvegdjhBN3k3ZlY2SFU,515848
cap - 614.PNG,0B8WcbXogHvegSHh3enc4N2dKUGs,506641
cap - 615.PNG,0B8WcbXogHvegd0xIUE81Y0N1ZG8,543395
cap - 616.PNG,0B8WcbXogHvega3Jvd0ZyeHZOaGM,554701
cap - 617.PNG,0B8WcbXogHvegcjBraTFJd3FaX3c,532019
cap - 618.PNG,0B8WcbXogHvegTzZob2ZpNkR4Wmc,516333
cap - 619.PNG,0B8WcbXogHvegc0hlT3dxdTFPcnM,510954
cap - 62.PNG,0B8WcbXogHvegalE1S1hLbG1tVzA,395470
cap - 620.PNG,0B8WcbXogHvegZWpXV2FpeHdGLVU,515339
cap - 621.PNG,0B8WcbXogHvegQ3R5WkJhT19KZzQ,525825
cap - 622.PNG,0B8WcbXogHvegSEVRV1dqcUwwdTQ,638528
cap - 623.PNG,0B8WcbXogHvegelU2Z0JuS3JoLUE,669681
cap - 624.PNG,0B8WcbXogHvegT2ZkVWIwMkRtMlk,701617
cap - 625.PNG,0B8WcbXogHvegMGV6TWs1eU9WcDg,657853
cap - 626.PNG,0B8WcbXogHvegSjY0WHlyOEhyQlE,648254
cap - 627.PNG,0B8WcbXogHvegNWF6ZURXRGhVM1k,637089
cap - 628.PNG,0B8WcbXogHvegNDkzUl9FTjA5NE0,606411
cap - 629.PNG,0B8WcbXogHvegcnFWYXVZSE5XNTA,599397
cap - 63.PNG,0B8WcbXogHvegQUl1V2o1djNMelE,381946
cap - 630.PNG,0B8WcbXogHvegcWh3WUpWcV9OTms,621000
cap - 631.PNG,0B8WcbXogHvegb2VoVVVHdU41UUU,653914
cap - 632.PNG,0B8WcbXogHvegQzR3b3BncTEtZG8,673574
cap - 633.PNG,0B8WcbXogHvegaFhsOFcxWExQZXM,665601
cap - 634.PNG,0B8WcbXogHvegeEVvTlg3bDFpdDA,670470
cap - 635.PNG,0B8WcbXogHvegbnJHSFlVazRDYms,661415
cap - 636.PNG,0B8WcbXogHvegano4dEE2Uzd1OFU,711137
cap - 637.PNG,0B8WcbXogHvegRFlVTDRTdHhXd3M,687958
cap - 638.PNG,0B8WcbXogHvegNU95S2dnZFhSV2M,689757
cap - 639.PNG,0B8WcbXogHvegYnVXeDZER0J3UEE,678622
cap - 64.PNG,0B8WcbXogHvegQUhqOU9oUF9yT2s,390811
cap - 640.PNG,0B8WcbXogHvegM0pVSUlrLVhFNWs,697996
cap - 641.PNG,0B8WcbXogHvegU1o4U042LWdJdUU,699750
cap - 642.PNG,0B8WcbXogHvegaGYxNE1iaU0tWDg,694369
cap - 643.PNG,0B8WcbXogHvegTHZqTll3ZDE5dm8,557719
cap - 644.PNG,0B8WcbXogHvegNjkwanlaWlhhUE0,563182
cap - 645.PNG,0B8WcbXogHvegYlNkalVIZlZpZUk,581786
cap - 646.PNG,0B8WcbXogHvegTzdQYnl4Z1hUU0k,578132
cap - 647.PNG,0B8WcbXogHvegNktTbjJnV25ZM3c,565844
cap - 648.PNG,0B8WcbXogHvegRWRfaVN4RE1mR0k,572609
cap - 649.PNG,0B8WcbXogHvegZWFMNHJRVVdOU1E,525378
cap - 65.PNG,0B8WcbXogHvegOC16UlBqVGp3OWs,430213
cap - 650.PNG,0B8WcbXogHvegNXJMX2Q5R2FUYW8,533290
cap - 651.PNG,0B8WcbXogHvegT2ZnaGloOFEwb1E,513397
cap - 652.PNG,0B8WcbXogHvegSkpselNVOG9Zb3M,698413
cap - 653.PNG,0B8WcbXogHvegN3A4RUxEYUZSV1k,688580
cap - 654.PNG,0B8WcbXogHvegSDg0eTI1RUZLeWs,482887
cap - 655.PNG,0B8WcbXogHvegdG8xNUlIcHVUMms,515244
cap - 656.PNG,0B8WcbXogHvegM0UwZzJScktDVjg,420650
cap - 657.PNG,0B8WcbXogHvegOVdjQXhhNjA5U0U,447183
cap - 658.PNG,0B8WcbXogHvegUVd5MHlzSHpfVnc,390867
cap - 659.PNG,0B8WcbXogHvegOUdoM2FPME4tMGc,734248
cap - 66.PNG,0B8WcbXogHvegV3FrN1kyUVhOQUk,434708
cap - 660.PNG,0B8WcbXogHvegalRmUFRzTGJ0M00,746684
cap - 661.PNG,0B8WcbXogHvegWl9VazNqekZraVU,722223
cap - 662.PNG,0B8WcbXogHvegT3E4aTBTMmtZWkk,744158
cap - 663.PNG,0B8WcbXogHvegWEg1LXJUTUphNjg,751486
cap - 664.PNG,0B8WcbXogHvegNTRTMDN2bElhZEU,769137
cap - 665.PNG,0B8WcbXogHvegdG5CWnhQMlRUNUU,760558
cap - 666.PNG,0B8WcbXogHvegSUktUHZoWWhRcGs,754829
cap - 667.PNG,0B8WcbXogHvegU1pMZHFJMG5ESkU,731944
cap - 668.PNG,0B8WcbXogHvegM0U1ZlU4WmV4ZkU,699379
cap - 669.PNG,0B8WcbXogHvegXzFHVFdkWHhFbHc,757184
cap - 67.PNG,0B8WcbXogHvegbFhLWFRKU2IzS3M,439802
cap - 670.PNG,0B8WcbXogHvegSHNaSGpnLUZlQ28,584296
cap - 671.PNG,0B8WcbXogHvegZUJTUmx0MFdNNlU,600282
cap - 672.PNG,0B8WcbXogHveganBtRTdrLUx1eFE,549259
cap - 673.PNG,0B8WcbXogHvegRGZxSEczMHlqQzg,598496
cap - 674.PNG,0B8WcbXogHvegY2JxVm9OTV9mSDg,657065
cap - 675.PNG,0B8WcbXogHvegbnlnMkFYWEsyMW8,686089
cap - 676.PNG,0B8WcbXogHvegdWo0UUZVdWFfMFE,608406
cap - 677.PNG,0B8WcbXogHvegT3ByX09pakJzVjQ,666117
cap - 678.PNG,0B8WcbXogHvegS1F6LTB6Y0d0YTA,657535
cap - 679.PNG,0B8WcbXogHvegb3lkcWRIZ2k5VWM,639726
cap - 68.PNG,0B8WcbXogHvegb3M5MXhnZ3lMcWc,410460
cap - 680.PNG,0B8WcbXogHvegVFdpUWRrT180cnM,704194
cap - 681.PNG,0B8WcbXogHvegUTJKVlNySGFlcWc,670159
cap - 682.PNG,0B8WcbXogHvegbEh6OXdDSDFpWUE,652388
cap - 683.PNG,0B8WcbXogHvegOEJoZkwxZXlRanc,687903
cap - 684.PNG,0B8WcbXogHvegMjRPd1JENS1QVkE,672928
cap - 685.PNG,0B8WcbXogHvegMkZRWHZBck1UcEU,713285
cap - 686.PNG,0B8WcbXogHvegdjl5Wmp4UXJ5Q1U,687696
cap - 687.PNG,0B8WcbXogHvegYnFPS3lERHZWZ00,673618
cap - 688.PNG,0B8WcbXogHvegek5TTUJYNDljQlU,656881
cap - 689.PNG,0B8WcbXogHvegNTYtV3NlM0tqUm8,642017
cap - 69.PNG,0B8WcbXogHvegcE1obUFqeWx2eW8,374568
cap - 690.PNG,0B8WcbXogHvegOE9YY2JFMWt0Q0E,603375
cap - 691.PNG,0B8WcbXogHvegaV9HWGExR1lSSnc,584369
cap - 692.PNG,0B8WcbXogHvegVTVUZ1lNRVkwX3c,594365
cap - 693.PNG,0B8WcbXogHvegU2lOVUEyUEg3c0k,568116
cap - 694.PNG,0B8WcbXogHvegOTE4d0RsUjlHME0,544950
cap - 695.PNG,0B8WcbXogHvegaTNRaGN6d3pZdUU,517707
cap - 696.PNG,0B8WcbXogHvegX2pDV1J2NS0yaU0,437172
cap - 697.PNG,0B8WcbXogHvegWVNUbmI5ZGVfRGM,478286
cap - 698.PNG,0B8WcbXogHvegdU5EaEUtenVNdTQ,525257
cap - 699.PNG,0B8WcbXogHvegNXJQNFNoaGZzOEk,554974
cap - 7.PNG,0B8WcbXogHvegLVdaSzhjcHE5R1E,396990
cap - 70.PNG,0B8WcbXogHvegcjlfMXpmMDJiS2M,377368
cap - 700.PNG,0B8WcbXogHvega2dQeFItUi1jSlU,570509
cap - 701.PNG,0B8WcbXogHvegMDN0emNRY1pGT0U,570286
cap - 702.PNG,0B8WcbXogHvegVVl0U0FRc2xDM1U,567088
cap - 703.PNG,0B8WcbXogHvegY3lhTmtGaGctYzg,564793
cap - 704.PNG,0B8WcbXogHvega0xiX1RBNWJnNGs,561192
cap - 705.PNG,0B8WcbXogHvegVDhIdWhCcGhmLWc,762859
cap - 706.PNG,0B8WcbXogHvegTHVoZHAtVHJSTkk,762414
cap - 707.PNG,0B8WcbXogHvegS3I3RGRJYk1mN3c,828049
cap - 708.PNG,0B8WcbXogHvegaDY3Q0phOGVaUDg,767934
cap - 709.PNG,0B8WcbXogHvegRUNYdlRWb2sxSmc,764018
cap - 71.PNG,0B8WcbXogHvegWFh2TnFscEw4MFk,351954
cap - 710.PNG,0B8WcbXogHvegTnE5OFVwZlhJU1k,763440
cap - 711.PNG,0B8WcbXogHvegSmlySGgzTXJLd3c,778953
cap - 712.PNG,0B8WcbXogHvegMFBVcTJ3WXd5VGc,769629
cap - 713.PNG,0B8WcbXogHvegSHpFYkd2dzNjeUE,774391
cap - 714.PNG,0B8WcbXogHvegMnJiYm9EWWQtNXc,768258
cap - 715.PNG,0B8WcbXogHvegaEJnNWlxeWFsazQ,772835
cap - 716.PNG,0B8WcbXogHvegUGw3S1U0Y1VaVFk,768888
cap - 717.PNG,0B8WcbXogHvegRlVLeXl0LXcxYVE,811794
cap - 718.PNG,0B8WcbXogHvegMDBJZlp6Z3U4UzA,770870
cap - 719.PNG,0B8WcbXogHvegNWhHWndGb1pXS1U,777278
cap - 72.PNG,0B8WcbXogHvegcktOQUNWaW5ocUU,349066
cap - 720.PNG,0B8WcbXogHvegdnRkbFQ3RGI3SWc,810727
cap - 721.PNG,0B8WcbXogHvegUTA2eDFmQmR1dDg,774852
cap - 722.PNG,0B8WcbXogHvegTF83NFpQcmtLTEE,791203
cap - 723.PNG,0B8WcbXogHvegbDEwVmM3bVNxV28,759569
cap - 724.PNG,0B8WcbXogHvegeEYzTlZEUHhxMTg,808066
cap - 725.PNG,0B8WcbXogHvegSUNNNlVyNEREeE0,794875
cap - 726.PNG,0B8WcbXogHvegOEYwYmlMQUREN2s,573242
cap - 727.PNG,0B8WcbXogHvegQ1RRX0YtSnh2U2s,620518
cap - 728.PNG,0B8WcbXogHvegWGxkYktRdWFleTA,608763
cap - 729.PNG,0B8WcbXogHvegV1BZZG9VLUF6eXM,454898
cap - 73.PNG,0B8WcbXogHvegOEFhZnloeUhfbE0,365692
cap - 730.PNG,0B8WcbXogHvegUXBvREtnRy1hNEU,435352
cap - 731.PNG,0B8WcbXogHvegSTlyeVRmWjBaaWs,446924
cap - 732.PNG,0B8WcbXogHvegTHE0c0o2bFZLb3M,445863
cap - 733.PNG,0B8WcbXogHvegajM1NjMyWVFmelk,452315
cap - 734.PNG,0B8WcbXogHvegaGFrSmNYclhmcmc,535962
cap - 735.PNG,0B8WcbXogHvegVHBPc2w2U256c1U,557779
cap - 736.PNG,0B8WcbXogHvegekJaV05hMWJaSkk,578310
cap - 737.PNG,0B8WcbXogHvegRV9BTE5CUWtpQkU,591173
cap - 738.PNG,0B8WcbXogHvegRmxwNTBoeTlINXc,636085
cap - 739.PNG,0B8WcbXogHvegaE8xeEpxZkJOX2s,592754
cap - 74.PNG,0B8WcbXogHvegZHoxRGdteTNsaEE,451539
cap - 740.PNG,0B8WcbXogHvegODBUNGFMd0dPU1U,555995
cap - 741.PNG,0B8WcbXogHvegS3lZZlc1MVJmR0E,544663
cap - 742.PNG,0B8WcbXogHvegbXVmMXVpd2NWZE0,504999
cap - 743.PNG,0B8WcbXogHvegejF3enJtaWRkam8,456399
cap - 744.PNG,0B8WcbXogHvegeEVuek43RXlzVVE,587273
cap - 745.PNG,0B8WcbXogHvegek1PV1RQQmZXOEU,597530
cap - 746.PNG,0B8WcbXogHvegclJlSHd6dU1SM0U,609569
cap - 747.PNG,0B8WcbXogHvegSUMtUFRYZTlJNDQ,606170
cap - 748.PNG,0B8WcbXogHvegWTRDaGtFRHBfMVE,599418
cap - 749.PNG,0B8WcbXogHvegT1hHMUZTRkgzYWs,579806
cap - 75.PNG,0B8WcbXogHvegSlQ2TENxUjBzelk,356715
cap - 750.PNG,0B8WcbXogHvegb0Z1dGFPaEIxLWc,577099
cap - 751.PNG,0B8WcbXogHvegQnFFejJrajJlajg,583870
cap - 752.PNG,0B8WcbXogHvegc0lGR0JLLWx5TnM,581298
cap - 753.PNG,0B8WcbXogHvegOGN2ZDhVeVVaOWc,569757
cap - 754.PNG,0B8WcbXogHvegSG91MTVybGdIaEk,564894
cap - 755.PNG,0B8WcbXogHvegcXZxdWZ6SnhZR2c,560765
cap - 756.PNG,0B8WcbXogHvegSFNkNmVDWFRDTVE,543592
cap - 757.PNG,0B8WcbXogHvegRUswLWJiSmlPbEU,576776
cap - 758.PNG,0B8WcbXogHvega3ZBWXhWM3J3dms,591394
cap - 759.PNG,0B8WcbXogHvegWmstNjZDaUd0M28,601031
cap - 76.PNG,0B8WcbXogHvegZHF6NEMwbjZ0emc,381961
cap - 760.PNG,0B8WcbXogHvegS05yQVZtcWUtdnc,587382
cap - 761.PNG,0B8WcbXogHvegUXRIcmg4WG1ONU0,617739
cap - 762.PNG,0B8WcbXogHvegWlBsam93M0lIbTA,697894
cap - 763.PNG,0B8WcbXogHvegSmxKVHNmamFZc1k,573694
cap - 764.PNG,0B8WcbXogHvegMnQ5VkkxcnNQaFU,578512
cap - 765.PNG,0B8WcbXogHvegVXFFeldCT1VyTFU,604150
cap - 766.PNG,0B8WcbXogHvegZ3pXY0lvRmdwdms,634785
cap - 767.PNG,0B8WcbXogHvegaG5DVHM1R0F0YjA,630615
cap - 768.PNG,0B8WcbXogHvegMHhPUDBTSEZORFU,623867
cap - 769.PNG,0B8WcbXogHvegdi0ySUFNSzhHTjg,622735
cap - 77.PNG,0B8WcbXogHvegV1VoYVBFcXVLT0E,396758
cap - 770.PNG,0B8WcbXogHvegRjE3cjVNQlRBUzQ,658016
cap - 771.PNG,0B8WcbXogHvegOGYweTFaT192Vmc,638070
cap - 772.PNG,0B8WcbXogHvegQUZKYm9iN09LbWs,629411
cap - 773.PNG,0B8WcbXogHvegcWZPdDBESk9vc1E,628401
cap - 774.PNG,0B8WcbXogHvegeVFHQWV5RnNwX0U,615179
cap - 775.PNG,0B8WcbXogHvegY3RIQV9MSmI5RUk,589130
cap - 776.PNG,0B8WcbXogHvegNHcxbHZHQlFGNkk,585649
cap - 777.PNG,0B8WcbXogHvegMDVMSzRiVzh4UWs,603027
cap - 778.PNG,0B8WcbXogHvegWGFGWHgyNlpDWEU,623752
cap - 779.PNG,0B8WcbXogHvegNDhUeS1PajBPQzA,627729
cap - 78.PNG,0B8WcbXogHvegYngtcUs2ZndnMmM,529811
cap - 780.PNG,0B8WcbXogHvegYl9lM1VrZ0RYTXc,597465
cap - 781.PNG,0B8WcbXogHvegQ2g1YTN3a2NIQnM,610688
cap - 782.PNG,0B8WcbXogHvegWmEwWkhGWHA2UGc,663705
cap - 783.PNG,0B8WcbXogHvegelF0SlM3QkJNNm8,649219
cap - 784.PNG,0B8WcbXogHvegSmtvaFRqNjI1aE0,622439
cap - 785.PNG,0B8WcbXogHvegenVYRWxFWG9Vc2s,591191
cap - 786.PNG,0B8WcbXogHvegVkh5V0dVZTY4Vms,601179
cap - 787.PNG,0B8WcbXogHvegNS1ocFFMU1NHMHM,613825
cap - 788.PNG,0B8WcbXogHvegalFnS0RDdVpwMlE,621863
cap - 789.PNG,0B8WcbXogHvegMi1kS0ZQMWdtdlE,611802
cap - 79.PNG,0B8WcbXogHvegZktmakxhMWx4QVE,502087
cap - 790.PNG,0B8WcbXogHvegbHd6RTIzUUVJUmM,613015
cap - 791.PNG,0B8WcbXogHvegZGJJNFJEcU9CMWc,630861
cap - 792.PNG,0B8WcbXogHvegaDhGTlNhRzRKYWs,606380
cap - 793.PNG,0B8WcbXogHvegVmtOSThYU0ptak0,618579
cap - 794.PNG,0B8WcbXogHvegdTZmcFRLZkdFdnc,643067
cap - 795.PNG,0B8WcbXogHvegSnlXUVc1Vk50VWc,629141
cap - 796.PNG,0B8WcbXogHvegMjZmOWFQYnMzSG8,633875
cap - 797.PNG,0B8WcbXogHvegT3BPLWNST3ZtbEE,624936
cap - 798.PNG,0B8WcbXogHvegbDFoMTlrcVF5ek0,646125
cap - 799.PNG,0B8WcbXogHvegSlFtcTlOUnlWOUE,649002
cap - 8.PNG,0B8WcbXogHvegM0NCTDVRLTh5VTA,395145
cap - 80.PNG,0B8WcbXogHvegYmxHZnloN0FzVUU,487165
cap - 800.PNG,0B8WcbXogHvegNHRCN2l4ZDRTQUk,652116
cap - 801.PNG,0B8WcbXogHvegRVI5bHdrMnJGSGc,650877
cap - 802.PNG,0B8WcbXogHvegU0JHME44LWNaa0k,475024
cap - 803.PNG,0B8WcbXogHvegWUpHdk5mWEZib3M,564413
cap - 804.PNG,0B8WcbXogHvegczhLMEE0b3NNdXM,534030
cap - 805.PNG,0B8WcbXogHvegeGpYaDdZYl9oc1E,538450
cap - 806.PNG,0B8WcbXogHvegWk5remZnUkhCSUU,510076
cap - 807.PNG,0B8WcbXogHvegYmlEeHBqV0E4OFk,498258
cap - 808.PNG,0B8WcbXogHvegV2VXLW4wTF9XMFU,532414
cap - 809.PNG,0B8WcbXogHvegbi13RDFEZVhFYkE,534769
cap - 81.PNG,0B8WcbXogHvegams1MW52b1BZX3M,512563
cap - 810.PNG,0B8WcbXogHvegeTEyeTl3R0RiUTg,546407
cap - 811.PNG,0B8WcbXogHvegN1JWZURqQ0lfUTg,563909
cap - 812.PNG,0B8WcbXogHvegaXc3N3hmbUVrdUU,558822
cap - 813.PNG,0B8WcbXogHvegWDN6Q081LXpRUTA,529297
cap - 814.PNG,0B8WcbXogHvegdl81NnJxclI1b2s,535103
cap - 815.PNG,0B8WcbXogHvegRFdCclJLckE4bWc,501822
cap - 816.PNG,0B8WcbXogHvegYW9xY2hjaWYzajQ,478513
cap - 817.PNG,0B8WcbXogHvegbnhra09ocmJZSk0,455419
cap - 818.PNG,0B8WcbXogHvegb2xocVZwQl96TVU,431424
cap - 819.PNG,0B8WcbXogHvegbGRHZlhHZmJzUmc,412762
cap - 82.PNG,0B8WcbXogHvegWDIzREI2cVl4UjA,487156
cap - 820.PNG,0B8WcbXogHvegU2JGNV90X2NfRlE,378130
cap - 821.PNG,0B8WcbXogHvegNENva2xTdVYzbDg,356074
cap - 822.PNG,0B8WcbXogHvegdkVSQi13bzN1T0U,420750
cap - 823.PNG,0B8WcbXogHvegTmVtR1lxQTlIR1k,480981
cap - 824.PNG,0B8WcbXogHvegRC1kRmJ5eVQ1ZnM,470554
cap - 825.PNG,0B8WcbXogHvegYkUwMzRmeThDTXc,470591
cap - 826.PNG,0B8WcbXogHvegdFdsN0FLY2p5bFE,486330
cap - 827.PNG,0B8WcbXogHvegQklLaVRRZFNTWTQ,449428
cap - 828.PNG,0B8WcbXogHvegV3FWSlYtNFFpMnM,463422
cap - 829.PNG,0B8WcbXogHvegTnRPVEJzUG5HVGs,445869
cap - 83.PNG,0B8WcbXogHvegbDBQZlozVHhQVm8,439749
cap - 830.PNG,0B8WcbXogHvegRmEySU94YTY2Nkk,450959
cap - 831.PNG,0B8WcbXogHvegNXY3TmdXZmlGR2c,463130
cap - 832.PNG,0B8WcbXogHvegU1FrTWtNTDRWRHM,480363
cap - 833.PNG,0B8WcbXogHvegM2ZyUFNwOFlaeTA,442851
cap - 834.PNG,0B8WcbXogHvegb1pNc3R0d3p6ekU,431712
cap - 835.PNG,0B8WcbXogHvegM1hLR0tMUTkyaGM,437947
cap - 836.PNG,0B8WcbXogHvegYmhuZG9TNGZCRkE,480198
cap - 837.PNG,0B8WcbXogHvegYXJPcm8tSG9LLW8,452345
cap - 838.PNG,0B8WcbXogHvegLUExTGRBTEtheHM,501379
cap - 839.PNG,0B8WcbXogHvegTVVFY1ZKVWZ2UWs,452456
cap - 84.PNG,0B8WcbXogHvegVE14Vm1vQjhrZ0k,434243
cap - 840.PNG,0B8WcbXogHvegTWF5Uy1meEgweEU,427421
cap - 841.PNG,0B8WcbXogHvegejZBMlBWUVZuanc,407131
cap - 842.PNG,0B8WcbXogHvegbWdjZnp0enNDWjA,413054
cap - 843.PNG,0B8WcbXogHvegN2RLMGEyWThib0U,406725
cap - 844.PNG,0B8WcbXogHvegbDByQVA3UFNUWkk,407372
cap - 845.PNG,0B8WcbXogHvegX1dIZGlzMllodFE,413818
cap - 846.PNG,0B8WcbXogHvegak1YandQZ0ZQQ2c,409629
cap - 847.PNG,0B8WcbXogHvegQzFPTU1MS1N6dnM,437548
cap - 848.PNG,0B8WcbXogHvegUXBfUUlGUFh6VVE,466699
cap - 849.PNG,0B8WcbXogHvegOXF5d1VyYTh5RmM,445397
cap - 85.PNG,0B8WcbXogHvegV1FZNTdFTnl2OTg,421885
cap - 850.PNG,0B8WcbXogHvegLV8xMW5ucmtNVzA,472283
cap - 851.PNG,0B8WcbXogHvegZ0VIb2gxeHV2bHM,500787
cap - 852.PNG,0B8WcbXogHvegQXZ2Z2dxM1BraW8,498201
cap - 853.PNG,0B8WcbXogHvegR3dhVHlEblBXTmc,501281
cap - 854.PNG,0B8WcbXogHvegZjNHcFdGd090NjA,496421
cap - 855.PNG,0B8WcbXogHvegY2JqRVJwQjAyYjQ,466024
cap - 856.PNG,0B8WcbXogHvegX3ZWcnpUWGtvOTQ,416204
cap - 857.PNG,0B8WcbXogHvegZkRlWFBSVEExTWc,410245
cap - 858.PNG,0B8WcbXogHvegRTRsT2lqRzRwc28,406703
cap - 859.PNG,0B8WcbXogHvegOFlNNExFaHJYTEE,585375
cap - 86.PNG,0B8WcbXogHvegSE9RVVpfWHBDTDg,414899
cap - 860.PNG,0B8WcbXogHvegWll1R2l4VS1pd0k,587561
cap - 861.PNG,0B8WcbXogHvegTXFRejNlRmNrMkk,586563
cap - 862.PNG,0B8WcbXogHvegOUV1QkJmem05STg,581720
cap - 863.PNG,0B8WcbXogHvegT2RrblY1OXRScGc,603571
cap - 864.PNG,0B8WcbXogHvegYzdhNEo1X0h0amc,590668
cap - 865.PNG,0B8WcbXogHvegWEJBVkxuTl9wRVU,587220
cap - 866.PNG,0B8WcbXogHvegMVduWFc5MERzSXc,568307
cap - 867.PNG,0B8WcbXogHvegcmw5ZC05ZTdVVFE,579875
cap - 868.PNG,0B8WcbXogHvegRFBaWFZ6QjN3MUU,614558
cap - 869.PNG,0B8WcbXogHvegeHNGS2dkUTNmZXc,596155
cap - 87.PNG,0B8WcbXogHvegQ1NzODF4LTN6M1E,431271
cap - 870.PNG,0B8WcbXogHvegM1JjT05DaWNpbk0,573870
cap - 871.PNG,0B8WcbXogHvegYXZXeEVKRElwQmM,603234
cap - 872.PNG,0B8WcbXogHvegNXpfQmRhLW04SzQ,596190
cap - 873.PNG,0B8WcbXogHvegSkVMVk9EUV9aZlE,597918
cap - 874.PNG,0B8WcbXogHvegZW1lSWFWUVdMQU0,690232
cap - 875.PNG,0B8WcbXogHvegblZqbVg1Vm1nQlk,670653
cap - 876.PNG,0B8WcbXogHvegdUNPRklZX1drZUE,673068
cap - 877.PNG,0B8WcbXogHvegMGFOOFRSVVBxT00,591381
cap - 878.PNG,0B8WcbXogHvegUWJjQWR0OG9NSnM,524848
cap - 879.PNG,0B8WcbXogHvegZlhZNXdRSTU5YUE,581968
cap - 88.PNG,0B8WcbXogHvegUzY0SUdCMmhRQWM,437483
cap - 880.PNG,0B8WcbXogHvegdlRHcGVQVWVpek0,588545
cap - 881.PNG,0B8WcbXogHvegRDdSR0NxM1oyd1U,580035
cap - 882.PNG,0B8WcbXogHvegNm5MalRKR1ctVEk,570928
cap - 883.PNG,0B8WcbXogHvegbkxkTHVNMERNWms,560898
cap - 884.PNG,0B8WcbXogHvegZ29VMXJzMXp5LXc,566245
cap - 885.PNG,0B8WcbXogHvegelNvaVRzQTh2eHc,779227
cap - 886.PNG,0B8WcbXogHvegdkVkeHJ4bXhfVm8,804166
cap - 887.PNG,0B8WcbXogHvegdUt1OW5feDQxX1E,813380
cap - 888.PNG,0B8WcbXogHvegNGFiVFZ3S3NGZHM,796660
cap - 889.PNG,0B8WcbXogHvegbU05VVE2TVYtcE0,816630
cap - 89.PNG,0B8WcbXogHvegd3VETGJuaHkyUE0,404185
cap - 890.PNG,0B8WcbXogHvegQ3cxdjIyY3hOTHM,813858
cap - 891.PNG,0B8WcbXogHvegNHBvVEhFbXFBVGs,733502
cap - 892.PNG,0B8WcbXogHvegMGJXbWZsWFhyVkU,724685
cap - 893.PNG,0B8WcbXogHvegYkhNWXB5a3NmLWc,701380
cap - 894.PNG,0B8WcbXogHvegOVVDb3pJNFlXNlE,693061
cap - 895.PNG,0B8WcbXogHvegQkhtQUMtWFh2dE0,757435
cap - 896.PNG,0B8WcbXogHvegbTU2bnJna1dGS0U,785125
cap - 897.PNG,0B8WcbXogHvegLTZTNVptUXJqX3c,802900
cap - 898.PNG,0B8WcbXogHvegc09KV3FkRzQ4SXc,797164
cap - 899.PNG,0B8WcbXogHvegNlVjQTZDRTh4aXc,812916
cap - 9.PNG,0B8WcbXogHvegaGxaWXBwX3B6TGs,402724
cap - 90.PNG,0B8WcbXogHvegY1ZIZEk3U3kwZnc,390912
cap - 900.PNG,0B8WcbXogHvegQzNzWjh6NlJMQXc,789445
cap - 901.PNG,0B8WcbXogHvegbTdkcERGVlI4dTQ,779942
cap - 902.PNG,0B8WcbXogHvegWWxHOW94cHlBMkU,780350
cap - 903.PNG,0B8WcbXogHvegeGQzU1psS1MyWGs,794274
cap - 904.PNG,0B8WcbXogHvegRUZiWWR1bFNnOHM,792455
cap - 905.PNG,0B8WcbXogHvegYmRHMjR3OXVLTTg,796193
cap - 906.PNG,0B8WcbXogHvegbXQzekpsVjZBUnc,798860
cap - 907.PNG,0B8WcbXogHvegTVJOMjNfY0x1d1U,798645
cap - 908.PNG,0B8WcbXogHvegQm9nenktelRWZ0U,792806
cap - 909.PNG,0B8WcbXogHvegTW55SnJqY2pVN3c,793046
cap - 91.PNG,0B8WcbXogHvegOTMtN0I3WUtJdVk,405419
cap - 910.PNG,0B8WcbXogHvegMUdIdFVtenF3Qms,797554
cap - 911.PNG,0B8WcbXogHvegTnZ6bVc0eVh5a28,781998
cap - 912.PNG,0B8WcbXogHvegVGlDYmtjVkIxU0E,790510
cap - 913.PNG,0B8WcbXogHvegakRUTWEyaHpfOUU,754600
cap - 914.PNG,0B8WcbXogHvega0FLZDlEZ1Rnc1k,743259
cap - 915.PNG,0B8WcbXogHvegbU1ERjY4OVhqTkU,769482
cap - 916.PNG,0B8WcbXogHvegVmVYYkkwUG13SDg,749676
cap - 917.PNG,0B8WcbXogHvegcHQyS3BKWkVxNVk,734395
cap - 918.PNG,0B8WcbXogHvegZmRGTGZINjJZTXM,762446
cap - 919.PNG,0B8WcbXogHvegMTY5cGFWVDRYbEk,681938
cap - 92.PNG,0B8WcbXogHvegWWtmU09pdC1pWm8,375434
cap - 920.PNG,0B8WcbXogHvegUXFjam5qbnFVbTQ,694565
cap - 921.PNG,0B8WcbXogHvegbWQ4T05UT1UzWUk,694040
cap - 922.PNG,0B8WcbXogHvegU2tJTG5yQjhaY3c,699862
cap - 923.PNG,0B8WcbXogHvegQ2ttRVZRTkVfTXM,702176
cap - 924.PNG,0B8WcbXogHvegMFVtVmNIazI1X2M,681589
cap - 925.PNG,0B8WcbXogHvegR1dSMjV3YzFSQnM,681314
cap - 926.PNG,0B8WcbXogHvegQ0NqTmNPMXhQMHc,675694
cap - 927.PNG,0B8WcbXogHvegUk1VZ3NHR25HSEU,686795
cap - 928.PNG,0B8WcbXogHvegWnVXcUdjWmdWekE,687647
cap - 929.PNG,0B8WcbXogHvegSG1pRnlKb1FPZ0U,708732
cap - 93.PNG,0B8WcbXogHvegQVl5QmVXX1Z3UEk,582631
cap - 930.PNG,0B8WcbXogHvegUXRrUE1Zd2MzVFU,750485
cap - 931.PNG,0B8WcbXogHvegbG5JTTBSREZwMGM,608568
cap - 932.PNG,0B8WcbXogHvegcVZSVEVYNHU2bEU,578671
cap - 933.PNG,0B8WcbXogHvegUnRpLXA4V2NVdUU,589902
cap - 934.PNG,0B8WcbXogHvegRV9feTRjSkhJdlk,610261
cap - 935.PNG,0B8WcbXogHvegY2J3S1N6SzA1YTA,592123
cap - 936.PNG,0B8WcbXogHvegNm1SYVN0UXVwRDQ,688591
cap - 937.PNG,0B8WcbXogHvegOEFuSm5GR0FsQ0k,703517
cap - 938.PNG,0B8WcbXogHvegbFp0b2lFVnI2dmM,719303
cap - 939.PNG,0B8WcbXogHvegeFNrNklUSHY4cmc,720170
cap - 94.PNG,0B8WcbXogHvegdU0xS013em9weTA,582640
cap - 940.PNG,0B8WcbXogHvegMk5aYWNfWXFaWDQ,724982
cap - 941.PNG,0B8WcbXogHvegeDFHOFBqZURPaWc,713320
cap - 942.PNG,0B8WcbXogHvegMm9sdEVzV1lxTjQ,709855
cap - 943.PNG,0B8WcbXogHvegRWo4TmpfcVg5VDg,711513
cap - 944.PNG,0B8WcbXogHvegU3FoU3E0OVpaWUE,691235
cap - 945.PNG,0B8WcbXogHvegOUcya1RDS2FibWc,727685
cap - 946.PNG,0B8WcbXogHvegc3NPbEkxV0FwdWM,654254
cap - 947.PNG,0B8WcbXogHvegOUF1Z3AtNjlQQ00,662271
cap - 948.PNG,0B8WcbXogHvegOVFGRWxmeFJIRmc,647971
cap - 949.PNG,0B8WcbXogHvegWkVlamJuV2RkcUk,645291
cap - 95.PNG,0B8WcbXogHvegMmpnanNTMWNNS1E,557423
cap - 950.PNG,0B8WcbXogHvegaktlQlhjTlNZTHM,636850
cap - 951.PNG,0B8WcbXogHvegNjJTYW00aVdYRUU,664592
cap - 952.PNG,0B8WcbXogHvegOTRQcHIzVHhNWVE,690336
cap - 953.PNG,0B8WcbXogHvegZlhNWUp5N2NkZ28,588494
cap - 954.PNG,0B8WcbXogHvegbzNteldWSXU3ckE,590918
cap - 955.PNG,0B8WcbXogHvegUE41OUlNU29EMEk,458053
cap - 956.PNG,0B8WcbXogHvegWXRWU1NKQkRaekk,468967
cap - 957.PNG,0B8WcbXogHvegdEJqOHZpTVVhMkE,483973
cap - 958.PNG,0B8WcbXogHvegWEN3R3hwb3BMU2c,469246
cap - 959.PNG,0B8WcbXogHvegdTRORDVERElxcW8,414679
cap - 96.PNG,0B8WcbXogHvegMXhYNDY5UDVsNFU,569229
cap - 960.PNG,0B8WcbXogHvegbldHWXBBaDJzV3M,405693
cap - 961.PNG,0B8WcbXogHvegdTQ0RE4ybE1rSUk,419959
cap - 962.PNG,0B8WcbXogHvegTS1QSVZqMzRQc0E,410621
cap - 963.PNG,0B8WcbXogHvegcDl0dGZGalhoNzg,388954
cap - 964.PNG,0B8WcbXogHvegUmRFZzZNVE9nY28,381421
cap - 965.PNG,0B8WcbXogHvegc1RNQUpXTlA2LTQ,406455
cap - 966.PNG,0B8WcbXogHvegV3VCa3pfOThGTkU,438966
cap - 967.PNG,0B8WcbXogHvegZHczdVBHNXhaUVk,448065
cap - 968.PNG,0B8WcbXogHvegV01qMXd1OU5aS1E,511380
cap - 969.PNG,0B8WcbXogHvegUDlEVzlWb2h0bzA,506896
cap - 97.PNG,0B8WcbXogHvegWkhvc0ZLci1wQ00,536856
cap - 970.PNG,0B8WcbXogHvegRkFvMUNzaVBvak0,470169
cap - 971.PNG,0B8WcbXogHvegcXBpZFhld1V3RFE,462339
cap - 972.PNG,0B8WcbXogHvegX21kdFBZNEVtWkU,446791
cap - 973.PNG,0B8WcbXogHvegOTdOZGJRaFdOWEU,446598
cap - 974.PNG,0B8WcbXogHvegX1ZRWFJGUG40R0E,461028
cap - 975.PNG,0B8WcbXogHvegUkNLQjk5Z2pJZ2c,464392
cap - 976.PNG,0B8WcbXogHvegTlFYTnhhME9JMDA,485727
cap - 977.PNG,0B8WcbXogHvegMTRDNkJkdXZFNWs,483102
cap - 978.PNG,0B8WcbXogHvegUGgxR1Z0UmRucDA,466450
cap - 979.PNG,0B8WcbXogHvegQzRMc3FqVmNMMzg,446703
cap - 98.PNG,0B8WcbXogHvegRXFEUkxXUjZXSlE,520799
cap - 980.PNG,0B8WcbXogHvegeVplb2NUalUtZlk,396741
cap - 981.PNG,0B8WcbXogHvegMkxtV1hOMXVQSGs,360073
cap - 982.PNG,0B8WcbXogHvegbC1zSUQzSFlJZGc,376474
cap - 983.PNG,0B8WcbXogHvegMnNDY1R6b3A5bEE,336215
cap - 984.PNG,0B8WcbXogHvega3ZQOTF0NHlNQ1U,355987
cap - 985.PNG,0B8WcbXogHvegY0lpRGI5Mk5sYUU,358576
cap - 986.PNG,0B8WcbXogHvegLUk3NS01YWM0VTA,366197
cap - 987.PNG,0B8WcbXogHvegZ0hPQU9oZXYwdVk,395061
cap - 988.PNG,0B8WcbXogHvegNHM0N0M5YWlXWG8,415799
cap - 989.PNG,0B8WcbXogHvegaWc4dEpObTRxN2c,423712
cap - 99.PNG,0B8WcbXogHvegU0pDRGROd1lEVlU,510034
cap - 990.PNG,0B8WcbXogHvegRTBGYzBtbHBIV3M,458988
cap - 991.PNG,0B8WcbXogHvegZ21oS1VSaFZtb2M,453907
cap - 992.PNG,0B8WcbXogHvegY2JIMjdUTGttNms,458576
cap - 993.PNG,0B8WcbXogHvegOTFXUFRNd2JEUWM,511350
cap - 994.PNG,0B8WcbXogHvegUm1DV0l5eDhwSEk,514748
cap - 995.PNG,0B8WcbXogHvegSXphNHJuNS1laFk,518081
cap - 996.PNG,0B8WcbXogHvegQlBBZ3QybVQ4RUU,517407
cap - 997.PNG,0B8WcbXogHvegU1FrQXpoNU5DcHc,502349
cap - 998.PNG,0B8WcbXogHvegVzBlV0lIcWp5YzQ,526659
cap - 999.PNG,0B8WcbXogHvegbHptSFUtUXpFTm8,373123
