cap - 6000.PNG,0B8WcbXogHvegQjNJWGZ0SDBKOU0,558107
cap - 6001.PNG,0B8WcbXogHvegSjNkTkVMRXp6ZTg,588112
cap - 6002.PNG,0B8WcbXogHvegRWNMd1pKUWoyUlE,587635
cap - 6003.PNG,0B8WcbXogHvegVHlUUmI2Yk1BLXc,537099
cap - 6004.PNG,0B8WcbXogHvegX29pbURfc1Zzd2s,567620
cap - 6005.PNG,0B8WcbXogHvegNzNTWTIxLUZZaDg,584591
cap - 6006.PNG,0B8WcbXogHvegcXh2M0FnMkhZUjA,617395
cap - 6007.PNG,0B8WcbXogHvegVGQzSGF3SEs0c0U,568279
cap - 6008.PNG,0B8WcbXogHvegaU5BTTEtYlRhcEk,587450
cap - 6009.PNG,0B8WcbXogHvegcTJCOHMxVVUwSWs,577670
cap - 6010.PNG,0B8WcbXogHvegX2IyTFp1WlN2bUE,591728
cap - 6011.PNG,0B8WcbXogHvegOTlPaFR3cjRURDQ,597131
cap - 6012.PNG,0B8WcbXogHvegM1VlLXh4d2Nlb0E,581626
cap - 6013.PNG,0B8WcbXogHvegWU9ZY1c4S0htOXM,595145
cap - 6014.PNG,0B8WcbXogHvegMjgtZVRKXzVmeVE,611960
cap - 6015.PNG,0B8WcbXogHvegN2lrb1I2OU1udE0,570147
cap - 6016.PNG,0B8WcbXogHvegUm4wTWVST2l2TVU,619302
cap - 6017.PNG,0B8WcbXogHvegN0JvR2hsTTlJS28,697454
cap - 6018.PNG,0B8WcbXogHvegdlBMWU1IYThJUkE,708853
cap - 6019.PNG,0B8WcbXogHvegdHRoYm41YmNPWVU,655657
cap - 6020.PNG,0B8WcbXogHvegenlmZTZzclMzSGc,665507
cap - 6021.PNG,0B8WcbXogHvegaE5vRlhBQ0M1ZVk,689062
cap - 6022.PNG,0B8WcbXogHvegMGVEc2tfRFJOREE,645639
cap - 6023.PNG,0B8WcbXogHvegQmJFMGJTSlhMR0k,655279
cap - 6024.PNG,0B8WcbXogHvegbllySEJEN2Y4N1U,643453
cap - 6025.PNG,0B8WcbXogHvegd1FyeEhaa1FhMUU,571845
cap - 6026.PNG,0B8WcbXogHvegSnJ1bWc0OTFyM0U,543767
cap - 6027.PNG,0B8WcbXogHvegMmFrZFhDVUw2NlU,632577
cap - 6028.PNG,0B8WcbXogHvegNHk4VVdIRmthcXM,640806
cap - 6029.PNG,0B8WcbXogHvegcjFtcWp4ZEVROVE,670152
cap - 6030.PNG,0B8WcbXogHvegZDk1YUFzekdGNFk,505987
cap - 6031.PNG,0B8WcbXogHvegdWxncW5UUWFQcDA,480810
cap - 6032.PNG,0B8WcbXogHvegdnZXSWIwMGN2OVU,549301
cap - 6033.PNG,0B8WcbXogHvegcFRNZmZucktuV1U,668130
cap - 6034.PNG,0B8WcbXogHvegenZ5T3pRSm54aG8,758000
cap - 6035.PNG,0B8WcbXogHvegd3ZYbGJVSGY0UDQ,661920
cap - 6036.PNG,0B8WcbXogHvegQ3JFd0lyUVpubkE,627515
cap - 6037.PNG,0B8WcbXogHvegS19QSXgzaDBlRGM,770350
cap - 6038.PNG,0B8WcbXogHvegNWRCdEZrb1c5aDA,773248
cap - 6039.PNG,0B8WcbXogHvegR2c0N2tGdFotZnM,747328
cap - 6040.PNG,0B8WcbXogHvegSUZxY1o5M0dZTlE,664307
cap - 6041.PNG,0B8WcbXogHvegNXdoVGtvVzc3aWs,634384
cap - 6042.PNG,0B8WcbXogHvegRDdvenYtMTNxUzg,617462
cap - 6043.PNG,0B8WcbXogHvegVlp3djZ2dHRmT3M,699668
cap - 6044.PNG,0B8WcbXogHvegcVFVR0pHcjFfakU,680249
cap - 6045.PNG,0B8WcbXogHvegZUd2dW96OGdFNVU,549864
cap - 6046.PNG,0B8WcbXogHvegNEN5ZzZpQzRPQlk,598213
cap - 6047.PNG,0B8WcbXogHvegR3pQMEp1RFc5dXM,687952
cap - 6048.PNG,0B8WcbXogHvegbHZoSlMwMThuREk,625109
cap - 6049.PNG,0B8WcbXogHvegY1ZKMDZORkNPVlU,522804
cap - 6050.PNG,0B8WcbXogHvegbFNWdnhpSkduV28,622146
cap - 6051.PNG,0B8WcbXogHvegMG1vX2Y1UkxXNUU,449924
cap - 6052.PNG,0B8WcbXogHvega3UydnBuUmR3aW8,564434
cap - 6053.PNG,0B8WcbXogHvegOEJIdVp6RzlKM2s,531607
cap - 6054.PNG,0B8WcbXogHvegY3JKdnlMNHhYd3M,636751
cap - 6055.PNG,0B8WcbXogHvegVlptMzg5QjluQkU,514676
cap - 6056.PNG,0B8WcbXogHvegaGRGdThlUzJVcWM,542891
cap - 6057.PNG,0B8WcbXogHvegLUtLZ2F1cVZRQVU,605188
cap - 6058.PNG,0B8WcbXogHvegSkVJc05paENjaE0,535043
cap - 6059.PNG,0B8WcbXogHvegVjJQRTk0Y085clU,561238
cap - 6060.PNG,0B8WcbXogHvegbzJoX3J5alBQRnM,655857
cap - 6061.PNG,0B8WcbXogHvegai1yZ2lKRjc5cUk,709299
cap - 6062.PNG,0B8WcbXogHvegWC1IblMzZUlWT0E,651964
cap - 6063.PNG,0B8WcbXogHvegTzh3SXlFUXFSQkE,600311
cap - 6064.PNG,0B8WcbXogHvegMzI4MURpczVfaU0,616218
cap - 6065.PNG,0B8WcbXogHvegZTBqeXBMZ1JtaTQ,544200
cap - 6066.PNG,0B8WcbXogHvegQTEtV012NEFsMnc,630833
cap - 6067.PNG,0B8WcbXogHvegRzlPTmFWOFZQSEE,657376
cap - 6068.PNG,0B8WcbXogHvegY3I3dGh0d3FUVEk,655177
cap - 6069.PNG,0B8WcbXogHvegR0ljZTN5a1pFMVk,488593
cap - 6070.PNG,0B8WcbXogHvegc1dGN0FYZEZuRnM,524073
cap - 6071.PNG,0B8WcbXogHvegaGVURk9xY043MzQ,609360
cap - 6072.PNG,0B8WcbXogHvegVGl2WVZvWXhGUXc,556932
cap - 6073.PNG,0B8WcbXogHvegUUhpNmx1anZoRDQ,526077
cap - 6074.PNG,0B8WcbXogHvegZWFKMVZBNWJwV3M,616478
cap - 6075.PNG,0B8WcbXogHvegTjNsLUZ5T20ydlk,584786
cap - 6076.PNG,0B8WcbXogHvegaUpLcFhuczRXdjA,523273
cap - 6077.PNG,0B8WcbXogHvegZEJNaXhBYnBxSkk,583448
cap - 6078.PNG,0B8WcbXogHvegZC0zdzFnM25jdWc,645594
cap - 6079.PNG,0B8WcbXogHvegNngycDR0bjQ5cmc,331489
cap - 6080.PNG,0B8WcbXogHvegOHNaQ2FaNlNINWc,527059
cap - 6081.PNG,0B8WcbXogHvegMmRGLTgzdHdOSGs,585263
cap - 6082.PNG,0B8WcbXogHvegVFpnQmM0WEhMT28,388525
cap - 6083.PNG,0B8WcbXogHvegX3RYZTRIdTdPMHc,419788
cap - 6084.PNG,0B8WcbXogHvegV1RTMi1GWFBMc00,573538
cap - 6085.PNG,0B8WcbXogHvegQVg3b1VMRzVQOUU,655561
cap - 6086.PNG,0B8WcbXogHvegdGJZSWpOemhFUkE,682531
cap - 6087.PNG,0B8WcbXogHvegMU16Rk40eV9RcDg,700699
cap - 6088.PNG,0B8WcbXogHvegZHpiM1pWWHBlUGc,475242
cap - 6089.PNG,0B8WcbXogHvegbUk5Y09Pa2U5Njg,743366
cap - 6090.PNG,0B8WcbXogHvegTWRnWUdvc0FZTW8,581107
cap - 6091.PNG,0B8WcbXogHvegem94NHhOV01UNFk,544739
cap - 6092.PNG,0B8WcbXogHvegdW0yeTd3aFBOZXM,563793
cap - 6093.PNG,0B8WcbXogHvegc0FKNHoxcXFEZGM,555230
cap - 6094.PNG,0B8WcbXogHvegZy11cDRSNVB3ZWM,563735
cap - 6095.PNG,0B8WcbXogHvegZmxUQXVKQjE1Xzg,711214
cap - 6096.PNG,0B8WcbXogHvegcU9oQl9LSUNhVzQ,639280
cap - 6097.PNG,0B8WcbXogHvegSXVqMThnR1QybTg,525374
cap - 6098.PNG,0B8WcbXogHvegSHNUYUxQSEVra0E,486474
cap - 6099.PNG,0B8WcbXogHvegaFhod2tfdm9iajg,567198
cap - 6100.PNG,0B8WcbXogHvegWTNOd3pCLUZhMXM,608915
cap - 6101.PNG,0B8WcbXogHvegX25BeDhnSExGdkk,633641
cap - 6102.PNG,0B8WcbXogHvegWTN6bnI5QVZVR2c,604990
cap - 6103.PNG,0B8WcbXogHvegbDgzNDZoMWVUVVk,518804
cap - 6104.PNG,0B8WcbXogHvegWXpmcG9aVmFrenM,557961
cap - 6105.PNG,0B8WcbXogHvegMk9hNEZGZm9wbWs,528912
cap - 6106.PNG,0B8WcbXogHvegdHdabW9xWnFIU0U,516563
cap - 6107.PNG,0B8WcbXogHvegaGE0ZFEzSHI5VVk,552012
cap - 6108.PNG,0B8WcbXogHvegUWtmaUctRkt3ZjQ,686937
cap - 6109.PNG,0B8WcbXogHvegQ3F0M05iTUw5YVU,680986
cap - 6110.PNG,0B8WcbXogHvegWDJ6ZExDLS1uUnM,611211
cap - 6111.PNG,0B8WcbXogHvegUDJQdG9ieURERWs,592079
cap - 6112.PNG,0B8WcbXogHvegd21Ga1VCTTB0UUk,465707
cap - 6113.PNG,0B8WcbXogHvegNTU5b3Nybzl6cVU,471518
cap - 6114.PNG,0B8WcbXogHvegbFpVdTNoRVpqWWs,485350
cap - 6115.PNG,0B8WcbXogHvegMUJOcTBlTk40NEE,479154
cap - 6116.PNG,0B8WcbXogHvegN3QxTVE3T0ZZSUE,475335
cap - 6117.PNG,0B8WcbXogHvegaDBzeHNxQTB6T0k,506678
cap - 6118.PNG,0B8WcbXogHvegMlR3WWxySkxRQzQ,580026
cap - 6119.PNG,0B8WcbXogHvegQUM3dU9pQjRqZEE,347062
cap - 6120.PNG,0B8WcbXogHvegX1lYVFdycU85SHM,618751
cap - 6121.PNG,0B8WcbXogHvegb2p0bDZia1daVXc,571841
cap - 6122.PNG,0B8WcbXogHvegYXZMWjR1VWlnZms,525369
cap - 6123.PNG,0B8WcbXogHvegaDBDS0hITG9ZazA,449251
cap - 6124.PNG,0B8WcbXogHvegSndpRFVsT1FPeG8,581677
cap - 6125.PNG,0B8WcbXogHvegMGJ2ck00alJsY2s,398853
cap - 6126.PNG,0B8WcbXogHvegMVNnWGgwcFRlNXc,501382
cap - 6127.PNG,0B8WcbXogHvegNUpKbTd4RGtrQnM,641630
cap - 6128.PNG,0B8WcbXogHvegZGhTam05ZkFBYnc,610150
cap - 6129.PNG,0B8WcbXogHvegc1Zzclg1NkR3Nnc,600539
cap - 6130.PNG,0B8WcbXogHvegRjhsUUZFcE54elk,535188
cap - 6131.PNG,0B8WcbXogHvegeWxydkxWeldOZ3c,597477
cap - 6132.PNG,0B8WcbXogHvegSXB2UEpKZUZoR0E,533325
cap - 6133.PNG,0B8WcbXogHvegYXNfRHk1LTRaQ28,651877
cap - 6134.PNG,0B8WcbXogHvegQ3pGd3N5dkdycFU,479858
cap - 6135.PNG,0B8WcbXogHvegY2JQNENmSnEybHM,408376
cap - 6136.PNG,0B8WcbXogHvegaVo2WFFOeDdtZVU,588444
cap - 6137.PNG,0B8WcbXogHvegZ0JZdmVCM0hCRnM,684645
cap - 6138.PNG,0B8WcbXogHvegUDdNeVpiZU9ORUU,611154
cap - 6139.PNG,0B8WcbXogHvegWFBfOUpjTGpmOVk,578383
cap - 6140.PNG,0B8WcbXogHvegUk0yWGdpT1UtZjA,518409
cap - 6141.PNG,0B8WcbXogHvegRkVwaGVFSm9sTEU,537399
cap - 6142.PNG,0B8WcbXogHvegZ2dRWEhRelc3cGM,556477
cap - 6143.PNG,0B8WcbXogHvegaTVyUlNEaFZ1b2M,550957
cap - 6144.PNG,0B8WcbXogHvegdjM4dkJWbGxid1U,602043
cap - 6145.PNG,0B8WcbXogHvegcTdXclRUUFRWelU,575520
cap - 6146.PNG,0B8WcbXogHvegTTdldWV5YnRQY1k,679539
cap - 6147.PNG,0B8WcbXogHvegQl9pRC02RHBZY1E,503133
cap - 6148.PNG,0B8WcbXogHvegN0U0ZHdzSXVPZnc,506101
cap - 6149.PNG,0B8WcbXogHvegNTJZb0tvVExuOGM,693594
cap - 6150.PNG,0B8WcbXogHvegUGx6cjNwbTdVVnM,631259
cap - 6151.PNG,0B8WcbXogHvegMThZb0lqNjlkMk0,607279
cap - 6152.PNG,0B8WcbXogHvegNGMwYURoSlpWUjg,698900
cap - 6153.PNG,0B8WcbXogHvegN0c5Z3k4YmFQUEk,521871
cap - 6154.PNG,0B8WcbXogHvegY1RpdWR1Nl9iX0k,712885
cap - 6155.PNG,0B8WcbXogHvegaktTQ3JxVVBtcDg,662464
cap - 6156.PNG,0B8WcbXogHvegaWhIUi1BU1B2aDQ,714957
cap - 6157.PNG,0B8WcbXogHvegUUJiTlhkczdYUUE,456925
cap - 6158.PNG,0B8WcbXogHvegUHhpTEd1WjNIbms,480876
cap - 6159.PNG,0B8WcbXogHvegSklwRFZZVENFTkk,455108
cap - 6160.PNG,0B8WcbXogHvegNkV5cGlCd0k0ODQ,445799
cap - 6161.PNG,0B8WcbXogHvegTzAwUnJsZDJNZFk,523627
cap - 6162.PNG,0B8WcbXogHvegaHJmeGx3MWVHdWc,508253
cap - 6163.PNG,0B8WcbXogHvegSElZNVlQaXpGOFU,482415
cap - 6164.PNG,0B8WcbXogHvegaGg0VDZoVnRmYk0,401995
cap - 6165.PNG,0B8WcbXogHvegMGNickRJMFJmaFE,662443
cap - 6166.PNG,0B8WcbXogHvegdmVVdVJidUJ1Q0E,655787
cap - 6167.PNG,0B8WcbXogHvegX2FYSkxVY05fUVE,673321
cap - 6168.PNG,0B8WcbXogHvegR1EwZjJkT1o3bFk,514421
cap - 6169.PNG,0B8WcbXogHvegem01Mm1qTHFTZlE,567411
cap - 6170.PNG,0B8WcbXogHvegREU4OTEwX0FoUEE,618842
cap - 6171.PNG,0B8WcbXogHvegb0lqZUdsaUl1c00,429400
cap - 6172.PNG,0B8WcbXogHvegcVdxRDl2enZzWDQ,707176
cap - 6173.PNG,0B8WcbXogHvegOXRTWWhyRjJwMHc,707629
cap - 6174.PNG,0B8WcbXogHvegRUZWb213d0ptdzA,720618
cap - 6175.PNG,0B8WcbXogHvegUGZhU2YzNXpJOUk,742693
cap - 6176.PNG,0B8WcbXogHvegbHZmbk1hZ3EzYnM,546844
cap - 6177.PNG,0B8WcbXogHvegX2xYQTN0VGtpQ2c,613745
cap - 6178.PNG,0B8WcbXogHvegTjF6c3NnbVhDSFk,717862
cap - 6179.PNG,0B8WcbXogHvegYmNib0g4anBSWW8,596652
cap - 6180.PNG,0B8WcbXogHvegbHdhZ2lQem82SUk,561174
cap - 6181.PNG,0B8WcbXogHvegRHl3N1BiR29heFU,498905
cap - 6182.PNG,0B8WcbXogHvegOVJWbkRRR01Nd3c,682610
cap - 6183.PNG,0B8WcbXogHvegVWhpWWdrbTd6c3c,637511
cap - 6184.PNG,0B8WcbXogHvegVXI3a0twZG92X1U,753633
cap - 6185.PNG,0B8WcbXogHvegN1hKb1hXU3czUm8,478812
cap - 6186.PNG,0B8WcbXogHvegNkcxQjVLYjJMdnc,538559
cap - 6187.PNG,0B8WcbXogHvegNkpPZHNDa3ltanc,606642
cap - 6188.PNG,0B8WcbXogHvegT1duUWc0QktvZUU,638600
cap - 6189.PNG,0B8WcbXogHvegaHlscjZOdjdmS3M,715620
cap - 6190.PNG,0B8WcbXogHvegcXdiTEd2SFdhd0k,682186
cap - 6191.PNG,0B8WcbXogHvegbDhhUjhTbWV5NUE,596663
cap - 6192.PNG,0B8WcbXogHvegbXplYTRhdjhFUzg,717988
cap - 6193.PNG,0B8WcbXogHvegT1ZlX1BIUm9RVTQ,628969
cap - 6194.PNG,0B8WcbXogHvegNmM5aVdFaVl6dTg,667790
cap - 6195.PNG,0B8WcbXogHvegYzgzQ3JLNml2LVk,621974
cap - 6196.PNG,0B8WcbXogHvegNUM4c3dMVEhrcTg,712636
cap - 6197.PNG,0B8WcbXogHvegR19ZTFgwV1JCSlE,623606
cap - 6198.PNG,0B8WcbXogHvegLXZmTkNNTU5FU2M,666594
cap - 6199.PNG,0B8WcbXogHvegdFhwTm95bjVMc0E,651012
cap - 6200.PNG,0B8WcbXogHvegT2puQkVDOERXVjQ,642355
cap - 6201.PNG,0B8WcbXogHvegZmxIbmlFWFU1bE0,659856
cap - 6202.PNG,0B8WcbXogHvegZVpEQTBTLWoyaEU,656589
cap - 6203.PNG,0B8WcbXogHvegT3RZakhkd1Y3SkE,620725
cap - 6204.PNG,0B8WcbXogHvegcDFuTFRnNXhHdFE,731480
cap - 6205.PNG,0B8WcbXogHvegb3pMSHJyS3J0blU,738368
cap - 6206.PNG,0B8WcbXogHvegMXVBaHhza1NrdDg,617133
cap - 6207.PNG,0B8WcbXogHvegUlpRWFZ3NnhnOEE,613817
cap - 6208.PNG,0B8WcbXogHvegT1I3ZG1aeVd5aEU,548206
cap - 6209.PNG,0B8WcbXogHvegTVJJbnhaTkc2VTg,641318
cap - 6210.PNG,0B8WcbXogHvegTU1iQkczY0hRS1U,672359
cap - 6211.PNG,0B8WcbXogHvegTmtCT09KTTNBUk0,630005
cap - 6212.PNG,0B8WcbXogHvegcGNtdnBtWTQwOTQ,566158
cap - 6213.PNG,0B8WcbXogHvegRlVWN2taSXpyeVk,502797
cap - 6214.PNG,0B8WcbXogHvegbkYwaGx3Q2t4d00,575297
cap - 6215.PNG,0B8WcbXogHvegeTZWNF8zR1ZKeGM,636607
cap - 6216.PNG,0B8WcbXogHvegSkFqRVVySU55Wms,589586
cap - 6217.PNG,0B8WcbXogHvegUHRDQ3ZvQmItb1E,588551
cap - 6218.PNG,0B8WcbXogHvegaGF3RUR2M1pmVk0,604756
cap - 6219.PNG,0B8WcbXogHvegaDBacEkwQ1VIVVk,557400
cap - 6220.PNG,0B8WcbXogHvegU3NHSGxid1p5WWM,553935
cap - 6221.PNG,0B8WcbXogHvegcUpxUy1lNHJMbFk,452238
cap - 6222.PNG,0B8WcbXogHvegYXROaFFvaVZUTDA,604020
cap - 6223.PNG,0B8WcbXogHvegRElRN3hqZG5RYkU,628944
cap - 6224.PNG,0B8WcbXogHvegT3JKeF9hTDE1bDQ,599455
cap - 6225.PNG,0B8WcbXogHvegOWZpcV9fdkFVek0,591727
cap - 6226.PNG,0B8WcbXogHvegazl1R0J6T2FKQTA,536630
cap - 6227.PNG,0B8WcbXogHvegNlFiMXFZUl9hRlk,622347
cap - 6228.PNG,0B8WcbXogHvegSmxtR0Q1M3JwZEU,537030
cap - 6229.PNG,0B8WcbXogHvegOXY2dkFzRHdxaTg,523007
cap - 6230.PNG,0B8WcbXogHvegNjc2ZV9FelNldms,538399
cap - 6231.PNG,0B8WcbXogHvegTFR2Si15NVo1Y1E,592701
cap - 6232.PNG,0B8WcbXogHvegVnVDT00yckE1bjA,550373
cap - 6233.PNG,0B8WcbXogHvegeVIzQmxaOXlSbTg,580076
cap - 6234.PNG,0B8WcbXogHvegMHE1dF94bENucE0,627759
cap - 6235.PNG,0B8WcbXogHvegVHpvaU1nenRjdGc,723858
cap - 6236.PNG,0B8WcbXogHvegQWcwM2tObUxJNlE,528542
cap - 6237.PNG,0B8WcbXogHvegVVlCZE1FVVpON1U,619259
cap - 6238.PNG,0B8WcbXogHvegUm0wZEZTeGF0MW8,534924
cap - 6239.PNG,0B8WcbXogHvegNnh0UzFUSlYxRUE,463318
cap - 6240.PNG,0B8WcbXogHvegcW1Nekl5UVVLX3M,602839
cap - 6241.PNG,0B8WcbXogHvegaExWdkN5VEZFZzA,658690
cap - 6242.PNG,0B8WcbXogHvegckhYcjMzNkJZT1E,640854
cap - 6243.PNG,0B8WcbXogHvegSDJHM2F4RHpSZ3c,436726
cap - 6244.PNG,0B8WcbXogHvegeTQtZVBKRkxDSE0,581883
cap - 6245.PNG,0B8WcbXogHvegdi15dTdNejU2OW8,522803
cap - 6246.PNG,0B8WcbXogHvegcTNJNGVIR3BWbms,537244
cap - 6247.PNG,0B8WcbXogHvegTks1am5kb05ZWGs,521832
cap - 6248.PNG,0B8WcbXogHvegTmtSSHpNQmsxWUU,496861
cap - 6249.PNG,0B8WcbXogHvegTjVPOXRWZTVNdUE,492822
cap - 6250.PNG,0B8WcbXogHvegQ1huODJ1NVpMLVk,656972
cap - 6251.PNG,0B8WcbXogHvegcHg4bmdBSXN3dVk,654691
cap - 6252.PNG,0B8WcbXogHvegSjh1b21VNUJDR1E,484215
cap - 6253.PNG,0B8WcbXogHvegVWVqZXlxTEVoZ00,563933
cap - 6254.PNG,0B8WcbXogHvegSDZDMTZSb1lodFk,568476
cap - 6255.PNG,0B8WcbXogHveganZvd0dfZ1AwVzg,590109
cap - 6256.PNG,0B8WcbXogHvegbkhQWHBZNTlwQ0E,613096
cap - 6257.PNG,0B8WcbXogHvegcnh2Y3YxOHVkZ3M,541724
cap - 6258.PNG,0B8WcbXogHvegNnhFNWo3V1NsRVE,504190
cap - 6259.PNG,0B8WcbXogHvegdnRHaXA4VkxsUlk,712419
cap - 6260.PNG,0B8WcbXogHvegTGx4R2pCWTllYjg,646134
cap - 6261.PNG,0B8WcbXogHvegOGRpNU1HMHhGXzA,640658
cap - 6262.PNG,0B8WcbXogHvegR2dEb3pUM1M4d2M,478538
cap - 6263.PNG,0B8WcbXogHvegUW5iXzAtZVdwWXM,524501
cap - 6264.PNG,0B8WcbXogHvegdFByVTREUlJBOXc,561069
cap - 6265.PNG,0B8WcbXogHvegX0h3NWlMNjRXd2M,557145
cap - 6266.PNG,0B8WcbXogHvegYWF5cV83NXpMWGc,531887
cap - 6267.PNG,0B8WcbXogHvegRDNteTNjY2c5QTQ,448523
cap - 6268.PNG,0B8WcbXogHvegeGN6cjFrd3NWcWM,483891
cap - 6269.PNG,0B8WcbXogHvegVjZNVm1LQVdzYm8,471760
cap - 6270.PNG,0B8WcbXogHvegbDYzb3lVMVBkbGs,440055
cap - 6271.PNG,0B8WcbXogHvegcGgwTXNzMlk2U28,535004
cap - 6272.PNG,0B8WcbXogHvegLVZuSVlvUW1TUU0,516205
cap - 6273.PNG,0B8WcbXogHvegam00UFc3bThYZkU,520712
cap - 6274.PNG,0B8WcbXogHvegUEhlenZQQWlEdXc,535628
cap - 6275.PNG,0B8WcbXogHvega1pUWFR2Ni1RRlU,633396
cap - 6276.PNG,0B8WcbXogHvegWkxzSUNVVDZ1QjQ,506034
cap - 6277.PNG,0B8WcbXogHvegaVdvU3BfVmRqWW8,519744
cap - 6278.PNG,0B8WcbXogHvegaGZhVVVKYWhOMWs,522192
cap - 6279.PNG,0B8WcbXogHvegbHdNMGtrR0JzaXM,542919
cap - 6280.PNG,0B8WcbXogHvegVFhOMGxMVmlnNWs,562759
cap - 6281.PNG,0B8WcbXogHvegUlZrZ1RTanFxOUk,546341
cap - 6282.PNG,0B8WcbXogHvegN18ybnl4cGlJRGc,657684
cap - 6283.PNG,0B8WcbXogHvegNXIyMkFkcDA5QW8,520354
cap - 6284.PNG,0B8WcbXogHvegaGxXVExaMWpJazA,526051
cap - 6285.PNG,0B8WcbXogHvegWlJRWGxZUzNNTVU,553047
cap - 6286.PNG,0B8WcbXogHvegUUQtUDFWNDdXY3M,551928
cap - 6287.PNG,0B8WcbXogHvegaUdtZVZPMW9iRFE,543169
cap - 6288.PNG,0B8WcbXogHvegaVY2R3VUaWpwWGc,516025
cap - 6289.PNG,0B8WcbXogHvegbnZqdHdpUXM1Um8,633352
cap - 6290.PNG,0B8WcbXogHvegczNpRnEwRV9pcEk,559252
cap - 6291.PNG,0B8WcbXogHvegaGhVV280T0hTeGs,570668
cap - 6292.PNG,0B8WcbXogHvegSU9KR2lCUEFJcUk,551772
cap - 6293.PNG,0B8WcbXogHvegMFBoLVhpT0xtelU,524174
cap - 6294.PNG,0B8WcbXogHvegdXhqNFlFaTBzMGM,571205
cap - 6295.PNG,0B8WcbXogHvegaGtIMm5WcXE3SG8,499408
cap - 6296.PNG,0B8WcbXogHvegMmZkMUxZUkdUd0E,539465
cap - 6297.PNG,0B8WcbXogHvegVnFvaEFFci0zSDQ,604806
cap - 6298.PNG,0B8WcbXogHvegc3NiUjRFeWpGRHM,468985
cap - 6299.PNG,0B8WcbXogHvegcF9LQk83amtkVTQ,517277
cap - 6300.PNG,0B8WcbXogHvegNURtYmFIREVrMG8,515259
cap - 6301.PNG,0B8WcbXogHveganJrQkhGZlMzRjQ,525868
cap - 6302.PNG,0B8WcbXogHvegNmJqc2FXa2lfZnM,486862
cap - 6303.PNG,0B8WcbXogHvegajhma01NZFpRM3c,503398
cap - 6304.PNG,0B8WcbXogHvegb0xyWmRMZHp1SzA,545694
cap - 6305.PNG,0B8WcbXogHvegU2U4c2VYUGZQR1k,459915
cap - 6306.PNG,0B8WcbXogHvegVkV1RExhQ1lhLWc,488786
cap - 6307.PNG,0B8WcbXogHvegWmdNYVdnLWhVX2c,513812
cap - 6308.PNG,0B8WcbXogHvegdXhpbGJOdlhWd0k,558717
cap - 6309.PNG,0B8WcbXogHvega2FsN3ZSaU8tUlE,601998
cap - 6310.PNG,0B8WcbXogHvegRUNHcXBiS0NRYXc,512185
cap - 6311.PNG,0B8WcbXogHvega045aVFrcEk5WWs,524495
cap - 6312.PNG,0B8WcbXogHvegZHdiNUMxN2V1a3M,534195
cap - 6313.PNG,0B8WcbXogHvegVU95VXNoMF9fS2M,468214
cap - 6314.PNG,0B8WcbXogHvegeVllbzVZeUZWaEU,447122
cap - 6315.PNG,0B8WcbXogHvegVngwdDdrdlRxNHc,474165
cap - 6316.PNG,0B8WcbXogHvegWDFKbHAzODBOZzA,502774
cap - 6317.PNG,0B8WcbXogHvegdDRCNFB1c0l6NGM,538769
cap - 6318.PNG,0B8WcbXogHvegczRrOVZMMS1GR0E,543938
cap - 6319.PNG,0B8WcbXogHvegSnB0MW5yQmFXbGc,515500
cap - 6320.PNG,0B8WcbXogHvegNEpDNXFVczdtNG8,582663
cap - 6321.PNG,0B8WcbXogHvegOEJEWjA1bW80RG8,570155
cap - 6322.PNG,0B8WcbXogHvegZENxZzg2UGZzM00,609574
cap - 6323.PNG,0B8WcbXogHvegUnVqUm1hUW5JRFE,540956
cap - 6324.PNG,0B8WcbXogHvegcDdHWXpUc1ZERWM,459327
cap - 6325.PNG,0B8WcbXogHvegQkpNLVBtcFB6XzQ,480167
cap - 6326.PNG,0B8WcbXogHvegSzRQa1pEa0RtTW8,457078
cap - 6327.PNG,0B8WcbXogHvegUk1xa1o2QUhPbk0,510591
cap - 6328.PNG,0B8WcbXogHvegYmZvNl93aXFuM1E,533072
cap - 6329.PNG,0B8WcbXogHvegYVcwTzFMRHE0MGM,605282
cap - 6330.PNG,0B8WcbXogHvegQVI5SmNVNXhWNUk,520447
cap - 6331.PNG,0B8WcbXogHvegZXFxVy1aS1dVRTQ,482099
cap - 6332.PNG,0B8WcbXogHvegNDZBVnFZRFNmbEU,470551
cap - 6333.PNG,0B8WcbXogHvegY0s2dF9MR1FueEE,466711
cap - 6334.PNG,0B8WcbXogHvegczNFRlhzYWdDQXM,449056
cap - 6335.PNG,0B8WcbXogHvegSXJJR2JYMjlzM3M,436692
cap - 6336.PNG,0B8WcbXogHvegalJ1MFphLVBUVEU,442031
cap - 6337.PNG,0B8WcbXogHvegZFJ1ci1fYUtvTzA,389741
cap - 6338.PNG,0B8WcbXogHvegbWUyUS1oUUhFWUU,416652
cap - 6339.PNG,0B8WcbXogHvegZExMUDdnNi1BNTQ,498899
cap - 6340.PNG,0B8WcbXogHvegTlItalNPelVDelE,444461
cap - 6341.PNG,0B8WcbXogHvegYmNpVzQ4eW5yUTg,382123
cap - 6342.PNG,0B8WcbXogHvegT3IxenQ2VVZFTGc,326557
cap - 6343.PNG,0B8WcbXogHvegTGJNbGh5QXNiUVE,338792
cap - 6344.PNG,0B8WcbXogHvegd1ZSMEc4aFJXWms,304920
cap - 6345.PNG,0B8WcbXogHvegWV9maThnbl9KZzQ,334411
cap - 6346.PNG,0B8WcbXogHvegcDdlWHM4cE00Z2s,405790
cap - 6347.PNG,0B8WcbXogHvegRDA2RjN0T0dwZG8,520937
cap - 6348.PNG,0B8WcbXogHvegZU5KdXhLY3EwU2s,505790
cap - 6349.PNG,0B8WcbXogHvegUW5FaUxleDRFbU0,486124
cap - 6350.PNG,0B8WcbXogHvegUHZhZnE1M3F2aDQ,487487
cap - 6351.PNG,0B8WcbXogHvegQzBQWThQei1wRkk,487832
cap - 6352.PNG,0B8WcbXogHvegV2VfWjlReUR1dVU,513063
cap - 6353.PNG,0B8WcbXogHvegREZoWC1WeE9waHM,533952
cap - 6354.PNG,0B8WcbXogHvegTTZHTm1SaVFJSVE,532171
cap - 6355.PNG,0B8WcbXogHvegYWZyVXNiVEJsS28,469009
cap - 6356.PNG,0B8WcbXogHvegbXlkeEdHVzFqdGM,497294
cap - 6357.PNG,0B8WcbXogHvegeU9Fc0F2MVhnT1E,476232
cap - 6358.PNG,0B8WcbXogHvegVHVaZDFmbUtWdWc,481576
cap - 6359.PNG,0B8WcbXogHvegWE9QQlNMckRrd2s,484977
cap - 6360.PNG,0B8WcbXogHvegOUMzTVNScGFmS28,475983
cap - 6361.PNG,0B8WcbXogHvegNmdtR2lWcEpFd28,509205
cap - 6362.PNG,0B8WcbXogHveganE2QW4zZmd0TVE,557094
cap - 6363.PNG,0B8WcbXogHvegNFZBTERtbnF3bzQ,584516
cap - 6364.PNG,0B8WcbXogHvegWlBKSTlISHRqNjA,549660
cap - 6365.PNG,0B8WcbXogHvegb1lvSFVjYUxpNlE,542957
cap - 6366.PNG,0B8WcbXogHvegTklhSjZPN0I5OG8,504931
cap - 6367.PNG,0B8WcbXogHvegQWRLTDhMYUJHdUU,446740
cap - 6368.PNG,0B8WcbXogHvegWThQNGNlRDdOc2c,496683
cap - 6369.PNG,0B8WcbXogHvegYWtnb25pa1RtSzg,488579
cap - 6370.PNG,0B8WcbXogHvega3ZvRi1jbkg3cmM,498542
cap - 6371.PNG,0B8WcbXogHvegd3RiLU9DYWtDdEU,490726
cap - 6372.PNG,0B8WcbXogHvegb1FBb2ZDNGJBTE0,490701
cap - 6373.PNG,0B8WcbXogHvegRGFuamZJbmJsRmM,500770
cap - 6374.PNG,0B8WcbXogHvegeHhpZWNiamQxUzg,480921
cap - 6375.PNG,0B8WcbXogHvegRHFLT1VhVmFJYUE,472654
cap - 6376.PNG,0B8WcbXogHvegU0l5RUxVQjJJelk,482841
cap - 6377.PNG,0B8WcbXogHvegelo2Tk9kVTA2RlE,474666
cap - 6378.PNG,0B8WcbXogHvegQ1ZZUlR0OVpZbHM,463151
cap - 6379.PNG,0B8WcbXogHvegcXNscVEyZVZYbGM,552055
cap - 6380.PNG,0B8WcbXogHvegcDVWNVVtaDhVb0E,550451
cap - 6381.PNG,0B8WcbXogHvegdGNZSTVraTRZazA,548137
cap - 6382.PNG,0B8WcbXogHvegUFZHX3loSDBtZ2s,469365
cap - 6383.PNG,0B8WcbXogHvegNGMwRE9RTUpEY1k,485974
cap - 6384.PNG,0B8WcbXogHvegZTlSUDNHMG9yUW8,524650
cap - 6385.PNG,0B8WcbXogHvegNi04Vm5mM21ZMjQ,492138
cap - 6386.PNG,0B8WcbXogHvegNnNRMTVFSlVxYlU,416226
cap - 6387.PNG,0B8WcbXogHvegSTF3UWZ0ODRJdU0,412851
cap - 6388.PNG,0B8WcbXogHvegU3Y3UDdMdURTWWs,473149
cap - 6389.PNG,0B8WcbXogHvegWFVleXFvVWtXZEU,484734
cap - 6390.PNG,0B8WcbXogHvegOVBTejVuQXBWbnM,463076
cap - 6391.PNG,0B8WcbXogHvegTkQ1ajBmdlk0Qm8,464227
cap - 6392.PNG,0B8WcbXogHvegMl9VZVVjaV83MlE,466039
cap - 6393.PNG,0B8WcbXogHvegMkFUV2NQTHlDYjQ,456847
cap - 6394.PNG,0B8WcbXogHvegTGVhMldpUEJxWkk,494116
cap - 6395.PNG,0B8WcbXogHvegNnhIV0xoUVItM00,480943
cap - 6396.PNG,0B8WcbXogHvegaWljX3JpTHlFMUk,463512
cap - 6397.PNG,0B8WcbXogHvegUUt3V2kxeXZUaGc,522150
cap - 6398.PNG,0B8WcbXogHvegQjl2Y1IzTmY5RWs,495109
cap - 6399.PNG,0B8WcbXogHvegWDFOLUF5VEU4ZWc,494172
cap - 6400.PNG,0B8WcbXogHvegdUhWTmt3QTNGa2M,532282
cap - 6401.PNG,0B8WcbXogHvegTjlISWU3d3JvRlk,493577
cap - 6402.PNG,0B8WcbXogHvegNXRoX0FyNjJocjg,538135
cap - 6403.PNG,0B8WcbXogHvegY1h4T3JrX0NKSWM,464837
cap - 6404.PNG,0B8WcbXogHvegVFRPd2dfOEZ0SGM,529820
cap - 6405.PNG,0B8WcbXogHvegMWlUQ3E2am5ONWc,569798
cap - 6406.PNG,0B8WcbXogHvega2xoRE1IRTVVN2c,613934
cap - 6407.PNG,0B8WcbXogHvegUXN3cnoxM2FnWUU,608456
cap - 6408.PNG,0B8WcbXogHvegdVZlYzlLOXJGVDQ,629556
cap - 6409.PNG,0B8WcbXogHvegbjBWN2ZteThqRm8,592017
cap - 6410.PNG,0B8WcbXogHvegaW10S0JDVmVjXzg,564056
cap - 6411.PNG,0B8WcbXogHvegQkRXNmMyRmdrSGc,546390
cap - 6412.PNG,0B8WcbXogHvegTExuWnpCczVydDQ,456623
cap - 6413.PNG,0B8WcbXogHvegeVBuX0U5ek5DOFU,487574
cap - 6414.PNG,0B8WcbXogHvegMDFwdVpyQUFaS1U,542468
cap - 6415.PNG,0B8WcbXogHvegakZsUGZkV1lyWXM,594647
cap - 6416.PNG,0B8WcbXogHvega0Zrd0lHX1NucFU,582639
cap - 6417.PNG,0B8WcbXogHvegTDZ5cGc0VlhpblE,607416
cap - 6418.PNG,0B8WcbXogHvegOHdBcy1mSnJOMVE,557396
cap - 6419.PNG,0B8WcbXogHvegMVVYQk5tT3d2SUU,559991
cap - 6420.PNG,0B8WcbXogHvegR1BUZjY4TTZOeUE,504821
cap - 6421.PNG,0B8WcbXogHvegSVJvT2RXeDZLbUE,525186
cap - 6422.PNG,0B8WcbXogHvegRUNYdHFTbldGaEU,548885
cap - 6423.PNG,0B8WcbXogHvegNTItV3NJTlllX0k,613305
cap - 6424.PNG,0B8WcbXogHvegUUFnOFhyVklxVm8,527384
cap - 6425.PNG,0B8WcbXogHvegeXVfVlQ0UXZYTDQ,595268
cap - 6426.PNG,0B8WcbXogHvegXzRCOGpfX1l2VWM,608292
cap - 6427.PNG,0B8WcbXogHvegQlVxb2Y2YkxHMW8,619985
cap - 6428.PNG,0B8WcbXogHvegWjZ2dk1PUDBWVWc,628011
cap - 6429.PNG,0B8WcbXogHvegTWhiRml5T05INkE,602065
cap - 6430.PNG,0B8WcbXogHvegWnd0MENZeGdoNmc,497669
cap - 6431.PNG,0B8WcbXogHvegZHIyUzVXN0VJdjg,565190
cap - 6432.PNG,0B8WcbXogHvegbFpzdVJQN1RDazA,537295
cap - 6433.PNG,0B8WcbXogHvegRWwyaUxVUlA2UGM,477037
cap - 6434.PNG,0B8WcbXogHvegSTd4YTVtdTRzcWc,482335
cap - 6435.PNG,0B8WcbXogHvegbUpWdXBsRjVfcVk,496529
cap - 6436.PNG,0B8WcbXogHvegUGZDNWFTeFdDNXM,498061
cap - 6437.PNG,0B8WcbXogHvegZXJKOTZxRnNoeVE,424696
cap - 6438.PNG,0B8WcbXogHvegZ1NVX0JLWHNKbXM,503921
cap - 6439.PNG,0B8WcbXogHvegN0pCUzNLSlkwdVk,508300
cap - 6440.PNG,0B8WcbXogHvegcU5abU9tZkNCdGM,586532
cap - 6441.PNG,0B8WcbXogHvegeU81S3JsSzUyYkE,419375
cap - 6442.PNG,0B8WcbXogHvegcVY5RVVSalloSEE,469362
cap - 6443.PNG,0B8WcbXogHvegb3VyT0tKSzFCcW8,482678
cap - 6444.PNG,0B8WcbXogHvegb3pWM1FDSXhvWE0,496850
cap - 6445.PNG,0B8WcbXogHvegX2NVVXhBbzgzaWc,492178
cap - 6446.PNG,0B8WcbXogHvegT3lmRlpZODVWZVE,492214
cap - 6447.PNG,0B8WcbXogHvegdFA5MjJlSEVheG8,533359
cap - 6448.PNG,0B8WcbXogHvegVnF3QXRzVnRhTVU,515526
cap - 6449.PNG,0B8WcbXogHvegeXhXRjRTVjdIVEU,550375
cap - 6450.PNG,0B8WcbXogHvegMnI4b2U0VTd3SkU,500475
cap - 6451.PNG,0B8WcbXogHvegcVpaZVNjMEpSUEk,497153
cap - 6452.PNG,0B8WcbXogHvegSmRMRWQtUWg4LTg,499367
cap - 6453.PNG,0B8WcbXogHvegY083ekVVS3ptcGc,475342
cap - 6454.PNG,0B8WcbXogHvegMjhqVHVqVzBSZTg,495949
cap - 6455.PNG,0B8WcbXogHvegM0JncGU5ZGloUGM,513761
cap - 6456.PNG,0B8WcbXogHvegSm1hR0FhcFVUY0k,477309
cap - 6457.PNG,0B8WcbXogHvegczZsUFV0d0pUU00,452402
cap - 6458.PNG,0B8WcbXogHvegVlp6RTc3UW5tSkk,446096
cap - 6459.PNG,0B8WcbXogHvegQkpfN1h0X0x4ajQ,492541
cap - 6460.PNG,0B8WcbXogHvegdGtVQ0NZSjZxQkk,492002
cap - 6461.PNG,0B8WcbXogHvegbmdFTnZKRFZPLUU,508079
cap - 6462.PNG,0B8WcbXogHvegRFRYOWhDaHBGbHc,570502
cap - 6463.PNG,0B8WcbXogHvegOVN0cG0zZFVNZTA,620712
cap - 6464.PNG,0B8WcbXogHvegRmNHYnF2eXNuS0U,666477
cap - 6465.PNG,0B8WcbXogHvegRDIyRkNoa01zSzA,604459
cap - 6466.PNG,0B8WcbXogHvegWXFuRWxmTGZNdTg,577033
cap - 6467.PNG,0B8WcbXogHvegRzFEcW1na2pRNXc,615450
cap - 6468.PNG,0B8WcbXogHvegMklNME5ZdXZKZm8,590210
cap - 6469.PNG,0B8WcbXogHvegVUV1YUtpY3F0OG8,585512
cap - 6470.PNG,0B8WcbXogHvegLTNnZEx3V1BmX1k,572479
cap - 6471.PNG,0B8WcbXogHvegOTRJVXpURExVc3c,541978
cap - 6472.PNG,0B8WcbXogHvegWWRjTkgxM0N0Ujg,579773
cap - 6473.PNG,0B8WcbXogHvegeWhaZDUyM21vVms,619836
cap - 6474.PNG,0B8WcbXogHvegN2txdW8xVUxxRWs,603323
cap - 6475.PNG,0B8WcbXogHvegUU92RDJLQ2RuZWM,605506
cap - 6476.PNG,0B8WcbXogHvegT0V6LVgtWml1b3M,553752
cap - 6477.PNG,0B8WcbXogHvegRXlSdnFCaERmR00,558058
cap - 6478.PNG,0B8WcbXogHvegYUdESzVlemRpSWs,596841
cap - 6479.PNG,0B8WcbXogHvegTlI3bVlzei1SZEU,607574
cap - 6480.PNG,0B8WcbXogHvegTi12OHY5MUlxVGM,630825
cap - 6481.PNG,0B8WcbXogHvegdy1OR0twOFFwV1E,601346
cap - 6482.PNG,0B8WcbXogHvegM3VJd1lqODdPQ2c,613194
cap - 6483.PNG,0B8WcbXogHvegTGlId2Z0Ymd4T1k,573624
cap - 6484.PNG,0B8WcbXogHvegT2JBOVQwOUJWeFU,496001
cap - 6485.PNG,0B8WcbXogHvegUTRCZ3ZadXYybms,531724
cap - 6486.PNG,0B8WcbXogHvegdC04U0ZHTlZuSnM,593644
cap - 6487.PNG,0B8WcbXogHvegdjZWdUpPdVpQbkU,557291
cap - 6488.PNG,0B8WcbXogHvegVVgwZ29aRzFJQkU,496654
cap - 6489.PNG,0B8WcbXogHvegMGJnOHZtaTBZVUE,581613
cap - 6490.PNG,0B8WcbXogHvegeTNWb25CWFllakE,489889
cap - 6491.PNG,0B8WcbXogHvegajVfb25IS3RsSjQ,503026
cap - 6492.PNG,0B8WcbXogHvegTDRvQnhrUnBhQkE,515438
cap - 6493.PNG,0B8WcbXogHvegT1BGZDljUkREdnc,514183
cap - 6494.PNG,0B8WcbXogHvegWGFZaGNINHo3Ym8,501262
cap - 6495.PNG,0B8WcbXogHvegYlJlX05RVjczaFU,527344
cap - 6496.PNG,0B8WcbXogHvegMXpQelh5NlIwNEk,555711
cap - 6497.PNG,0B8WcbXogHvegSVVWZXU1cWxuZUk,529033
cap - 6498.PNG,0B8WcbXogHvegYksyTERubjRRSkE,524313
cap - 6499.PNG,0B8WcbXogHvegOXJQZy1Eamd2SE0,472706
cap - 6500.PNG,0B8WcbXogHvegRGlMRUxUOEtLakk,483228
cap - 6501.PNG,0B8WcbXogHvegM3VlVTlpXy10UlE,557681
cap - 6502.PNG,0B8WcbXogHvegZmlUUUlLMUU1aHM,551644
cap - 6503.PNG,0B8WcbXogHvega2tTV3FwbTFIR3M,550817
cap - 6504.PNG,0B8WcbXogHvegdEt5eHN6dFM2TUk,542365
cap - 6505.PNG,0B8WcbXogHvegQXlySk5hT3hVTUU,552006
cap - 6506.PNG,0B8WcbXogHvegaHlNM1BOTF9aWTQ,528418
cap - 6507.PNG,0B8WcbXogHvegZHB1UkxEZDcyY2s,499637
cap - 6508.PNG,0B8WcbXogHvegbi1SLUluMW9CWFk,554061
cap - 6509.PNG,0B8WcbXogHvegTmxhWnRDQ3ZLMVE,490809
cap - 6510.PNG,0B8WcbXogHvegZm1KRkJZcE42bU0,547671
cap - 6511.PNG,0B8WcbXogHvegRFZGZ3Q5Rmtyak0,535031
cap - 6512.PNG,0B8WcbXogHvegVGhNanZ4N1BFNkk,505573
cap - 6513.PNG,0B8WcbXogHvegMnRKVXl1RGRMZlU,493934
cap - 6514.PNG,0B8WcbXogHvegdDZ3SFlUR1BaSjg,525795
cap - 6515.PNG,0B8WcbXogHvegTHo0NmVSM3RuekU,485571
cap - 6516.PNG,0B8WcbXogHvegZkptV2d0NlFMWnM,530366
cap - 6517.PNG,0B8WcbXogHvegYlhsQzZZamRiZVU,517799
cap - 6518.PNG,0B8WcbXogHvegZWFDRjRKSk51eUk,561205
cap - 6519.PNG,0B8WcbXogHvegaFROTk9lMkdjams,525769
cap - 6520.PNG,0B8WcbXogHvegRDB4Q3htR1EyTWM,630601
cap - 6521.PNG,0B8WcbXogHvegSEd4aC1xaXpCMFE,484281
cap - 6522.PNG,0B8WcbXogHvegM2ZjdHJYSVBKNkk,466277
cap - 6523.PNG,0B8WcbXogHvegZk5LZ2J3emVCQ0E,537553
cap - 6524.PNG,0B8WcbXogHvegSnJuVGdrZ2lEaVU,458164
cap - 6525.PNG,0B8WcbXogHvega2hBSTk1V3JNOUU,441112
cap - 6526.PNG,0B8WcbXogHvegMkwzd1NLTHJEZ0E,480926
cap - 6527.PNG,0B8WcbXogHvegRHk0anVRMEdfaGc,499565
cap - 6528.PNG,0B8WcbXogHvegUXBEcmJFbnI2dE0,483009
cap - 6529.PNG,0B8WcbXogHvegUG9kWVlNdFJ4Qm8,572476
cap - 6530.PNG,0B8WcbXogHvegZ2lLR2pMSkNyV1k,647157
cap - 6531.PNG,0B8WcbXogHvegbE9nNEhpMElKYkk,720968
cap - 6532.PNG,0B8WcbXogHvegeWc5bXk1aXlHdzA,683297
cap - 6533.PNG,0B8WcbXogHvegdUhxaFFocnhLT3M,624026
cap - 6534.PNG,0B8WcbXogHvegS0RnR3lJdTg3U0E,617368
cap - 6535.PNG,0B8WcbXogHvegZWtNSTdxQ3pobEE,633967
cap - 6536.PNG,0B8WcbXogHvegMFZ6LUhRWnBKM3M,474477
cap - 6537.PNG,0B8WcbXogHvegWFhRdkFORlhkNGs,515402
cap - 6538.PNG,0B8WcbXogHvegOHdUeDVOOEhmVkE,526581
cap - 6539.PNG,0B8WcbXogHvegWGNvN01jcDhtTzg,612069
cap - 6540.PNG,0B8WcbXogHvegbnJRTWhlVFBfTWs,686761
cap - 6541.PNG,0B8WcbXogHvegOW1haFpENFc0NTg,702655
cap - 6542.PNG,0B8WcbXogHvegeVYtOWgwaWFRaFk,598845
cap - 6543.PNG,0B8WcbXogHvegb0hOeHRubWpzRGM,466275
cap - 6544.PNG,0B8WcbXogHvegbmh3LUdxTlNhRTQ,459797
cap - 6545.PNG,0B8WcbXogHvegUktCdVRJcmVsOGs,604577
cap - 6546.PNG,0B8WcbXogHvega0o1czhKUWRzOWc,619262
cap - 6547.PNG,0B8WcbXogHvegZDlpd0hrQkZuU1E,589636
cap - 6548.PNG,0B8WcbXogHvegMkNxa3ZRNVcwbkk,618625
cap - 6549.PNG,0B8WcbXogHvegemRLODNnb3c3VkE,539976
cap - 6550.PNG,0B8WcbXogHvegOWMtamtnUWNVSVU,458341
cap - 6551.PNG,0B8WcbXogHvegTGFRQWZtclhMMk0,569539
cap - 6552.PNG,0B8WcbXogHvegNjBxVHJmWkhVQUE,559976
cap - 6553.PNG,0B8WcbXogHvegYXNpWGNPVDlYdzg,535968
cap - 6554.PNG,0B8WcbXogHvegUUoxZG5BOVd5R2s,603997
cap - 6555.PNG,0B8WcbXogHvegdThuV0xrcTUwajA,790182
cap - 6556.PNG,0B8WcbXogHvegZ0pFRVh1cEc4bHM,716870
cap - 6557.PNG,0B8WcbXogHvegbHpMRHVOY2Nfc0k,678565
cap - 6558.PNG,0B8WcbXogHvegb19IbncxQTNiTU0,713694
cap - 6559.PNG,0B8WcbXogHvegMWJBc0F2Z1JzOTA,699828
cap - 6560.PNG,0B8WcbXogHvegZWt3S0FDSFJSYnM,483542
cap - 6561.PNG,0B8WcbXogHvegazJMcUpjZDg4aGM,523218
cap - 6562.PNG,0B8WcbXogHvegVkVxd1d3dEtLX2M,512796
cap - 6563.PNG,0B8WcbXogHvegMEI2NGphZHBYcUE,608055
cap - 6564.PNG,0B8WcbXogHvegc3NSRzdzQTVZUEU,609439
cap - 6565.PNG,0B8WcbXogHvega2UtUUlBbUNXOE0,572833
cap - 6566.PNG,0B8WcbXogHvegaE5fcTlQcGxjelk,653766
cap - 6567.PNG,0B8WcbXogHvegN2VOb1hGbXhHYVE,660476
cap - 6568.PNG,0B8WcbXogHvegd1Y0RS1UWmJ0QTg,735268
cap - 6569.PNG,0B8WcbXogHvegdzlJRHVCUjJBck0,499048
cap - 6570.PNG,0B8WcbXogHvegSFRkN0VfZEk5TXc,480744
cap - 6571.PNG,0B8WcbXogHvegTllDbDhrc1pXWTA,467573
cap - 6572.PNG,0B8WcbXogHvegS1V0b2RqSi16a2c,484135
cap - 6573.PNG,0B8WcbXogHvegSWtobWFvSVZtd0k,475021
cap - 6574.PNG,0B8WcbXogHvegUDFDZWRLcWJCM2c,710774
cap - 6575.PNG,0B8WcbXogHvegX1pNVHNLYUVtMVk,727919
cap - 6576.PNG,0B8WcbXogHvegcGwwdU9wN0RtRUE,655605
cap - 6577.PNG,0B8WcbXogHvegOUtqdUQwTFZYYVE,660017
cap - 6578.PNG,0B8WcbXogHvegNnFkcklVVWViQ2c,707822
cap - 6579.PNG,0B8WcbXogHvegXzk4TVF2SEV4MWc,696747
cap - 6580.PNG,0B8WcbXogHvegMi1RZjlWNVRfVVk,645540
cap - 6581.PNG,0B8WcbXogHvegV2tEYkNVaFV6Unc,655782
cap - 6582.PNG,0B8WcbXogHvegc0dVLVE5a2NEZWc,654480
cap - 6583.PNG,0B8WcbXogHvegaFFVdDF4YlNlX0U,666949
cap - 6584.PNG,0B8WcbXogHvegWEJMSlZpTEllNkE,581227
cap - 6585.PNG,0B8WcbXogHvegckJ2WXlOT1NUU1E,531833
cap - 6586.PNG,0B8WcbXogHvegaXlubGxPNWk1UlU,517538
cap - 6587.PNG,0B8WcbXogHvegbEFPMUdqWE4xVzA,456737
cap - 6588.PNG,0B8WcbXogHvegSXpWUDVKQTF1dEk,411204
cap - 6589.PNG,0B8WcbXogHvegNXlOZTA4UXd0VTA,619681
cap - 6590.PNG,0B8WcbXogHvegeEJPcmpmT3RDOHc,674500
cap - 6591.PNG,0B8WcbXogHvegcVk4QVJpek90bXc,695110
cap - 6592.PNG,0B8WcbXogHvegSTJYa19wRG1ZbWM,681436
cap - 6593.PNG,0B8WcbXogHvegY3NiQ2oxZjlvUlE,688018
cap - 6594.PNG,0B8WcbXogHvegLUJQZW5KZndORTA,675217
cap - 6595.PNG,0B8WcbXogHvegb2lGTkRNZVZPeDg,657464
cap - 6596.PNG,0B8WcbXogHvegQnVnOXNKQklwQnc,677286
cap - 6597.PNG,0B8WcbXogHvegT0dPdTdGc29IQmc,664623
cap - 6598.PNG,0B8WcbXogHvegMDhFVGR2NXJtV0k,697887
cap - 6599.PNG,0B8WcbXogHvegWWMza0EwMlhDcjg,622299
cap - 6600.PNG,0B8WcbXogHvegbmlxZmxZbHpCcW8,687411
cap - 6601.PNG,0B8WcbXogHvegaXJJN0xSR000ZU0,698218
cap - 6602.PNG,0B8WcbXogHvegUnBscXFPTTE5WE0,702763
cap - 6603.PNG,0B8WcbXogHvegZjNNZmJ6cUIyY1E,718389
cap - 6604.PNG,0B8WcbXogHvegbVdDa0VGNmxua1E,707845
cap - 6605.PNG,0B8WcbXogHvegRG5kVmlDWjNsbnc,702736
cap - 6606.PNG,0B8WcbXogHvegY0NucVlrem0ySGs,714064
cap - 6607.PNG,0B8WcbXogHvegWkFOSl9iS0p3bFk,687067
cap - 6608.PNG,0B8WcbXogHvegc19nVlE3Q0o2UWs,718780
cap - 6609.PNG,0B8WcbXogHvegNi12RWNuRFFMZkk,417064
cap - 6610.PNG,0B8WcbXogHvegLXAxeVpmUXNudHc,575625
cap - 6611.PNG,0B8WcbXogHvegZ2VvZGMzcUYzSzQ,626712
cap - 6612.PNG,0B8WcbXogHvegYU4wY1dyNTdEZ00,553884
cap - 6613.PNG,0B8WcbXogHvegWEs3eTktUUk3NUk,652678
cap - 6614.PNG,0B8WcbXogHvegWVRnVGZ5NEVsdm8,626555
cap - 6615.PNG,0B8WcbXogHvegR2xMQS1DUldOTnM,520409
cap - 6616.PNG,0B8WcbXogHvegV1Q0aFlDaTRUWWs,617143
cap - 6617.PNG,0B8WcbXogHvegMDN6Q2NiN3AtQlE,621151
cap - 6618.PNG,0B8WcbXogHvegbGc4VjNUTnhnT2M,579100
cap - 6619.PNG,0B8WcbXogHvegWmxueG5heGlqa1U,528731
cap - 6620.PNG,0B8WcbXogHvegTGdHVHdfUl9JOWs,579150
cap - 6621.PNG,0B8WcbXogHvegMkxwc3JCVFJnTmM,567712
cap - 6622.PNG,0B8WcbXogHvegYlF5aV9pTXMwQzQ,538957
cap - 6623.PNG,0B8WcbXogHvegZk9Oek1MRWtLdVU,527279
cap - 6624.PNG,0B8WcbXogHvegcERZeE9ZRHZRclE,681396
cap - 6625.PNG,0B8WcbXogHvegNDk0d2hfUUlYZ0k,600633
cap - 6626.PNG,0B8WcbXogHvegMzNrRmhpWHNkWlU,562168
cap - 6627.PNG,0B8WcbXogHvegcF9pWFBMc3djZ0E,560184
cap - 6628.PNG,0B8WcbXogHvegWlVNaHZYTzZhVGc,540046
cap - 6629.PNG,0B8WcbXogHvegY3U5N2FkclA5WTg,529955
cap - 6630.PNG,0B8WcbXogHvegUzJiMHgtMm11OVU,521485
cap - 6631.PNG,0B8WcbXogHvegaFl3eW8xUHN5Ym8,510426
cap - 6632.PNG,0B8WcbXogHvegLVZCdEJOM0tLeGM,497040
cap - 6633.PNG,0B8WcbXogHvegWmFrNHRZeXNGTlU,471384
cap - 6634.PNG,0B8WcbXogHvegaEpOTnJJRE5GTU0,458620
cap - 6635.PNG,0B8WcbXogHvegRTJ1clRmYms5cW8,431377
cap - 6636.PNG,0B8WcbXogHvegVnRKbUgtTU93Mzg,441561
cap - 6637.PNG,0B8WcbXogHvegMXBPd0paOEdUdnM,519438
cap - 6638.PNG,0B8WcbXogHvegN2RneHNKLUJpX3M,648309
cap - 6639.PNG,0B8WcbXogHvegSGxfdzNTZ0pXbVE,610308
cap - 6640.PNG,0B8WcbXogHvegLVp4QTBubUpXakk,608378
cap - 6641.PNG,0B8WcbXogHvegbmw2WlhFMDRlcWM,572557
cap - 6642.PNG,0B8WcbXogHvegY2xXX0pTbnM1UDA,635022
cap - 6643.PNG,0B8WcbXogHvegUmo1OTFybUNNR0U,647500
cap - 6644.PNG,0B8WcbXogHvegcUp3QVM3NElkN1E,702456
cap - 6645.PNG,0B8WcbXogHvegcXZYN2QtOEpWQU0,734924
cap - 6646.PNG,0B8WcbXogHvegakxjd1FBNzJtRXc,710241
cap - 6647.PNG,0B8WcbXogHveganR5M2xHUldNSGc,719492
cap - 6648.PNG,0B8WcbXogHvegcHlsNjhxRnpROVU,684285
cap - 6649.PNG,0B8WcbXogHvegVFdkNUlId1VsYmM,666471
cap - 6650.PNG,0B8WcbXogHvegV3dOb0tXQXFGSnM,716636
cap - 6651.PNG,0B8WcbXogHvegVG5HNk42ZDlJaVU,631617
cap - 6652.PNG,0B8WcbXogHvegR0VpNUhMdl9LVzg,540387
cap - 6653.PNG,0B8WcbXogHvegbnlZYl9NNFc2Y2s,669689
cap - 6654.PNG,0B8WcbXogHvegUkxyUG90THJqTnc,676501
cap - 6655.PNG,0B8WcbXogHvegMWZmM1JDcWJVVlE,734099
cap - 6656.PNG,0B8WcbXogHvegYm12YUg1RVF1VTA,758795
cap - 6657.PNG,0B8WcbXogHvegaUJWc0J1WlJTR00,730339
cap - 6658.PNG,0B8WcbXogHvegcEJuS2xpY2tnb0k,694000
cap - 6659.PNG,0B8WcbXogHvegZmRtZWVOWWZoVUE,724596
cap - 6660.PNG,0B8WcbXogHvegeDh4eTF0d0VXdW8,737004
cap - 6661.PNG,0B8WcbXogHvegVzhFaWt6MGtsZWs,729493
cap - 6662.PNG,0B8WcbXogHvegcElhYW9Sc2FjZTQ,707583
cap - 6663.PNG,0B8WcbXogHvegTVNPRFB6S1pYcGc,701265
cap - 6664.PNG,0B8WcbXogHvegYTFONkJyUld6c2M,672338
cap - 6665.PNG,0B8WcbXogHvegTjlsQ2MweFA1aHc,661119
cap - 6666.PNG,0B8WcbXogHvegQWpBRG5LX09maVE,676595
cap - 6667.PNG,0B8WcbXogHvegTXRZX0hjM0g3TXM,726635
cap - 6668.PNG,0B8WcbXogHvegVVBCR1ZIQ1g3V0E,711142
cap - 6669.PNG,0B8WcbXogHvegMUdIWTJfcms2N2s,673921
cap - 6670.PNG,0B8WcbXogHvegUmhSREZCdVFJaUU,632955
cap - 6671.PNG,0B8WcbXogHvegS0xYbnB1eWstY2M,596436
cap - 6672.PNG,0B8WcbXogHvegN0JzR01sbFVWbGM,595748
cap - 6673.PNG,0B8WcbXogHvegMlhETGZXek9jd2c,594202
cap - 6674.PNG,0B8WcbXogHvegMlpnOTNWMmtGYk0,727399
cap - 6675.PNG,0B8WcbXogHvegWXUtZlB4aGxKdFk,703894
cap - 6676.PNG,0B8WcbXogHvegN2VLbi1TekFSWlE,615346
cap - 6677.PNG,0B8WcbXogHvegOTVaV2hpbndscGc,626532
cap - 6678.PNG,0B8WcbXogHvegSUtkbXNmazF5eXc,649095
cap - 6679.PNG,0B8WcbXogHvegNEVSM2FZaFhoRWs,659058
cap - 6680.PNG,0B8WcbXogHvegUWJRTkU5WTktQ1E,691054
cap - 6681.PNG,0B8WcbXogHvegVWw5RlBnWWZIbEE,718392
cap - 6682.PNG,0B8WcbXogHvegR0RwU2YxRFRSZnc,697876
cap - 6683.PNG,0B8WcbXogHvegYlhlV09FU3VzbXc,686747
cap - 6684.PNG,0B8WcbXogHvegbjNWVFBHdTE5WkU,639421
cap - 6685.PNG,0B8WcbXogHvegUW9HVXo2c1lSVmM,644078
cap - 6686.PNG,0B8WcbXogHvegWnRqZXBITk9CMEk,644273
cap - 6687.PNG,0B8WcbXogHvegd2xhb2lqbmo2OGs,646363
cap - 6688.PNG,0B8WcbXogHvegZmVuSlZ4RjhuU1U,650941
cap - 6689.PNG,0B8WcbXogHvegUi00Yk9NMDBQY0U,609288
cap - 6690.PNG,0B8WcbXogHvegcFhoWldmSVNYZnc,634005
cap - 6691.PNG,0B8WcbXogHvegc200OVRMVmYyakU,646145
cap - 6692.PNG,0B8WcbXogHvegZ2Zud0M0ZjNwd1E,644823
cap - 6693.PNG,0B8WcbXogHvegdEtySkkzNDZKLUk,655559
cap - 6694.PNG,0B8WcbXogHvegYktpVDB2Vjl2N00,735930
cap - 6695.PNG,0B8WcbXogHvegWVdXY3dhbjBHZU0,683507
cap - 6696.PNG,0B8WcbXogHvegTmxITXl5VU0wS1k,724192
cap - 6697.PNG,0B8WcbXogHvegeXJsT2xtQWc5M3M,670771
cap - 6698.PNG,0B8WcbXogHvegNGNvQV8zbTI5S2c,646480
cap - 6699.PNG,0B8WcbXogHvegQWw2RE4tcDJQT3c,621573
cap - 6700.PNG,0B8WcbXogHvegU0pmRG5vMnZqYVE,699172
cap - 6701.PNG,0B8WcbXogHvegN1JNUGZ3SXhsWk0,696615
cap - 6702.PNG,0B8WcbXogHvegX3VnenkteEFRelE,707199
cap - 6703.PNG,0B8WcbXogHvegY0pHcEQ5SWVqZkE,701076
cap - 6704.PNG,0B8WcbXogHvegNW9KX0t1UlQwS0E,667968
cap - 6705.PNG,0B8WcbXogHvegS0RZYzVUVmtLWTQ,646592
cap - 6706.PNG,0B8WcbXogHvegYmp2YWx4Ny1lZjQ,659002
cap - 6707.PNG,0B8WcbXogHvegUGtjeWptYXlnT0k,647431
cap - 6708.PNG,0B8WcbXogHvegempBVkRLdHFmdVU,713314
cap - 6709.PNG,0B8WcbXogHvegWTltTHRiVi1PTVE,657868
cap - 6710.PNG,0B8WcbXogHvegcEoyRVM2amQ1eG8,759732
cap - 6711.PNG,0B8WcbXogHvegSVZjUDZaQnk5Mk0,748163
cap - 6712.PNG,0B8WcbXogHvegMU1qd3dodUwxcGc,747900
cap - 6713.PNG,0B8WcbXogHvegbC12N3N6UmNKMzA,592808
cap - 6714.PNG,0B8WcbXogHvegT0ZFT2wwazFGQzg,672341
cap - 6715.PNG,0B8WcbXogHvegVGU4WS1PbnFveFk,725414
cap - 6716.PNG,0B8WcbXogHvegMExWd1NJQ0dtQ1E,618100
cap - 6717.PNG,0B8WcbXogHvegaUtkZnZkaF9ja2M,698115
cap - 6718.PNG,0B8WcbXogHvegTXNPMmlIdG1INWs,786534
cap - 6719.PNG,0B8WcbXogHvegLWNLd21fMF9JcFU,678487
cap - 6720.PNG,0B8WcbXogHvegd2JjelE5RV80ems,726383
cap - 6721.PNG,0B8WcbXogHvegRWJwN2xpeDVOTnM,563325
cap - 6722.PNG,0B8WcbXogHvegSkMyWHNaY3EzSFE,615128
cap - 6723.PNG,0B8WcbXogHvegTEZSNWNqN1dVOVE,632455
cap - 6724.PNG,0B8WcbXogHvegbjdsWWJzNHEyRmM,642729
cap - 6725.PNG,0B8WcbXogHvegc0w1ODhPQUVmSkk,644494
cap - 6726.PNG,0B8WcbXogHvegVm1PRkNNWXpkb2c,628538
cap - 6727.PNG,0B8WcbXogHvegSV9rOVliRmtZak0,603941
cap - 6728.PNG,0B8WcbXogHvegd09QbUZNdm9KUTQ,579208
cap - 6729.PNG,0B8WcbXogHvegY004NTI1S2RmemM,591566
cap - 6730.PNG,0B8WcbXogHvegUUpoaDZKaGNvcmc,601839
cap - 6731.PNG,0B8WcbXogHvegYXlkQk5mYWIyaE0,619835
cap - 6732.PNG,0B8WcbXogHvegRDNvUmR6VzZtSlE,626859
cap - 6733.PNG,0B8WcbXogHvegS0F2WGlMN01LN00,622999
cap - 6734.PNG,0B8WcbXogHvegY0dGbXR2cDNnQjA,604238
cap - 6735.PNG,0B8WcbXogHvegbnNQX3RZNmxBR28,628205
cap - 6736.PNG,0B8WcbXogHvegdVJsVFBUUlY1Q00,634885
cap - 6737.PNG,0B8WcbXogHvegS2x4azE0Z2xZeFk,636841
cap - 6738.PNG,0B8WcbXogHvegNDZGTUlNc3EtRFE,702540
cap - 6739.PNG,0B8WcbXogHvegcFBkakNORXljeHc,648589
cap - 6740.PNG,0B8WcbXogHvegemFKcTllQUJ3T3M,608177
cap - 6741.PNG,0B8WcbXogHvegVUg4ZWpQUTdGUHM,622300
cap - 6742.PNG,0B8WcbXogHvegaWxnejZ3ekkzQ3M,573924
cap - 6743.PNG,0B8WcbXogHvegekhIN1Bxb1RQYmc,559020
cap - 6744.PNG,0B8WcbXogHvegU005d2JrY2tOV0k,630690
cap - 6745.PNG,0B8WcbXogHvegLU9jd2xWNTlDTWc,590218
cap - 6746.PNG,0B8WcbXogHvegQWoxY2Z4RGpQdUE,556960
cap - 6747.PNG,0B8WcbXogHvegVEJtdTkxYmxOZjA,629251
cap - 6748.PNG,0B8WcbXogHvegaGR6V2dMaGN0TTA,638914
cap - 6749.PNG,0B8WcbXogHvegS1VkcHBlMTZPd0E,604462
cap - 6750.PNG,0B8WcbXogHvegeWdINHVJYS1iS1k,543947
cap - 6751.PNG,0B8WcbXogHvegOGJjb1lxa2MtX1E,558735
cap - 6752.PNG,0B8WcbXogHvegaFE3VFo4cmxDUnM,575675
cap - 6753.PNG,0B8WcbXogHvegOE9vdEtYQmFpOWs,644689
cap - 6754.PNG,0B8WcbXogHvegRjBsZ3IwYmluQWM,653406
cap - 6755.PNG,0B8WcbXogHvegUFdKQWtTaGppMVk,625917
cap - 6756.PNG,0B8WcbXogHvegMl95RjlvUU1DazQ,617805
cap - 6757.PNG,0B8WcbXogHvegOGl5STJxM29iVGc,654007
cap - 6758.PNG,0B8WcbXogHvegTTZleTI5UHFWVFU,608791
cap - 6759.PNG,0B8WcbXogHvegQjZzUVZmQk43THc,652432
cap - 6760.PNG,0B8WcbXogHvegSEdhZFlYVHNtTDA,644911
cap - 6761.PNG,0B8WcbXogHvegeUgzdUl3a3RWMkE,681952
cap - 6762.PNG,0B8WcbXogHvegWG5vMVhURWp2UUk,589863
cap - 6763.PNG,0B8WcbXogHvegY2ZSdjhvZDl4RVE,613849
cap - 6764.PNG,0B8WcbXogHvegeGhpcjcwcHVRbjA,618652
cap - 6765.PNG,0B8WcbXogHvegQUNUbVZwT1lROXc,622525
cap - 6766.PNG,0B8WcbXogHvegbE5Lckp0RWpsNTg,816912
cap - 6767.PNG,0B8WcbXogHvegQXFlU3RzN2tIMms,749568
cap - 6768.PNG,0B8WcbXogHvegZm9pQWc5SmZzWGM,684481
cap - 6769.PNG,0B8WcbXogHvegMzlpZ0J4MWNoWFE,660231
cap - 6770.PNG,0B8WcbXogHvegWDEteXEtOHF0cm8,706367
cap - 6771.PNG,0B8WcbXogHvegZ3JScUFjR1ZqSTg,604073
cap - 6772.PNG,0B8WcbXogHvegZWEwVG91SmZjRFk,698476
cap - 6773.PNG,0B8WcbXogHvegYW1sMlZWVEpMM0E,791314
cap - 6774.PNG,0B8WcbXogHvegTENLb1RtcWpNWWs,779839
cap - 6775.PNG,0B8WcbXogHvegY1NwSml1SVBROWc,779831
cap - 6776.PNG,0B8WcbXogHvegT2FCU3N0elN4Yjg,787578
cap - 6777.PNG,0B8WcbXogHvega014OHZOUHhOcUE,801005
cap - 6778.PNG,0B8WcbXogHvegVnZxVEhGZEtVN2M,765513
cap - 6779.PNG,0B8WcbXogHvegZEZLM1NYbUlzWG8,802344
cap - 6780.PNG,0B8WcbXogHvegRGhOMWxkRUlvRHc,794967
cap - 6781.PNG,0B8WcbXogHvegMnFHYl94eUlXZGc,494340
cap - 6782.PNG,0B8WcbXogHvegNkJNZTZyUTAxbXM,511435
cap - 6783.PNG,0B8WcbXogHvegVmRSLVR4SXE5Yjg,407577
cap - 6784.PNG,0B8WcbXogHvegTkV6aklXQU1VeWs,713598
cap - 6785.PNG,0B8WcbXogHvegdk5oc3I2QVVBRGc,748117
cap - 6786.PNG,0B8WcbXogHvegamI2LWppOXVmTjA,727480
cap - 6787.PNG,0B8WcbXogHvegVUFfeFNrUGJ1akk,539618
cap - 6788.PNG,0B8WcbXogHvegWFpGV1dMVUd2ejA,684710
cap - 6789.PNG,0B8WcbXogHvegbXlnS1VEQ3pfMVk,667791
cap - 6790.PNG,0B8WcbXogHvegVjlqOWhyNEx6eE0,656428
cap - 6791.PNG,0B8WcbXogHvegbld3VWI1Zm44Y3M,519241
cap - 6792.PNG,0B8WcbXogHvegazRJUlFBMGcwWVk,514899
cap - 6793.PNG,0B8WcbXogHvegOXkwdDhPTDQzbmc,600762
cap - 6794.PNG,0B8WcbXogHvegVW5qSU9LdDJwMVk,644396
cap - 6795.PNG,0B8WcbXogHvegd2l3VVJtanc3V2s,621554
cap - 6796.PNG,0B8WcbXogHvegcHp4ZWY3Tl8zNjg,697083
cap - 6797.PNG,0B8WcbXogHvegMWJrWWlUdXJGU0U,608817
cap - 6798.PNG,0B8WcbXogHvegNGN5OFFaNkpiMWc,591624
cap - 6799.PNG,0B8WcbXogHvegQ01HeTZYbV90Qk0,600462
cap - 6800.PNG,0B8WcbXogHvegalNleVNSWmFrNzA,641453
cap - 6801.PNG,0B8WcbXogHvegUk9Vb3dIU2M4aDg,648967
cap - 6802.PNG,0B8WcbXogHvegcGtCTmloYkFmbDQ,656526
cap - 6803.PNG,0B8WcbXogHvegODZiXzRRR3lDb2s,682729
cap - 6804.PNG,0B8WcbXogHvegeGNYRU5QaVp3Qlk,671808
cap - 6805.PNG,0B8WcbXogHvegR2hjRFIyWFMtSEE,647006
cap - 6806.PNG,0B8WcbXogHvegNy12Z3RZc2JfWEE,653298
cap - 6807.PNG,0B8WcbXogHvegSzhhcTgweGpHb1U,682470
cap - 6808.PNG,0B8WcbXogHvegTFlVZ2k3d0xraUU,648906
cap - 6809.PNG,0B8WcbXogHvegVkhyMThaVGFGTlE,655616
cap - 6810.PNG,0B8WcbXogHveganRDSDdyQ0hETDg,715004
cap - 6811.PNG,0B8WcbXogHvegVzVmaWY5MkFFeGM,535658
cap - 6812.PNG,0B8WcbXogHvegMWdBaE5vRzlEX3c,621865
cap - 6813.PNG,0B8WcbXogHvegNE9JY1dQRmMxUkE,683353
cap - 6814.PNG,0B8WcbXogHvegUzdDZmFVNjRWVjg,647243
cap - 6815.PNG,0B8WcbXogHvegQmlxbXczM0I5c0E,668391
cap - 6816.PNG,0B8WcbXogHvegbVJ6dmNtbFRUVGc,634246
cap - 6817.PNG,0B8WcbXogHvegb19qQXJvVmZza2s,593808
cap - 6818.PNG,0B8WcbXogHvegZnlYV1lKdHJiZFU,577177
cap - 6819.PNG,0B8WcbXogHvegd1BlaVdEUW9sWVk,573277
cap - 6820.PNG,0B8WcbXogHvegZUJDZk1jcnAyNGc,611956
cap - 6821.PNG,0B8WcbXogHvegUHBDQ25iMG43MHM,654648
cap - 6822.PNG,0B8WcbXogHvegYUpsclZhNlBxRE0,693411
cap - 6823.PNG,0B8WcbXogHvegWTNOZWJhWHVsYXc,605928
cap - 6824.PNG,0B8WcbXogHvegVFNka2ZjMmxHWUE,592842
cap - 6825.PNG,0B8WcbXogHvegSVo5S1ZzYWswOU0,542795
cap - 6826.PNG,0B8WcbXogHvegYUJKbFZHRTkzVkU,523861
cap - 6827.PNG,0B8WcbXogHvegRGEwanZhdDVpRWc,553986
cap - 6828.PNG,0B8WcbXogHvegd3FEcWVyMnlVQWs,502462
cap - 6829.PNG,0B8WcbXogHvegYTdjTnZGSVM1UG8,602961
cap - 6830.PNG,0B8WcbXogHvegeXJSeHh4RjRkZ0U,572210
cap - 6831.PNG,0B8WcbXogHvegZmxZcW5veEFOQUk,487105
cap - 6832.PNG,0B8WcbXogHvegLWZIWFB2Y0VvZnc,506272
cap - 6833.PNG,0B8WcbXogHvegdkVUdjVjYi1KdHM,470438
cap - 6834.PNG,0B8WcbXogHvegbVRLQmo5M1M0STQ,565268
cap - 6835.PNG,0B8WcbXogHvegVWdvS2pjV01SenM,734332
cap - 6836.PNG,0B8WcbXogHvegcm5qWGVCMVpwd2c,734009
cap - 6837.PNG,0B8WcbXogHvegQTNsSWZ6S1Y2UG8,713344
cap - 6838.PNG,0B8WcbXogHvegd3lpeHBpT3hjSEk,621835
cap - 6839.PNG,0B8WcbXogHvegcjB4d3NsRm1Bd1U,502372
cap - 6840.PNG,0B8WcbXogHvegeEtHYVNCdHB1TzA,504718
cap - 6841.PNG,0B8WcbXogHvegNkhsYkttc1hGbjA,480003
cap - 6842.PNG,0B8WcbXogHvegTmF0SVBMTEdWanM,459538
cap - 6843.PNG,0B8WcbXogHvegbVZ3alZtRENNMVk,481952
cap - 6844.PNG,0B8WcbXogHvegekFwVHRQcHVhcGc,482237
cap - 6845.PNG,0B8WcbXogHvegUzl1UUF2dk1KWGc,520195
cap - 6846.PNG,0B8WcbXogHvegTlpWdE5iOFAxSVE,567288
cap - 6847.PNG,0B8WcbXogHvegNUpGNkJtU3djck0,574452
cap - 6848.PNG,0B8WcbXogHvegdllkUXBWOWVmZzQ,584134
cap - 6849.PNG,0B8WcbXogHvegX2l3QkN4V21WUVU,567799
cap - 6850.PNG,0B8WcbXogHvegR2RyUk5lNXd0LTQ,570336
cap - 6851.PNG,0B8WcbXogHvegelNPTDMxSFFXYWM,564797
cap - 6852.PNG,0B8WcbXogHvegUWdLejFZaF9YZVk,545867
cap - 6853.PNG,0B8WcbXogHvegQVNNbHpJcmlldGM,530429
cap - 6854.PNG,0B8WcbXogHvegNEE5ei11VFFBMGs,520512
cap - 6855.PNG,0B8WcbXogHvegS0loWlEtSVZSWHc,473431
cap - 6856.PNG,0B8WcbXogHvegU3hKWk8tSXpZcGc,497498
cap - 6857.PNG,0B8WcbXogHvegUUR5RVppNjVEM2s,522298
cap - 6858.PNG,0B8WcbXogHvegRUV4V2s1WnhfbEk,515811
cap - 6859.PNG,0B8WcbXogHvegRmktdkpiZGdNbTQ,531259
cap - 6860.PNG,0B8WcbXogHvegX0c0OVUtN2pEZkE,473699
cap - 6861.PNG,0B8WcbXogHvegb2tQZzMzdFNtNE0,444244
cap - 6862.PNG,0B8WcbXogHvegV0NDTTFaUjVuYlk,453609
cap - 6863.PNG,0B8WcbXogHvega0hxTFV4eGQ5T0k,430166
cap - 6864.PNG,0B8WcbXogHvegLVFvLWg5bHRZd1U,451294
cap - 6865.PNG,0B8WcbXogHvegZ0VieTFTajNqVEU,441013
cap - 6866.PNG,0B8WcbXogHvegaDJwS3BuMFh5WEU,524886
cap - 6867.PNG,0B8WcbXogHvegVmJKRURvWGwySm8,511217
cap - 6868.PNG,0B8WcbXogHvegemk4cU5rRUNFaW8,482242
cap - 6869.PNG,0B8WcbXogHvegX1g0d0lSTDJDZWc,533022
cap - 6870.PNG,0B8WcbXogHvegOGdYVmVZWXlreFU,507265
cap - 6871.PNG,0B8WcbXogHvegaGZtenpLNFJsNFE,540089
cap - 6872.PNG,0B8WcbXogHvegNzF0alRoUDM3Z2s,486643
cap - 6873.PNG,0B8WcbXogHvegcmJOZUVFQUlqOHM,505595
cap - 6874.PNG,0B8WcbXogHvegM2t6S0JUaWUwWms,495253
cap - 6875.PNG,0B8WcbXogHvegNElqQ1VtaWVPTzQ,471787
cap - 6876.PNG,0B8WcbXogHvegWlRvSUlEUWRjeXM,574395
cap - 6877.PNG,0B8WcbXogHvegc09IeWNremw5UjA,752496
cap - 6878.PNG,0B8WcbXogHvegTlE4T0w4dTBBZ1U,801599
cap - 6879.PNG,0B8WcbXogHvegbGFGdnFJY1NwUFE,744680
cap - 6880.PNG,0B8WcbXogHvegVmlkMzFCalFwbzA,600117
cap - 6881.PNG,0B8WcbXogHvegQU10Skw1bWJmTTg,567249
cap - 6882.PNG,0B8WcbXogHvegRVNkUlFYa29PUlk,746862
cap - 6883.PNG,0B8WcbXogHvegNGJjaVo2SXppaW8,857267
cap - 6884.PNG,0B8WcbXogHvegT1Z2b1NwWWdmMG8,829096
cap - 6885.PNG,0B8WcbXogHvegSUpzcHY3QlZIWnM,812573
cap - 6886.PNG,0B8WcbXogHvegTnNZVlVNOUlNdWs,799615
cap - 6887.PNG,0B8WcbXogHvegZ2dRbTBZMjI2c0k,820321
cap - 6888.PNG,0B8WcbXogHvegUUFkWlhacG1Za0k,736235
cap - 6889.PNG,0B8WcbXogHvegcjNLU19xSlZHbFU,547997
cap - 6890.PNG,0B8WcbXogHvegM0p6ZFc1U1A3NUE,530020
cap - 6891.PNG,0B8WcbXogHvegS3FvSDZqRHNZWjQ,511418
cap - 6892.PNG,0B8WcbXogHvegSGxDa3NZVkhlWnM,608211
cap - 6893.PNG,0B8WcbXogHvegdlJVN19yU0psSW8,591259
cap - 6894.PNG,0B8WcbXogHvegUWJqamdRcUxqR3c,593067
cap - 6895.PNG,0B8WcbXogHvegNmpTdFZoVGVibVk,580472
cap - 6896.PNG,0B8WcbXogHvegcFZSWHlwb2IyYVU,587329
cap - 6897.PNG,0B8WcbXogHvegeFFwS1VDMi1KVzA,603621
cap - 6898.PNG,0B8WcbXogHvegNEhwTkR0aTlIUjg,644509
cap - 6899.PNG,0B8WcbXogHvegZGtnNlcyVUxBTWc,709803
cap - 6900.PNG,0B8WcbXogHvegLU5sdXg5OTRIT0k,727915
cap - 6901.PNG,0B8WcbXogHvegTmd5Z3ozUURlRXc,668755
cap - 6902.PNG,0B8WcbXogHvegUHhIMGhzTXVveVk,659457
cap - 6903.PNG,0B8WcbXogHvegbzdfTVFQc2RTb1U,669320
cap - 6904.PNG,0B8WcbXogHvegaG1kcGUxdF83a28,611959
cap - 6905.PNG,0B8WcbXogHvegOXJQMkZKTFdObVU,658135
cap - 6906.PNG,0B8WcbXogHvegXzV5QnVvYTMzZlk,674019
cap - 6907.PNG,0B8WcbXogHvegbFJrWi1Beng5Q2M,620717
cap - 6908.PNG,0B8WcbXogHvegT0trTU1QLWdOem8,670622
cap - 6909.PNG,0B8WcbXogHvegLXJ0NU9kcFkydjA,522490
cap - 6910.PNG,0B8WcbXogHvegMy1iUy1ycm5vOFE,509641
cap - 6911.PNG,0B8WcbXogHvegb3UweERpTG9DRmM,462973
cap - 6912.PNG,0B8WcbXogHvegVnlURC0ybC1pWVU,492694
cap - 6913.PNG,0B8WcbXogHvegOTNzNzVUTjllaTg,535314
cap - 6914.PNG,0B8WcbXogHvegcHk5dWViNFMzV0k,532077
cap - 6915.PNG,0B8WcbXogHvegN0RKSzdGUXp3bUE,536702
cap - 6916.PNG,0B8WcbXogHvegcmJGVkxYYWdvSjQ,558966
cap - 6917.PNG,0B8WcbXogHvegWVRkRGs3UkJvRjQ,525521
cap - 6918.PNG,0B8WcbXogHvegU1EtN3pTUzJ6T2M,537835
cap - 6919.PNG,0B8WcbXogHvegdEhwbTNYd2FzWWs,658410
cap - 6920.PNG,0B8WcbXogHvegY052Wl94Wm5FbVk,700892
cap - 6921.PNG,0B8WcbXogHvegZTJ0eW9VV29CaEk,504543
cap - 6922.PNG,0B8WcbXogHvegS0ZnWHV2OVI2WTA,514654
cap - 6923.PNG,0B8WcbXogHvegWmp3SFEwUHhkNEk,536833
cap - 6924.PNG,0B8WcbXogHvega3p2YlVfQ05XWjA,606514
cap - 6925.PNG,0B8WcbXogHvegajk3QVpkWkJtTDA,704849
cap - 6926.PNG,0B8WcbXogHvegZUdKQ2g3YXYzWlE,767083
cap - 6927.PNG,0B8WcbXogHvegRWpYbWtWb1BMTjg,704275
cap - 6928.PNG,0B8WcbXogHvegaVh1akU5ZkpKWGM,672416
cap - 6929.PNG,0B8WcbXogHvegZjExX3EyWXA5VXM,741288
cap - 6930.PNG,0B8WcbXogHvegT0ZSVF9KaS1JX2s,730656
cap - 6931.PNG,0B8WcbXogHvegMTNDVXZzWTdrdzA,716355
cap - 6932.PNG,0B8WcbXogHvegUk9NcnFoRUEtRlE,639518
cap - 6933.PNG,0B8WcbXogHvegLURKaExZb3dTNFk,476651
cap - 6934.PNG,0B8WcbXogHvegMV8tQTNjb2FUbTQ,500261
cap - 6935.PNG,0B8WcbXogHvegN3pkYkNybm1sakk,570692
cap - 6936.PNG,0B8WcbXogHvegOTF0b3h5TkV6d0k,617949
cap - 6937.PNG,0B8WcbXogHvegck5MWHh6dUNQa3M,629131
cap - 6938.PNG,0B8WcbXogHvegQ3FpTzB2V0NyM0U,615983
cap - 6939.PNG,0B8WcbXogHvegY0tJTXYtcGdhVDQ,728023
cap - 6940.PNG,0B8WcbXogHvegZnhpaWtyYW5kQ0E,700106
cap - 6941.PNG,0B8WcbXogHvegMmQ5YkdsLUJoNXc,592835
cap - 6942.PNG,0B8WcbXogHvegdzRKUk4wSUFKT3M,611292
cap - 6943.PNG,0B8WcbXogHvegdTAwalFXQUQ5VFU,640460
cap - 6944.PNG,0B8WcbXogHvegVjgzVlU3cmEyeGc,612674
cap - 6945.PNG,0B8WcbXogHvegV1dhR0xLbHdoQ1k,698016
cap - 6946.PNG,0B8WcbXogHvegUUh5TkZyc1VibnM,735052
cap - 6947.PNG,0B8WcbXogHvegaFE5OVZUeTRrM1k,722681
cap - 6948.PNG,0B8WcbXogHvegLVQyVkpWOGoycEE,493212
cap - 6949.PNG,0B8WcbXogHvegY0RqWlFhUGV1bnc,562879
cap - 6950.PNG,0B8WcbXogHvegRlpOQS12UUxqRW8,692659
cap - 6951.PNG,0B8WcbXogHvegeDd0czMwR2FiVUk,583854
cap - 6952.PNG,0B8WcbXogHvegc3Z2QndPb19FRjA,611456
cap - 6953.PNG,0B8WcbXogHvegVG9RNURadC13NVk,610410
cap - 6954.PNG,0B8WcbXogHvegT0FxSzZ3S0tzQjg,771430
cap - 6955.PNG,0B8WcbXogHvegSjNaWmlCQ2xvU1k,677267
cap - 6956.PNG,0B8WcbXogHvegbnZ6MUJnTm1xVlE,622680
cap - 6957.PNG,0B8WcbXogHvegUzh1bERHYWFJeFU,673078
cap - 6958.PNG,0B8WcbXogHvegMGZmclBDdHR2MWs,713133
cap - 6959.PNG,0B8WcbXogHvegdFFEc0JwT0hlY1U,612000
cap - 6960.PNG,0B8WcbXogHvegNS1QbTVRZTVOak0,594290
cap - 6961.PNG,0B8WcbXogHvegN3J1cDVZeTNsQms,679560
cap - 6962.PNG,0B8WcbXogHvegZE9YVjF1UUhSbzA,626959
cap - 6963.PNG,0B8WcbXogHvegX1lsY0tLdDZQemc,483850
cap - 6964.PNG,0B8WcbXogHvegcEVSd3EwOGJjNHc,442735
cap - 6965.PNG,0B8WcbXogHvegLUEyMEc1cXM1MlE,771479
cap - 6966.PNG,0B8WcbXogHvegNXMweDlQOHN3Unc,786127
cap - 6967.PNG,0B8WcbXogHvegMjZaaHZNdnBISDQ,771923
cap - 6968.PNG,0B8WcbXogHvegMjR2YzJuRGxsNGs,727818
cap - 6969.PNG,0B8WcbXogHvegWHdHdk1rZlJNb00,471788
cap - 6970.PNG,0B8WcbXogHvegMjVaR0hibEs3MDA,417557
cap - 6971.PNG,0B8WcbXogHvegMUI0c2ctbXFnbEE,422227
cap - 6972.PNG,0B8WcbXogHvegU1dKNUZsTG9SOEk,400333
cap - 6973.PNG,0B8WcbXogHvegTXpvVmxjWm84aTg,547383
cap - 6974.PNG,0B8WcbXogHvegZVZiSnV2UjJRSFE,540643
cap - 6975.PNG,0B8WcbXogHvegQkhOTzFkZFpORlk,515208
cap - 6976.PNG,0B8WcbXogHvegd2hUdHlTWEtJTXM,572520
cap - 6977.PNG,0B8WcbXogHvegQll2SkJXNVpKUms,369377
cap - 6978.PNG,0B8WcbXogHvegd1haZ29Fc2lieW8,384254
cap - 6979.PNG,0B8WcbXogHvegZi1uNXpiaEhTZTA,401567
cap - 6980.PNG,0B8WcbXogHvegTUxFR0VYYnFUQnc,393246
cap - 6981.PNG,0B8WcbXogHvegRDBnN3BoNGVyVGs,393212
cap - 6982.PNG,0B8WcbXogHvegdFdKRmVlSm5FMHM,561700
cap - 6983.PNG,0B8WcbXogHvegMUV6WUNsTmY2T0E,564892
cap - 6984.PNG,0B8WcbXogHvegUFhhekhJbHZCaGs,511277
cap - 6985.PNG,0B8WcbXogHvegcEtFMUxHaEdHVU0,384708
cap - 6986.PNG,0B8WcbXogHvegX3FlOVFRWGpSYkE,457703
cap - 6987.PNG,0B8WcbXogHvegVXZaQVJ3UHhacU0,493604
cap - 6988.PNG,0B8WcbXogHvegeHVhZVVKTmhXSTA,585359
cap - 6989.PNG,0B8WcbXogHvegS204NGc3cklFN1U,479228
cap - 6990.PNG,0B8WcbXogHvegTm15a1I0cUhDX1U,440988
cap - 6991.PNG,0B8WcbXogHvegSW53ZEhHV2g5LXM,432335
cap - 6992.PNG,0B8WcbXogHvegTnA0QzhTZmRuUXc,487679
cap - 6993.PNG,0B8WcbXogHvegY3oyRS12YjkxcWs,392050
cap - 6994.PNG,0B8WcbXogHvegUnNTaDVKSEdYVkE,431863
cap - 6995.PNG,0B8WcbXogHvegVF84UEktVzhLVkk,470499
cap - 6996.PNG,0B8WcbXogHvegYUpUOTNJeWhSYUE,373516
cap - 6997.PNG,0B8WcbXogHvegamtuU1B3YW05c1U,343236
cap - 6998.PNG,0B8WcbXogHvegSnlNSWhvbFVRTW8,530014
cap - 6999.PNG,0B8WcbXogHvegTWk1VzV3dUx4SVE,596790
