cap - 4000.PNG,0B8WcbXogHvegLXZlU1h5cDZVYlk,628878
cap - 4001.PNG,0B8WcbXogHvegd3Y1WW1Wb1ZDVkE,622551
cap - 4002.PNG,0B8WcbXogHvegS2lSc2NJbkdOS3M,575728
cap - 4003.PNG,0B8WcbXogHvegS0ZuSm9oWE1hdFE,606973
cap - 4004.PNG,0B8WcbXogHvegRm5nb2JpS1R5MDg,660474
cap - 4005.PNG,0B8WcbXogHvegekVTNEdVdnpNTlk,643438
cap - 4006.PNG,0B8WcbXogHvegS0FOelZKZkVnYWs,735821
cap - 4007.PNG,0B8WcbXogHvegX2JKRXEwYVMtS2s,812670
cap - 4008.PNG,0B8WcbXogHvegS0ZTcWp4S1lGRDQ,776477
cap - 4009.PNG,0B8WcbXogHvegWTlsRWxHVFVZU0U,650408
cap - 4010.PNG,0B8WcbXogHvegazE5dVFjR2RmT00,514757
cap - 4011.PNG,0B8WcbXogHvegb0NXQVlOX2NQWk0,419371
cap - 4012.PNG,0B8WcbXogHvegbEdGTzZSbENJM0E,579783
cap - 4013.PNG,0B8WcbXogHvegeE9fSkRtT0c4Mnc,542948
cap - 4014.PNG,0B8WcbXogHvegMnEzU3hva3dBQzQ,551576
cap - 4015.PNG,0B8WcbXogHvegOERuV3QzQ1NFTk0,502770
cap - 4016.PNG,0B8WcbXogHvegQm40QjVBWGdyY2s,551961
cap - 4017.PNG,0B8WcbXogHvegWlZTZUR6Z2JMRGM,525493
cap - 4018.PNG,0B8WcbXogHvegX0lackF5ZTdHYnc,586416
cap - 4019.PNG,0B8WcbXogHvegRlgxcTB3Q3lEbnc,578403
cap - 4020.PNG,0B8WcbXogHvegV2VYQmVNckRuN2c,587354
cap - 4021.PNG,0B8WcbXogHvegTEp5NU1JNVJ0d1E,525059
cap - 4022.PNG,0B8WcbXogHvegZHZkdzZYeUhnTWs,542547
cap - 4023.PNG,0B8WcbXogHvegeTROVElGZjlxTTg,533569
cap - 4024.PNG,0B8WcbXogHvegaHdMNHBjZVc0ekU,523262
cap - 4025.PNG,0B8WcbXogHvegVF9yajhwV29nVUk,607882
cap - 4026.PNG,0B8WcbXogHvegVWdITHFfX0I0VHM,609994
cap - 4027.PNG,0B8WcbXogHvegNE1LMjlQS0F6a0U,559397
cap - 4028.PNG,0B8WcbXogHvegdmo2bFk0X1k0WEE,707850
cap - 4029.PNG,0B8WcbXogHvegQ3BBNTBFSzJUNUk,703012
cap - 4030.PNG,0B8WcbXogHvegQy03VkU5TEJqR2c,700499
cap - 4031.PNG,0B8WcbXogHvegMnFwNFo0NmVPc2c,702047
cap - 4032.PNG,0B8WcbXogHvegeUh2M1RnY2ljejg,727911
cap - 4033.PNG,0B8WcbXogHvegTnJ6MEFOeGV2azA,735871
cap - 4034.PNG,0B8WcbXogHvegQXZzU284UFBETVU,737388
cap - 4035.PNG,0B8WcbXogHvegVmlvTG1TaUZuNkU,730978
cap - 4036.PNG,0B8WcbXogHvegbnlVMVJJQ2w1WkU,708850
cap - 4037.PNG,0B8WcbXogHvegdHNWakNxSFRpM28,697512
cap - 4038.PNG,0B8WcbXogHvegTWgwb1ZnZDJxak0,687009
cap - 4039.PNG,0B8WcbXogHvegY2J6TEpURFgtcVU,702858
cap - 4040.PNG,0B8WcbXogHvegUFNhN2JuUWY5T3M,702218
cap - 4041.PNG,0B8WcbXogHvegY3pWVWF5T0Z3Ulk,729869
cap - 4042.PNG,0B8WcbXogHvegYUYyZmcwYXQwV2M,738178
cap - 4043.PNG,0B8WcbXogHvegcmg3cXhhaGpaeU0,763329
cap - 4044.PNG,0B8WcbXogHvegNDNtaVFaSkNmX1E,729295
cap - 4045.PNG,0B8WcbXogHvegS05Kdkg3aGdZQUk,729120
cap - 4046.PNG,0B8WcbXogHvegT3FVNWhRWjZnZjg,756956
cap - 4047.PNG,0B8WcbXogHvegaEtESmpfbDFYNHM,761629
cap - 4048.PNG,0B8WcbXogHvegdl9KLUJ3ZnE3MUk,747224
cap - 4049.PNG,0B8WcbXogHvegMUtHczJfYzNyRVE,701321
cap - 4050.PNG,0B8WcbXogHvegYlFNaVItTGFfWlk,718803
cap - 4051.PNG,0B8WcbXogHvegX0xNYkpLN2lXR2s,711292
cap - 4052.PNG,0B8WcbXogHvegQS1LRUlnZW90azA,657914
cap - 4053.PNG,0B8WcbXogHvegcENrYkhfdldibW8,735189
cap - 4054.PNG,0B8WcbXogHvegZXpJNWUtSXU3cHc,702613
cap - 4055.PNG,0B8WcbXogHvegaERaaDZPYlBUU1U,714236
cap - 4056.PNG,0B8WcbXogHvegWG1Mai1NQ2ZKRms,733996
cap - 4057.PNG,0B8WcbXogHvegMDVSaE5OVnJLeE0,662420
cap - 4058.PNG,0B8WcbXogHvegY3Zfb0pSemZYUFU,626869
cap - 4059.PNG,0B8WcbXogHvegeTJrazFSczVMUXM,641905
cap - 4060.PNG,0B8WcbXogHvegZHJDT0tqT3NfYVk,575642
cap - 4061.PNG,0B8WcbXogHvegenNoeVRZTE91R1E,621450
cap - 4062.PNG,0B8WcbXogHvegNFlvT2EzOFljWDA,667706
cap - 4063.PNG,0B8WcbXogHvegSl9TRmk4Tk5yS00,657891
cap - 4064.PNG,0B8WcbXogHvegY3lRNUM1NTFJS28,715828
cap - 4065.PNG,0B8WcbXogHvegcHBDQ3hWeDdrbTQ,712172
cap - 4066.PNG,0B8WcbXogHvegR0tYQUplb2szam8,600578
cap - 4067.PNG,0B8WcbXogHvegc2dTZ3czWEJ0aFk,543497
cap - 4068.PNG,0B8WcbXogHvegMmRzVEVGam1ubk0,566194
cap - 4069.PNG,0B8WcbXogHvegQW9IbkxITjFJSU0,597225
cap - 4070.PNG,0B8WcbXogHvegeDRvQ3JmcVdMc0U,570781
cap - 4071.PNG,0B8WcbXogHvegNlEwaWIzX0dlbTA,596171
cap - 4072.PNG,0B8WcbXogHvegSkhuNllnYTJUcEU,600791
cap - 4073.PNG,0B8WcbXogHvegZkFNTEZLMUNKbjQ,607499
cap - 4074.PNG,0B8WcbXogHvegXzZiS3dndlB0UFE,625978
cap - 4075.PNG,0B8WcbXogHvegVHd2LWcwY0NaN2M,633698
cap - 4076.PNG,0B8WcbXogHvegdVZxNFJwRHJ3MU0,611297
cap - 4077.PNG,0B8WcbXogHvegUDVmUGJsTE5fZjQ,608254
cap - 4078.PNG,0B8WcbXogHvegMVVvWEFiYThuT28,634387
cap - 4079.PNG,0B8WcbXogHvegZDFTajlUa1dDeEU,540598
cap - 4080.PNG,0B8WcbXogHvegNlBQRmVUVm0wRXc,566356
cap - 4081.PNG,0B8WcbXogHvegVzY3NHQ0dlJBWm8,553473
cap - 4082.PNG,0B8WcbXogHvegb0pXWExCOWU4LVU,546652
cap - 4083.PNG,0B8WcbXogHvegZ2E1OGxqMHZtLTg,486330
cap - 4084.PNG,0B8WcbXogHvegTFcwZDhKWDJ0LWc,619575
cap - 4085.PNG,0B8WcbXogHvegRTFJM3BmcjNBR0k,623159
cap - 4086.PNG,0B8WcbXogHvegbFlYeWhKeHk2VkE,606978
cap - 4087.PNG,0B8WcbXogHvegQnUyTUF5d08yVEU,615505
cap - 4088.PNG,0B8WcbXogHvegR2JGQWM1ZEhsaGc,623869
cap - 4089.PNG,0B8WcbXogHvegZHBhMkNRQVR0d0E,623413
cap - 4090.PNG,0B8WcbXogHvegdUI1ZVJxS2VKQ2c,616290
cap - 4091.PNG,0B8WcbXogHvegdnpldWRlRkYxY3M,572595
cap - 4092.PNG,0B8WcbXogHvegY1ExV2NjMkVlWG8,542170
cap - 4093.PNG,0B8WcbXogHvegSGZiN19jd3hIV0U,567565
cap - 4094.PNG,0B8WcbXogHvegV3pqUldaVExZVzQ,594254
cap - 4095.PNG,0B8WcbXogHvegM2FJc012TVZpZmc,587156
cap - 4096.PNG,0B8WcbXogHvegM3RIOEJ1ZDFTN1E,595607
cap - 4097.PNG,0B8WcbXogHvegdU5WTXBhVkd6SlE,598143
cap - 4098.PNG,0B8WcbXogHvegN21PS3BNbk00RlE,569988
cap - 4099.PNG,0B8WcbXogHvegYXpicHVFaGhuRzA,593889
cap - 4100.PNG,0B8WcbXogHvegTkdpODlSVVl4WnM,623712
cap - 4101.PNG,0B8WcbXogHvegbjhDREN4SEc0MjQ,715183
cap - 4102.PNG,0B8WcbXogHvegRmFBQTZUZUR4Zlk,740403
cap - 4103.PNG,0B8WcbXogHvegNERjSVVic2FmY0E,690924
cap - 4104.PNG,0B8WcbXogHvegNVVLR0pjMzBPT3M,637646
cap - 4105.PNG,0B8WcbXogHvegWkhzUEs5eUEzMUE,761122
cap - 4106.PNG,0B8WcbXogHvegZnVhQ1JycXkwbUU,800655
cap - 4107.PNG,0B8WcbXogHvegMFJ5QzdxNm9adlk,717471
cap - 4108.PNG,0B8WcbXogHvegSGdkVWREVTREbU0,733224
cap - 4109.PNG,0B8WcbXogHvegRTFvakFSZ2VRVE0,761193
cap - 4110.PNG,0B8WcbXogHvegU2VqOTdDaW5wXzA,777522
cap - 4111.PNG,0B8WcbXogHvegX0IySTNIWHRtNW8,797606
cap - 4112.PNG,0B8WcbXogHvegYW1EQUw3cmVzU1E,750566
cap - 4113.PNG,0B8WcbXogHvegNGYxZmdiUEdsa1U,753862
cap - 4114.PNG,0B8WcbXogHvegbGFud3A3VEJtYlE,766931
cap - 4115.PNG,0B8WcbXogHvegZXltdWZCUU1ld2M,749312
cap - 4116.PNG,0B8WcbXogHvegWnE0a2ZPNmhlS2M,680454
cap - 4117.PNG,0B8WcbXogHvegRHJzWDJzWXdvVUk,668816
cap - 4118.PNG,0B8WcbXogHvegdXRVdVZ4NkRVNHc,661253
cap - 4119.PNG,0B8WcbXogHvegc2cySk5BTklGVEE,685531
cap - 4120.PNG,0B8WcbXogHvegcVNJNjdSQUppRjQ,733399
cap - 4121.PNG,0B8WcbXogHvegRXZPekVBalcwY3M,732532
cap - 4122.PNG,0B8WcbXogHvegdVJIZzZCUUVjRlE,739563
cap - 4123.PNG,0B8WcbXogHvegTktKZFlsNGFsVkU,755557
cap - 4124.PNG,0B8WcbXogHvegTzBYLTQtaFA3THM,751440
cap - 4125.PNG,0B8WcbXogHvegblg4T1p4ZGdLZzQ,759877
cap - 4126.PNG,0B8WcbXogHvegUE1UYVNXUDhta2M,736433
cap - 4127.PNG,0B8WcbXogHvegei0wSzV1MGt6akU,740489
cap - 4128.PNG,0B8WcbXogHvegQm5GelJTREp0RFU,742420
cap - 4129.PNG,0B8WcbXogHvegLVN2MzZlaHJudms,700150
cap - 4130.PNG,0B8WcbXogHvegOXVTdkFjOWZ5V0U,719760
cap - 4131.PNG,0B8WcbXogHvegXzlFTFJJWmNqdGs,581231
cap - 4132.PNG,0B8WcbXogHvegQjFVMTI0WE12RUE,591324
cap - 4133.PNG,0B8WcbXogHvegR2JDcEdyUXBqNEU,613324
cap - 4134.PNG,0B8WcbXogHvegSGVzM3ZHb041aUE,660756
cap - 4135.PNG,0B8WcbXogHvegWkJlcy1fWmZ1UjQ,660721
cap - 4136.PNG,0B8WcbXogHvegcm45R1gwdEtOSDA,780491
cap - 4137.PNG,0B8WcbXogHvegUk9qMG14ZGxVcFU,731979
cap - 4138.PNG,0B8WcbXogHvegdVFPZHFGV3dTaGc,717218
cap - 4139.PNG,0B8WcbXogHvegZ3k4eXdHT2NDLWc,612928
cap - 4140.PNG,0B8WcbXogHvegTnRDMnROQWVvN28,617240
cap - 4141.PNG,0B8WcbXogHvegbXNPMkI3R1N0Mmc,618019
cap - 4142.PNG,0B8WcbXogHvegS3owcmVQai1iNDA,594520
cap - 4143.PNG,0B8WcbXogHvegMk1ycEZaLUt0ejA,623573
cap - 4144.PNG,0B8WcbXogHvegbVhJUnY1VWJOOFk,630161
cap - 4145.PNG,0B8WcbXogHvegaHlQMlhnRk11V0E,595389
cap - 4146.PNG,0B8WcbXogHvegUlczbEtWQkdMX0U,614535
cap - 4147.PNG,0B8WcbXogHvegajNzQ1ZwaUI1V2M,592415
cap - 4148.PNG,0B8WcbXogHvegWEdVU2s3NWFLSE0,592714
cap - 4149.PNG,0B8WcbXogHvegeFR0OE1WSUZ2TDg,594047
cap - 4150.PNG,0B8WcbXogHvegX0picGVfM2dURTg,596636
cap - 4151.PNG,0B8WcbXogHvegaUJTT3Zsa1lNYzg,616715
cap - 4152.PNG,0B8WcbXogHvegeUtUZ0x6cElsRGs,591548
cap - 4153.PNG,0B8WcbXogHvegeUlYakhpUmQ3Z00,599008
cap - 4154.PNG,0B8WcbXogHvegNmFxOUtoYjdnOUE,627969
cap - 4155.PNG,0B8WcbXogHvegQnVHQ1ZocmtKMmM,620109
cap - 4156.PNG,0B8WcbXogHvegcDJnM3ZxaVUydTg,627446
cap - 4157.PNG,0B8WcbXogHvegVlhoS19TTkFWQW8,590870
cap - 4158.PNG,0B8WcbXogHvegM3M3blJiTS1oNDg,465925
cap - 4159.PNG,0B8WcbXogHvegSktnNmRPZ3RJS3c,467941
cap - 4160.PNG,0B8WcbXogHvegOTlRNG9KaTRoWVk,524716
cap - 4161.PNG,0B8WcbXogHvegQnRuTk5acklrdm8,598606
cap - 4162.PNG,0B8WcbXogHvegYk1fVEZPWEJxR1k,573422
cap - 4163.PNG,0B8WcbXogHvegSmI5YWlZcFMyTk0,598706
cap - 4164.PNG,0B8WcbXogHvegYkZ0MFZtcG1uSzg,570204
cap - 4165.PNG,0B8WcbXogHvegazdaWEh1emlXYlU,556709
cap - 4166.PNG,0B8WcbXogHvegTTdWZ1JLVWlscVE,566540
cap - 4167.PNG,0B8WcbXogHvegcm5IRWhqaDJHZVk,401004
cap - 4168.PNG,0B8WcbXogHvegaERlYjNiQ2hxQTA,428781
cap - 4169.PNG,0B8WcbXogHvegUmhxWnhzcmhWMWM,487850
cap - 4170.PNG,0B8WcbXogHvegNGxHcTEwRWhRMWc,578837
cap - 4171.PNG,0B8WcbXogHvegQ2c1Tzc5NDFGbTA,621052
cap - 4172.PNG,0B8WcbXogHvegNWpSbzgyUlFJZjA,621378
cap - 4173.PNG,0B8WcbXogHvegTUh3TldjOVk4SFU,638434
cap - 4174.PNG,0B8WcbXogHvegQnYwOE53Zmd2djA,689006
cap - 4175.PNG,0B8WcbXogHvegYzR1a3llUG9Sakk,638799
cap - 4176.PNG,0B8WcbXogHvegRDlFSktRMFJCdms,663375
cap - 4177.PNG,0B8WcbXogHvegWFpwZ2R3bDZ0ak0,643787
cap - 4178.PNG,0B8WcbXogHvegclJQTUhzbW5BWDA,671814
cap - 4179.PNG,0B8WcbXogHvegRElESTFtS2NEb0k,670743
cap - 4180.PNG,0B8WcbXogHvegb2pyOUVJakxmUEk,655718
cap - 4181.PNG,0B8WcbXogHvegS2NCNHNXdVBQSUE,599943
cap - 4182.PNG,0B8WcbXogHvegZUkxa2tRMmVpWUU,565592
cap - 4183.PNG,0B8WcbXogHvegWXZQOGhhV01KZE0,494340
cap - 4184.PNG,0B8WcbXogHvegSEJwOEZNczQzVXM,515128
cap - 4185.PNG,0B8WcbXogHvegWnFLTHNTR08tckU,537812
cap - 4186.PNG,0B8WcbXogHvegMWw3TzFWTDNYcmM,580247
cap - 4187.PNG,0B8WcbXogHvegYzAzd1QtbUcxT3M,584785
cap - 4188.PNG,0B8WcbXogHvegLXcyT3h2MU12d2c,575252
cap - 4189.PNG,0B8WcbXogHvegRENoQ2ZPQjNIM1k,679753
cap - 4190.PNG,0B8WcbXogHvegNHN4Y3lzTWlzU1k,744548
cap - 4191.PNG,0B8WcbXogHvegYlBBa2ptUmpuckE,748456
cap - 4192.PNG,0B8WcbXogHvegWXdxR3M5MmhOVnM,753928
cap - 4193.PNG,0B8WcbXogHvegUEJDTlhpZmQ0MTA,802541
cap - 4194.PNG,0B8WcbXogHvegZ2dNS2N4Y25UVm8,708877
cap - 4195.PNG,0B8WcbXogHvegb05ZalRRODNjcnM,766372
cap - 4196.PNG,0B8WcbXogHvegaEJnWE5LMGNBTzQ,769503
cap - 4197.PNG,0B8WcbXogHvegQ1lrM3NTYTl2ekk,621847
cap - 4198.PNG,0B8WcbXogHvegRlY0V0M4SGJTbXc,816955
cap - 4199.PNG,0B8WcbXogHvegNTM1RTFVNm5HVDA,839004
cap - 4200.PNG,0B8WcbXogHvegVGtQcGsxZ0dDc2s,843406
cap - 4201.PNG,0B8WcbXogHvegV0ZheThYZXplOEU,838988
cap - 4202.PNG,0B8WcbXogHvegbmJoQmFzX1Z0dXM,727760
cap - 4203.PNG,0B8WcbXogHvegZnNtcFRrZG8tMVU,609189
cap - 4204.PNG,0B8WcbXogHvegaG1xNldlZTYxUEk,583647
cap - 4205.PNG,0B8WcbXogHvegUi1CelY1ZEY3VVU,708054
cap - 4206.PNG,0B8WcbXogHvegV2lFTmEySm1aT2s,708461
cap - 4207.PNG,0B8WcbXogHvegd3NuRVI1QlktemM,693734
cap - 4208.PNG,0B8WcbXogHvegQzZoVWxzU2tKWU0,731450
cap - 4209.PNG,0B8WcbXogHvegU01JZ2N2ZVdDc3M,718449
cap - 4210.PNG,0B8WcbXogHvegTjRwaWNqS0J2aFk,735696
cap - 4211.PNG,0B8WcbXogHvegTTFxbG5XZDh0Tnc,731932
cap - 4212.PNG,0B8WcbXogHvega3JvVlNCaVEzNFU,760936
cap - 4213.PNG,0B8WcbXogHvegVmliUW5wSWE5TmM,654064
cap - 4214.PNG,0B8WcbXogHvegcS1vWXlUUXVPZWs,679087
cap - 4215.PNG,0B8WcbXogHvegZVJGTjRSVW1NYjA,749225
cap - 4216.PNG,0B8WcbXogHvegWWxRNXBQWnZuVW8,771599
cap - 4217.PNG,0B8WcbXogHvegcHRfczJuWVFhMVU,747976
cap - 4218.PNG,0B8WcbXogHvegcHZma0lfNDR2Y1E,725019
cap - 4219.PNG,0B8WcbXogHvegdW42THdSeFV0WVU,709726
cap - 4220.PNG,0B8WcbXogHvegSnZtLUYwSTE2NTA,681489
cap - 4221.PNG,0B8WcbXogHvegSUx4LURxT1ZWRlE,652531
cap - 4222.PNG,0B8WcbXogHvegeF9LNHNsd0RCZVk,634822
cap - 4223.PNG,0B8WcbXogHvegZWdENlI5SFJqS1U,687223
cap - 4224.PNG,0B8WcbXogHvegQklpU1dsOFBxaUE,594846
cap - 4225.PNG,0B8WcbXogHvegUlNHNlBGTjR2UVE,679606
cap - 4226.PNG,0B8WcbXogHvegazctMVJhWEhGaU0,698511
cap - 4227.PNG,0B8WcbXogHvegTWV1Q2hETk1XNm8,732150
cap - 4228.PNG,0B8WcbXogHvegQl9QSDNBMHJWQVk,726276
cap - 4229.PNG,0B8WcbXogHvegTjA3SE5oRnNTNUU,718459
cap - 4230.PNG,0B8WcbXogHvegN3pYazM5WF9jeDg,722956
cap - 4231.PNG,0B8WcbXogHvegdG0wcUhObEtZZ2c,730887
cap - 4232.PNG,0B8WcbXogHvegWUJpWTE1czdVOTg,625089
cap - 4233.PNG,0B8WcbXogHvegUmppRWtEcHU4M2c,598221
cap - 4234.PNG,0B8WcbXogHvegODZUYTkxQ0R4bDQ,607413
cap - 4235.PNG,0B8WcbXogHvegcWFib2V1c0IwY00,628617
cap - 4236.PNG,0B8WcbXogHvegbG9NWks5MmJxOGM,655582
cap - 4237.PNG,0B8WcbXogHvega3hQYTA2N1VSRzA,648407
cap - 4238.PNG,0B8WcbXogHvegM3M0bUlIcXRpWWs,676559
cap - 4239.PNG,0B8WcbXogHvegNmVaVFBjR0JoR00,650191
cap - 4240.PNG,0B8WcbXogHvegZVZpTFVocFkwWm8,715863
cap - 4241.PNG,0B8WcbXogHvegTVlSYmpyQVk4cGc,666384
cap - 4242.PNG,0B8WcbXogHvegYlF4b3ZtX24wdDQ,674418
cap - 4243.PNG,0B8WcbXogHvegTDNGSHRVekIwVE0,667158
cap - 4244.PNG,0B8WcbXogHvegd1FSTjhiR185R1U,687248
cap - 4245.PNG,0B8WcbXogHvegdmVKcHFBbEo2NE0,690500
cap - 4246.PNG,0B8WcbXogHvegU3VSMzA4RkNyc2c,705057
cap - 4247.PNG,0B8WcbXogHvegSzhPM3Z0dGl3VWc,684558
cap - 4248.PNG,0B8WcbXogHvegN3NDOUxIRmN2RWM,688775
cap - 4249.PNG,0B8WcbXogHvegVE4wd1FIVU52bXc,650622
cap - 4250.PNG,0B8WcbXogHvegWWx1SU1GRmoxUEk,593211
cap - 4251.PNG,0B8WcbXogHvegb2ZfUjQ5SVp6ODA,526278
cap - 4252.PNG,0B8WcbXogHvegMlZseWlLdE1FZmc,535712
cap - 4253.PNG,0B8WcbXogHvega0lVSTBWaWJGX2M,660240
cap - 4254.PNG,0B8WcbXogHvegVE1XUlBBNWZkLTQ,635968
cap - 4255.PNG,0B8WcbXogHvegM2F5UllpN0VQcEE,568559
cap - 4256.PNG,0B8WcbXogHvegVGhiNjhWb3l1b00,594459
cap - 4257.PNG,0B8WcbXogHvegMXNCYlBiQUlDWFk,515062
cap - 4258.PNG,0B8WcbXogHvegSmx5RHpqbWRILTQ,646219
cap - 4259.PNG,0B8WcbXogHvegRFlyeWl5MWx5Qm8,735363
cap - 4260.PNG,0B8WcbXogHvegWmU1cjlWSlNpVDg,736918
cap - 4261.PNG,0B8WcbXogHvegWGJNaUZNTFZFdE0,743390
cap - 4262.PNG,0B8WcbXogHvegd1dMUHRQajU1cDQ,741805
cap - 4263.PNG,0B8WcbXogHvegd21YWnN1NDRlUFU,713013
cap - 4264.PNG,0B8WcbXogHvegOTVHTFZXdkthaFk,761107
cap - 4265.PNG,0B8WcbXogHvegNGMzUmZJMGcwdDQ,763217
cap - 4266.PNG,0B8WcbXogHvegWHJkUlpad3ZKcFU,752156
cap - 4267.PNG,0B8WcbXogHvegZ2plNS1mcURraU0,736519
cap - 4268.PNG,0B8WcbXogHvegNFFRODNOaTE0N2M,663776
cap - 4269.PNG,0B8WcbXogHvegODJrZlBocXRmbUk,743239
cap - 4270.PNG,0B8WcbXogHvegbVhwaU1VUFZLaVU,720166
cap - 4271.PNG,0B8WcbXogHvegRkQ1bVI5MTdkLXM,731168
cap - 4272.PNG,0B8WcbXogHvegbXNnaFBGUDFDSjA,718584
cap - 4273.PNG,0B8WcbXogHvegTnhnejdZa1RmNXM,704391
cap - 4274.PNG,0B8WcbXogHvegbXFsdnhsUGlBZ2c,688874
cap - 4275.PNG,0B8WcbXogHvegNTh1c2NicDFVRkk,696199
cap - 4276.PNG,0B8WcbXogHvegMGVSMzRWOEtDWXM,716062
cap - 4277.PNG,0B8WcbXogHvegbnB0Z3pDM3F6dGc,745554
cap - 4278.PNG,0B8WcbXogHvegZGprRWx6cEdoNlk,644864
cap - 4279.PNG,0B8WcbXogHvegNTdZakUwVHdwNzg,782820
cap - 4280.PNG,0B8WcbXogHvegeVZlbnVxWkdMODg,703756
cap - 4281.PNG,0B8WcbXogHvegSGkyclh5dUtwdXc,691331
cap - 4282.PNG,0B8WcbXogHvegbmNjVzl0bXNHR1U,698148
cap - 4283.PNG,0B8WcbXogHvegVTZxUWx3WEliZm8,613675
cap - 4284.PNG,0B8WcbXogHvega3ppS0tpZTJHV3M,695617
cap - 4285.PNG,0B8WcbXogHvegZ0puSC1MdGZTbmM,754966
cap - 4286.PNG,0B8WcbXogHvegNEZGM050bGM1TjA,867849
cap - 4287.PNG,0B8WcbXogHvegZW1pUjhmMFdYWDg,859426
cap - 4288.PNG,0B8WcbXogHvegVFVIcFRGdmVWazA,894128
cap - 4289.PNG,0B8WcbXogHvegZ01TMjRrUWVhM2M,881784
cap - 4290.PNG,0B8WcbXogHvegY0FzaEJ5LThOMnc,882796
cap - 4291.PNG,0B8WcbXogHvegci1FV2piZHhkWWM,862616
cap - 4292.PNG,0B8WcbXogHvegb1IyZVIzM0x1aDg,855806
cap - 4293.PNG,0B8WcbXogHvegSmZ3U1NWZXVyWGs,846641
cap - 4294.PNG,0B8WcbXogHvegSXRnWjJEUlVTYnc,847429
cap - 4295.PNG,0B8WcbXogHvegNlc5dDAtTDFSY1E,839629
cap - 4296.PNG,0B8WcbXogHvegTjhaeFhSenItSk0,832820
cap - 4297.PNG,0B8WcbXogHvegNFJLY19jeWlJSFk,850160
cap - 4298.PNG,0B8WcbXogHvegQk54V1VjcldodnM,903289
cap - 4299.PNG,0B8WcbXogHvegR2FndmhSR2xNUDA,813112
cap - 4300.PNG,0B8WcbXogHvegN19iNjJhMXpWQWs,830332
cap - 4301.PNG,0B8WcbXogHvegQjljQlNZa19VMTg,788110
cap - 4302.PNG,0B8WcbXogHvegUGJZdlI1cFAzOFU,751316
cap - 4303.PNG,0B8WcbXogHvegeUNvUjVXOFJVUzg,737891
cap - 4304.PNG,0B8WcbXogHvegbkxqRmxYd0p0S0E,704846
cap - 4305.PNG,0B8WcbXogHvegT05ybjV5Q1FfU2c,675745
cap - 4306.PNG,0B8WcbXogHvegM055ZVo5RWVUWHc,606981
cap - 4307.PNG,0B8WcbXogHvegMUNSRUtjUEF1TmM,486033
cap - 4308.PNG,0B8WcbXogHvegQ1RBcHM4OGR4UDQ,537401
cap - 4309.PNG,0B8WcbXogHvegNFRvLU02bTRGTDQ,485324
cap - 4310.PNG,0B8WcbXogHvegZm1nd19JNTRwN1E,698655
cap - 4311.PNG,0B8WcbXogHvegMXNJRVByRnhkcG8,455996
cap - 4312.PNG,0B8WcbXogHvegU1hYR3RVUmd2eTg,445232
cap - 4313.PNG,0B8WcbXogHvegeERqbVA4TWc0OEE,450492
cap - 4314.PNG,0B8WcbXogHvegaTEyWk45VVlvU1U,487732
cap - 4315.PNG,0B8WcbXogHvegelFWVXZqXzBTSFE,554471
cap - 4316.PNG,0B8WcbXogHvegR3kteXNERGJrR0U,605658
cap - 4317.PNG,0B8WcbXogHvegM240c29yYURjOGs,664470
cap - 4318.PNG,0B8WcbXogHvegd3NYb3U3S3ROdVE,710684
cap - 4319.PNG,0B8WcbXogHvegRy03S1B1bnNXSWM,708864
cap - 4320.PNG,0B8WcbXogHvegMVRNQU82ODVqekU,664614
cap - 4321.PNG,0B8WcbXogHvegT0xXUnV3S1VIZkU,539033
cap - 4322.PNG,0B8WcbXogHvegSGxucE1vYkFaWWM,559297
cap - 4323.PNG,0B8WcbXogHvegWGJMR09GVTFVaFE,562621
cap - 4324.PNG,0B8WcbXogHvegd0VDR3pzbHFuOFU,553065
cap - 4325.PNG,0B8WcbXogHvega0lKWURXWUs4cWs,538298
cap - 4326.PNG,0B8WcbXogHvegUVltckRLSmVsbE0,572714
cap - 4327.PNG,0B8WcbXogHvegNzVQcHBCTkxHVDQ,594640
cap - 4328.PNG,0B8WcbXogHvegSHY3SUQtT0hnNzQ,597332
cap - 4329.PNG,0B8WcbXogHvegSmhUTllMWUQtUkk,617884
cap - 4330.PNG,0B8WcbXogHvegaXVDMlE2OGJtS0k,593106
cap - 4331.PNG,0B8WcbXogHvegQW5wZWkteTNsaUk,617774
cap - 4332.PNG,0B8WcbXogHvegRU5LUTdHaUNlNDA,761219
cap - 4333.PNG,0B8WcbXogHvegQl9Sei1zZmhGZm8,746891
cap - 4334.PNG,0B8WcbXogHvegVTB6bXU5dHFtd1k,710068
cap - 4335.PNG,0B8WcbXogHvegRFJnZWUxU0xQR2c,729507
cap - 4336.PNG,0B8WcbXogHvegLUVNMXdjUVZ4UjA,765032
cap - 4337.PNG,0B8WcbXogHvegbTBNb1lVeXFPVXc,790822
cap - 4338.PNG,0B8WcbXogHvegWnNMWlY2NUw3Z2c,833493
cap - 4339.PNG,0B8WcbXogHvegUU9nS2pEc1F0STA,813710
cap - 4340.PNG,0B8WcbXogHvegWG1XdU1ac2E3UTg,833947
cap - 4341.PNG,0B8WcbXogHvegbXFvbDM3akUxZ2s,819040
cap - 4342.PNG,0B8WcbXogHvegR3hIaFdMZ1NQUXc,796684
cap - 4343.PNG,0B8WcbXogHvegcG54WlhMdzZyMkE,856360
cap - 4344.PNG,0B8WcbXogHvegN1pOVFhmMGY2M0E,889006
cap - 4345.PNG,0B8WcbXogHvegYXQ2aVB4VWkwdVk,659191
cap - 4346.PNG,0B8WcbXogHvegOFBjdHIzSG9XSkk,809925
cap - 4347.PNG,0B8WcbXogHvegWTlHb212MEhpeXc,599917
cap - 4348.PNG,0B8WcbXogHvegeDlqeWZUMmoxNjQ,586638
cap - 4349.PNG,0B8WcbXogHvegNmhZQ2QzZ1pHQnM,580002
cap - 4350.PNG,0B8WcbXogHvegMlBVMGNMX2daZG8,527735
cap - 4351.PNG,0B8WcbXogHvegT3Z6bGl1cEMzUnc,428983
cap - 4352.PNG,0B8WcbXogHvegS3haYkR4T0w2bzQ,409052
cap - 4353.PNG,0B8WcbXogHvegdlhiUE52cFdLTzg,410608
cap - 4354.PNG,0B8WcbXogHvegZ21ndUFVd282T1k,430778
cap - 4355.PNG,0B8WcbXogHvegZXFNVTlhOEpiam8,465259
cap - 4356.PNG,0B8WcbXogHvegQ2hwM2k2MWxKaFE,596027
cap - 4357.PNG,0B8WcbXogHvegT18xalBFc3NKem8,541279
cap - 4358.PNG,0B8WcbXogHvegTk5uUDRLemowcTQ,526321
cap - 4359.PNG,0B8WcbXogHvegMV9kOVdGSTdsSkE,570046
cap - 4360.PNG,0B8WcbXogHvegU0U2WS0wcTA3Y0U,595232
cap - 4361.PNG,0B8WcbXogHvegT2wwbnZ1Um5tMEE,577167
cap - 4362.PNG,0B8WcbXogHvegaFBlZWxrLU1WdGs,604319
cap - 4363.PNG,0B8WcbXogHvegYmpHdHRvTE9taTg,590667
cap - 4364.PNG,0B8WcbXogHvegb0RNcDdxYzg3R2s,607160
cap - 4365.PNG,0B8WcbXogHvegcEtRelhhRFA3MGM,473512
cap - 4366.PNG,0B8WcbXogHvegS3JrODJBUXpaREk,609949
cap - 4367.PNG,0B8WcbXogHvegWDQzNFNyRDBycTg,596218
cap - 4368.PNG,0B8WcbXogHvegS28tUWM3VzRWaFk,595754
cap - 4369.PNG,0B8WcbXogHvegRmdFSUZyWW1tZGc,592864
cap - 4370.PNG,0B8WcbXogHvegQkZLTElmUHV6dzQ,609374
cap - 4371.PNG,0B8WcbXogHvegaVlBTXphSEFEOU0,645462
cap - 4372.PNG,0B8WcbXogHvegVFVvbFNOT1VZUTQ,601828
cap - 4373.PNG,0B8WcbXogHvega2hjZGExcUxDUTg,655049
cap - 4374.PNG,0B8WcbXogHvegajJzQk81eVhYODA,650977
cap - 4375.PNG,0B8WcbXogHvegUDR0NEFVcWEwRGc,632482
cap - 4376.PNG,0B8WcbXogHvegWEVDZURnOFdaWHM,730253
cap - 4377.PNG,0B8WcbXogHvegdExCMmlValJjcWM,708151
cap - 4378.PNG,0B8WcbXogHvegYXJwUGFNRlkxREE,685470
cap - 4379.PNG,0B8WcbXogHvegVzk0MHA2alJ6MTQ,651402
cap - 4380.PNG,0B8WcbXogHvegNDJwdklsZExRRFU,669331
cap - 4381.PNG,0B8WcbXogHvegSUJzLV9xUXdTaEE,728224
cap - 4382.PNG,0B8WcbXogHvegQ3c5dUgzZzBWNUE,745435
cap - 4383.PNG,0B8WcbXogHvegMHpsMEctVGp4Vnc,728537
cap - 4384.PNG,0B8WcbXogHvegZUZ0UG5fd3hiTnM,620832
cap - 4385.PNG,0B8WcbXogHvegSlZBMmVkWWdHOGM,644454
cap - 4386.PNG,0B8WcbXogHvegRF8xa0hHdWcxY2s,607345
cap - 4387.PNG,0B8WcbXogHvegb1h3dW1xYTdablE,443065
cap - 4388.PNG,0B8WcbXogHvegU0QyTkp0bWJ5Qzg,517187
cap - 4389.PNG,0B8WcbXogHvegZThZWnRrT0h2dXM,634932
cap - 4390.PNG,0B8WcbXogHvegS2xBSmFCekk3a28,624643
cap - 4391.PNG,0B8WcbXogHvegNFpDLXpXUnljTXc,653361
cap - 4392.PNG,0B8WcbXogHvegNUNnWV9LTXhlMTg,611460
cap - 4393.PNG,0B8WcbXogHvegNW03bzZBQ2NUcDQ,580316
cap - 4394.PNG,0B8WcbXogHvegbXRnT2REbE5rM0E,599303
cap - 4395.PNG,0B8WcbXogHvegc3lMY2E2Nkp3NVU,589596
cap - 4396.PNG,0B8WcbXogHvegeU9lOWJBaXFZNVk,632799
cap - 4397.PNG,0B8WcbXogHvegUTdhWjhSa2hzclk,654819
cap - 4398.PNG,0B8WcbXogHvegQ2JMUW5tcDBLTXc,649997
cap - 4399.PNG,0B8WcbXogHvegVElzY1AzWV9XaDA,637276
cap - 4400.PNG,0B8WcbXogHvegVzVSeUZseU5jRjA,594606
cap - 4401.PNG,0B8WcbXogHvegamhRYms3WG5EOUE,570158
cap - 4402.PNG,0B8WcbXogHvegSG9iVEVsTkJ4YWc,596742
cap - 4403.PNG,0B8WcbXogHvegRzJJcVFqd012T2s,616589
cap - 4404.PNG,0B8WcbXogHvega3M3b0FrbHlkTEE,705741
cap - 4405.PNG,0B8WcbXogHvegN0o2eWdmWVJzR3M,686840
cap - 4406.PNG,0B8WcbXogHvegVE82cTVjREZiVWM,685097
cap - 4407.PNG,0B8WcbXogHvega2RZU25RNFlFVGM,675729
cap - 4408.PNG,0B8WcbXogHvegNnRyR0FsUjEzMGc,741207
cap - 4409.PNG,0B8WcbXogHvegWnpCWHdybG43dFU,681963
cap - 4410.PNG,0B8WcbXogHvegZlFuYzJIYUlvVTg,670251
cap - 4411.PNG,0B8WcbXogHvegU2J1NjJqN2JHN0E,486588
cap - 4412.PNG,0B8WcbXogHvegZkxucmcydjBwXzA,502439
cap - 4413.PNG,0B8WcbXogHvegWnZ6dDlTYUdXZFE,540017
cap - 4414.PNG,0B8WcbXogHvegVlAxMGdQYXA1MXc,557791
cap - 4415.PNG,0B8WcbXogHvegYW9rdUVINElfbzA,549301
cap - 4416.PNG,0B8WcbXogHvegTUJ1bmJDcGFVMzQ,581615
cap - 4417.PNG,0B8WcbXogHvegWHBzeEhMckt0Znc,598122
cap - 4418.PNG,0B8WcbXogHvegNFRZSlptOU1pb0U,619781
cap - 4419.PNG,0B8WcbXogHvegSlQ3NzVaLWlZZHc,587753
cap - 4420.PNG,0B8WcbXogHvegWVB6OEFuT2c3R00,587409
cap - 4421.PNG,0B8WcbXogHvegMjNCM2JxSDdFRjg,549739
cap - 4422.PNG,0B8WcbXogHvegeld2N1h0N0JTeVk,375842
cap - 4423.PNG,0B8WcbXogHvegRHEtSXEzMUc3a1U,368056
cap - 4424.PNG,0B8WcbXogHvegWVVhS3A2Vk12aW8,368713
cap - 4425.PNG,0B8WcbXogHvegWWZGR01sdGtsQ2M,391215
cap - 4426.PNG,0B8WcbXogHvegaXd0bGVvVFhZQ3c,455003
cap - 4427.PNG,0B8WcbXogHvegckhES1dreFc5UmM,556689
cap - 4428.PNG,0B8WcbXogHvegNzlDME96NkV5WlU,520367
cap - 4429.PNG,0B8WcbXogHvegYUhNWV8tRWhnT2M,487356
cap - 4430.PNG,0B8WcbXogHvegTDFZM3RrNG5FaE0,531386
cap - 4431.PNG,0B8WcbXogHvegUmtYZF9CVVBocm8,497932
cap - 4432.PNG,0B8WcbXogHvegRTFpT0dPWU9XQ0U,479013
cap - 4433.PNG,0B8WcbXogHvegUlU4QnFlcTdXX2c,582417
cap - 4434.PNG,0B8WcbXogHvegT1h0UzNaeHlOdTQ,587116
cap - 4435.PNG,0B8WcbXogHvegUnlqUzBoSWw3WFU,601116
cap - 4436.PNG,0B8WcbXogHvegQmRBV1hDQTBRelU,630039
cap - 4437.PNG,0B8WcbXogHvegdWZlTFNFN2hqdTQ,665415
cap - 4438.PNG,0B8WcbXogHvegcVZtb1ZhZnBjR00,659792
cap - 4439.PNG,0B8WcbXogHvegRDF1d0pRRjY3azg,656259
cap - 4440.PNG,0B8WcbXogHvegQWc5VElQRm1abFE,640083
cap - 4441.PNG,0B8WcbXogHvegbmRTOGxRUUZjLVk,623834
cap - 4442.PNG,0B8WcbXogHvegaTJfdGtfN3VveTA,621392
cap - 4443.PNG,0B8WcbXogHvegZUpkank3dzJUUE0,612389
cap - 4444.PNG,0B8WcbXogHvegaVF3a0ZwYU9zN1U,613154
cap - 4445.PNG,0B8WcbXogHvegZlRkT1Boc3V0bHM,681347
cap - 4446.PNG,0B8WcbXogHvegUTBsYlREdVRvZjA,690796
cap - 4447.PNG,0B8WcbXogHvegcG5Wenh3RzFJazQ,673578
cap - 4448.PNG,0B8WcbXogHvegOHNpYlQxSjd4OXM,676756
cap - 4449.PNG,0B8WcbXogHvegSElCaVNqbmdHbzQ,650844
cap - 4450.PNG,0B8WcbXogHvegdFB3VVUxS1NibTg,601938
cap - 4451.PNG,0B8WcbXogHvegalZ4eUhBZXJ1Mjg,692749
cap - 4452.PNG,0B8WcbXogHvegS0cyUkJyWW9rN0E,674493
cap - 4453.PNG,0B8WcbXogHvegM21EYkpXQllTZWM,662252
cap - 4454.PNG,0B8WcbXogHvegSkkxS3E2UGVrLWc,668529
cap - 4455.PNG,0B8WcbXogHvegeUZUYjY0SmF6cHM,646963
cap - 4456.PNG,0B8WcbXogHvegUXQ5MElwQ2pZa2s,661109
cap - 4457.PNG,0B8WcbXogHvegSE1NcEJiRnkxVE0,628163
cap - 4458.PNG,0B8WcbXogHvegTTk0dl9sWnFLZzA,620810
cap - 4459.PNG,0B8WcbXogHvegZUJ6em9Uc1pFSlU,636350
cap - 4460.PNG,0B8WcbXogHvegZ2dyM2VoQ3dCVnc,639037
cap - 4461.PNG,0B8WcbXogHvegakFWVWp2VTRROWc,683303
cap - 4462.PNG,0B8WcbXogHvegRU8wZWxmUmV2MlU,689899
cap - 4463.PNG,0B8WcbXogHvegcEhPOEM0TGVMV3c,700956
cap - 4464.PNG,0B8WcbXogHvegRlFsUUp2MzVlSjA,690539
cap - 4465.PNG,0B8WcbXogHvegb29wbG55S1JQS2c,699473
cap - 4466.PNG,0B8WcbXogHvegRXdNNk5GUjNQSGc,666058
cap - 4467.PNG,0B8WcbXogHvegOTZLLW1CWTBJMUU,636164
cap - 4468.PNG,0B8WcbXogHvegWGhkc09kVU9iU3c,665413
cap - 4469.PNG,0B8WcbXogHvegQUUyeTVtN2RkSDA,683599
cap - 4470.PNG,0B8WcbXogHvegREFGMDJmakxYVFE,629292
cap - 4471.PNG,0B8WcbXogHvegcm9SRmxpUWVHWE0,641189
cap - 4472.PNG,0B8WcbXogHvegcllKVXVZdzEtRlU,647208
cap - 4473.PNG,0B8WcbXogHvegc21DVDhNZGdaREk,543828
cap - 4474.PNG,0B8WcbXogHvegaHdwQmYxWlZHLTQ,556139
cap - 4475.PNG,0B8WcbXogHvegazlLX0FCVGZfVFk,560403
cap - 4476.PNG,0B8WcbXogHvegOWdabGxTVUpLeHc,532782
cap - 4477.PNG,0B8WcbXogHvegMURZSzJFVENnbkk,504784
cap - 4478.PNG,0B8WcbXogHvegcmhjdjQxM002bmc,484732
cap - 4479.PNG,0B8WcbXogHvegQkRzcWxmNVhDQ0E,494632
cap - 4480.PNG,0B8WcbXogHvegNm5ZaDlKR3FyWGc,505102
cap - 4481.PNG,0B8WcbXogHvegVG5YVVp1aEVzaFU,523200
cap - 4482.PNG,0B8WcbXogHvegZnpBMzUxT3hFNkE,553109
cap - 4483.PNG,0B8WcbXogHvegbEtxWkpjSTdwaTA,515371
cap - 4484.PNG,0B8WcbXogHvegV1pNeURocDFuM28,515454
cap - 4485.PNG,0B8WcbXogHvegc1ZBRnJaU2dDZ00,512125
cap - 4486.PNG,0B8WcbXogHvegZnIwLTdGTTNkN2M,560161
cap - 4487.PNG,0B8WcbXogHvegbmVfXzAzY3hQaVU,523712
cap - 4488.PNG,0B8WcbXogHvegQUdQbW80MHNhMzQ,568776
cap - 4489.PNG,0B8WcbXogHvegM2NuSHY5QnJHUUE,581139
cap - 4490.PNG,0B8WcbXogHvegME5OWXFrQzBNVTQ,571107
cap - 4491.PNG,0B8WcbXogHvegY0lvZWp0LTh1NHM,542712
cap - 4492.PNG,0B8WcbXogHvegZlVVQnFROVRleVU,520845
cap - 4493.PNG,0B8WcbXogHvegeVJqakpiS2lqX1k,563287
cap - 4494.PNG,0B8WcbXogHvegbGtPWkcwcFJwYlE,575874
cap - 4495.PNG,0B8WcbXogHvegbkpHUGhJaUtPQmc,558287
cap - 4496.PNG,0B8WcbXogHvegSnI0OTVLR1BYU00,541586
cap - 4497.PNG,0B8WcbXogHvegNTF5cTlIZnF1NEE,465255
cap - 4498.PNG,0B8WcbXogHvegVEFDcENUZTA0RTg,432071
cap - 4499.PNG,0B8WcbXogHvegdjE4YnRFYnFEOFU,519801
cap - 4500.PNG,0B8WcbXogHvegbkRSQm9fVm1wRjg,573002
cap - 4501.PNG,0B8WcbXogHvegeElfcFVvMl9iUnc,486255
cap - 4502.PNG,0B8WcbXogHvegTjFHc2VlOXAySVU,601003
cap - 4503.PNG,0B8WcbXogHvegSV83NklBc1pnVk0,529525
cap - 4504.PNG,0B8WcbXogHvegUWlZRlhXQ3loTnM,509879
cap - 4505.PNG,0B8WcbXogHvegN3hxQmhDQXp5bUk,491308
cap - 4506.PNG,0B8WcbXogHvegdXluNHZhU1dYbk0,507257
cap - 4507.PNG,0B8WcbXogHvegLUNBWkNjOHhxQkE,684264
cap - 4508.PNG,0B8WcbXogHvegMmh3REhDR3lBM2s,673019
cap - 4509.PNG,0B8WcbXogHvegZm5lZFlCR25GVW8,614028
cap - 4510.PNG,0B8WcbXogHvegSXVjQkxHZEVnMHM,643791
cap - 4511.PNG,0B8WcbXogHvegbXo5VUZ4Rk9TeHM,648315
cap - 4512.PNG,0B8WcbXogHvegcjhaUTlmcWRUY2M,619809
cap - 4513.PNG,0B8WcbXogHvegSVd6N1lHa0hGLTg,518524
cap - 4514.PNG,0B8WcbXogHvegLWRaajg3a2RjaE0,501732
cap - 4515.PNG,0B8WcbXogHvegbG1tclRyQXVFMzA,674168
cap - 4516.PNG,0B8WcbXogHvegRlp0VEw0eTVkUk0,670803
cap - 4517.PNG,0B8WcbXogHvegOGl3RFdrZUh3OTQ,653822
cap - 4518.PNG,0B8WcbXogHvegVFoydFdlOEFjYjQ,633518
cap - 4519.PNG,0B8WcbXogHvegaVlWS2xPWnFBQ0U,522731
cap - 4520.PNG,0B8WcbXogHvegc3RGVXZ5WXo3UkE,656001
cap - 4521.PNG,0B8WcbXogHvegLW1pbk4zSDRaNzg,601377
cap - 4522.PNG,0B8WcbXogHvegOHZ0NmpYOWFTMTQ,610335
cap - 4523.PNG,0B8WcbXogHvegYXh0cTh3TjA0b00,572507
cap - 4524.PNG,0B8WcbXogHvegYnJEZXhCMkZJM3c,601454
cap - 4525.PNG,0B8WcbXogHvegVUlZbjUxRUo0MmM,626871
cap - 4526.PNG,0B8WcbXogHvegS2UyRk1mODUwN3M,604886
cap - 4527.PNG,0B8WcbXogHveganVoZmp4TnN6ZkE,630378
cap - 4528.PNG,0B8WcbXogHvegQkZrdDZLYVdIVFk,589222
cap - 4529.PNG,0B8WcbXogHvegV2pmZF9IYkZCX1U,628236
cap - 4530.PNG,0B8WcbXogHvegbk8wUXowR05POU0,623173
cap - 4531.PNG,0B8WcbXogHvegeFlNblJMT0RfVFE,597900
cap - 4532.PNG,0B8WcbXogHvegNkZmYllCTTF5aHM,618024
cap - 4533.PNG,0B8WcbXogHvegVVBJdVQ3UFZYdXM,611266
cap - 4534.PNG,0B8WcbXogHvegZHFROFp5Y3JUT3c,580229
cap - 4535.PNG,0B8WcbXogHvegaVZKc2lkTDFNaHc,620880
cap - 4536.PNG,0B8WcbXogHvegOWhZSTdjMGgtbjQ,502640
cap - 4537.PNG,0B8WcbXogHvegNXBPUWY0TS1SalU,630420
cap - 4538.PNG,0B8WcbXogHvega29Ea3lqeDVud2s,634056
cap - 4539.PNG,0B8WcbXogHvegSy1aUUlZNTU5Rzg,488395
cap - 4540.PNG,0B8WcbXogHvegcnZJdElEc2p2ckk,574512
cap - 4541.PNG,0B8WcbXogHvegNlpKczF3RUJpV0k,438212
cap - 4542.PNG,0B8WcbXogHvegb3lucWlnZFhFQjg,529033
cap - 4543.PNG,0B8WcbXogHvegcmQwdGVuLVE3SW8,597913
cap - 4544.PNG,0B8WcbXogHvegQ3NRRTNQdjdCTmM,571483
cap - 4545.PNG,0B8WcbXogHvegcGFMM2JPSVpIdFU,615614
cap - 4546.PNG,0B8WcbXogHvegamEwNWtuVVZKaFU,643156
cap - 4547.PNG,0B8WcbXogHvega1dPSkNCV0pqVlk,587963
cap - 4548.PNG,0B8WcbXogHvegSDduZGxRMEIzWHc,470923
cap - 4549.PNG,0B8WcbXogHvegY3M2WjZQbDI0RGs,459122
cap - 4550.PNG,0B8WcbXogHvegOWh3NkN2MEJKNHM,471337
cap - 4551.PNG,0B8WcbXogHvegRnl2TWlndF9lbEU,479299
cap - 4552.PNG,0B8WcbXogHvegRm9xNWpxUWN4YlU,503527
cap - 4553.PNG,0B8WcbXogHvegUzZwNGhPOUNPY0U,469370
cap - 4554.PNG,0B8WcbXogHvegNFFFYlN4eTVFcUE,463959
cap - 4555.PNG,0B8WcbXogHvegSjFqYVdxZG1obDg,450901
cap - 4556.PNG,0B8WcbXogHvegMlVaY21ETnI2bTA,425756
cap - 4557.PNG,0B8WcbXogHvegaHh6elBVeDI1MU0,412883
cap - 4558.PNG,0B8WcbXogHvegOWV1cjhraWlDdDQ,425678
cap - 4559.PNG,0B8WcbXogHvegV0VtM0JGaEZhY0U,502833
cap - 4560.PNG,0B8WcbXogHvegVnQ4c3pUaW5pZzA,475855
cap - 4561.PNG,0B8WcbXogHvegMUF5dDBJYWFJVkk,372853
cap - 4562.PNG,0B8WcbXogHvegQ3lSVXNhZ0Q1WlU,473476
cap - 4563.PNG,0B8WcbXogHvegVVMxOXlENGhhajA,477514
cap - 4564.PNG,0B8WcbXogHvegX3hiTDJrcWItdVk,543364
cap - 4565.PNG,0B8WcbXogHvegNnNKcmZvWFg2eDg,515898
cap - 4566.PNG,0B8WcbXogHvegNGE2WExLeXk4ZjA,473190
cap - 4567.PNG,0B8WcbXogHvegZDZuNVNYbDRBLUU,447738
cap - 4568.PNG,0B8WcbXogHvegejZKV1pSUjRhVWs,452085
cap - 4569.PNG,0B8WcbXogHvegYTdUR05wOGdmRjA,392894
cap - 4570.PNG,0B8WcbXogHvegSmx2WDhfYVM0VUk,428227
cap - 4571.PNG,0B8WcbXogHvegOVA0MjJ3NG5PeVU,394651
cap - 4572.PNG,0B8WcbXogHvegTzFLSl9hbTdxbjA,405973
cap - 4573.PNG,0B8WcbXogHvegYzFzNUdWN0tBd1U,422691
cap - 4574.PNG,0B8WcbXogHvegY0hFOGN1cWdvbms,436820
cap - 4575.PNG,0B8WcbXogHvegSHFMaDdTXzVNQnM,448623
cap - 4576.PNG,0B8WcbXogHvegTERBcENYenQ0ZXM,499606
cap - 4577.PNG,0B8WcbXogHvegUk9QMV9ZQWNUM2s,492202
cap - 4578.PNG,0B8WcbXogHvegQlR0eUplTkFnMHM,376274
cap - 4579.PNG,0B8WcbXogHvegRmV3VXBYQlpFMHM,433006
cap - 4580.PNG,0B8WcbXogHvegRUMwOG1UUzhzNEE,406022
cap - 4581.PNG,0B8WcbXogHvegVFhYZHlLNElLMEU,399766
cap - 4582.PNG,0B8WcbXogHvegX0tmcHBwQzB6Tk0,415422
cap - 4583.PNG,0B8WcbXogHvegQnZqOFZhREg4MDg,417497
cap - 4584.PNG,0B8WcbXogHvegekdQUGh4RGFxR2s,378598
cap - 4585.PNG,0B8WcbXogHvegeEtvM3cyLVB3VlE,409710
cap - 4586.PNG,0B8WcbXogHvegR0dhVk0tcnhhcUk,417444
cap - 4587.PNG,0B8WcbXogHvegYXJiVEZPeTJVdlk,459813
cap - 4588.PNG,0B8WcbXogHvegeWU2UkswZ0tDS0E,433148
cap - 4589.PNG,0B8WcbXogHvegNmJoUHFuS1ItM0U,426835
cap - 4590.PNG,0B8WcbXogHvegd29MalhVSE9wckk,434955
cap - 4591.PNG,0B8WcbXogHvegc3lnZGwtQ2tGZjQ,507182
cap - 4592.PNG,0B8WcbXogHvegaGhJaHNGTi1LVEk,537779
cap - 4593.PNG,0B8WcbXogHvegYklablFxWjltTkk,532971
cap - 4594.PNG,0B8WcbXogHvegbTcyZkdGM0ttaEk,425254
cap - 4595.PNG,0B8WcbXogHvegckIwcnRaV2VnTGM,430317
cap - 4596.PNG,0B8WcbXogHvegUEo2bEVMUmZPQzQ,452423
cap - 4597.PNG,0B8WcbXogHvegWVlkQmdIYzdLS2s,429278
cap - 4598.PNG,0B8WcbXogHvegbUY3OEdZT2Zsc00,508029
cap - 4599.PNG,0B8WcbXogHvegN3NWMkRXTzNIU0k,452528
cap - 4600.PNG,0B8WcbXogHvegeWduNl9ZcUExZTg,489650
cap - 4601.PNG,0B8WcbXogHvegR2haXzhWQ1ZEYWM,488984
cap - 4602.PNG,0B8WcbXogHvegd0c1eE9BaHJ2TGM,490113
cap - 4603.PNG,0B8WcbXogHvegdVVUT0tPYnhCYjQ,433667
cap - 4604.PNG,0B8WcbXogHvegVGt0ZG5hSDRlclk,487708
cap - 4605.PNG,0B8WcbXogHvegV00zc1RSSFNRaVk,381674
cap - 4606.PNG,0B8WcbXogHvegRi1PU3hTeGlVR2c,424591
cap - 4607.PNG,0B8WcbXogHvegTGxJRTNjdGhvUUU,426294
cap - 4608.PNG,0B8WcbXogHvegN0k5NE51MzBuOXc,442443
cap - 4609.PNG,0B8WcbXogHvegQm85WnVCandWcm8,367811
cap - 4610.PNG,0B8WcbXogHvegSEJzUnpNdUU5aEU,414585
cap - 4611.PNG,0B8WcbXogHvegN2VhVmtIUE9XVWM,482213
cap - 4612.PNG,0B8WcbXogHvegT3ljMmQ5WUZNYk0,414797
cap - 4613.PNG,0B8WcbXogHvegam14a1g4UVBIQms,483339
cap - 4614.PNG,0B8WcbXogHvegWnRteUtvMnQzc0k,514618
cap - 4615.PNG,0B8WcbXogHvegbnRLSzd0RGVjRGM,434414
cap - 4616.PNG,0B8WcbXogHvegUkp5alhqT1NtVkE,432525
cap - 4617.PNG,0B8WcbXogHvegSndFZndNWnM1V0U,423354
cap - 4618.PNG,0B8WcbXogHvegb1JSWW5mWk1PaTQ,430244
cap - 4619.PNG,0B8WcbXogHvegZGF4ajl1Qnd5dEk,459157
cap - 4620.PNG,0B8WcbXogHvegaTYwNC1ndC1fa28,491275
cap - 4621.PNG,0B8WcbXogHvegU3h5NGFSMzYwYkE,408824
cap - 4622.PNG,0B8WcbXogHvegaENDVFRJcU9Ld1U,410149
cap - 4623.PNG,0B8WcbXogHvegSzZmUHFWQmZKWWc,403676
cap - 4624.PNG,0B8WcbXogHvegaW9fbURnV2o3NTQ,431010
cap - 4625.PNG,0B8WcbXogHvegZFZYV01EY2dSN3M,486298
cap - 4626.PNG,0B8WcbXogHvega1hJRnFJTjhaLVU,442415
cap - 4627.PNG,0B8WcbXogHvegdWk3QkxUbHNWbDA,547014
cap - 4628.PNG,0B8WcbXogHvegMTZVRHFXbmVrQWM,499440
cap - 4629.PNG,0B8WcbXogHvegR3RZSWo4bnBmQW8,479235
cap - 4630.PNG,0B8WcbXogHvegUFg0ZTFNSmE2VXM,472107
cap - 4631.PNG,0B8WcbXogHvegNGY3WU1VZFB1bUk,508076
cap - 4632.PNG,0B8WcbXogHvegRHdCa2xkRFo2S3M,475073
cap - 4633.PNG,0B8WcbXogHvegRnl5ZFEtTmtxTXM,451174
cap - 4634.PNG,0B8WcbXogHvegM0VOUW9kS2lZV00,521512
cap - 4635.PNG,0B8WcbXogHvegNWZqaXc2bVFzV0k,503873
cap - 4636.PNG,0B8WcbXogHvegdUtMU0ZSVXFQTVU,585018
cap - 4637.PNG,0B8WcbXogHvegbWxpa3l5REdVZHM,493023
cap - 4638.PNG,0B8WcbXogHvegbUF0RzR4STdYcnM,514030
cap - 4639.PNG,0B8WcbXogHvegYm1ORDRQTk9yazQ,525867
cap - 4640.PNG,0B8WcbXogHvegNHZiRTZsVzA4NUE,521755
cap - 4641.PNG,0B8WcbXogHvegcFZ5V2dyNjgzbU0,533489
cap - 4642.PNG,0B8WcbXogHvegWm1NTWp2djFDMUU,455636
cap - 4643.PNG,0B8WcbXogHvegZ2V5NmhVYVo2N00,528943
cap - 4644.PNG,0B8WcbXogHvegZnQ2aGswbE9kaXc,487288
cap - 4645.PNG,0B8WcbXogHvegUk5JTEQ0clRiSXM,524810
cap - 4646.PNG,0B8WcbXogHvegY3hzcXdzRzFIUnc,578232
cap - 4647.PNG,0B8WcbXogHvegb09YRER4MXNYWDA,559264
cap - 4648.PNG,0B8WcbXogHvegQThldGFqaGZqZmc,573226
cap - 4649.PNG,0B8WcbXogHvegeEViMm0xYWF5ck0,449129
cap - 4650.PNG,0B8WcbXogHvegMnJvdmtkX1pNOHM,503441
cap - 4651.PNG,0B8WcbXogHvegUkctYzhsZ09UUnc,506354
cap - 4652.PNG,0B8WcbXogHvegR05aRi02bTA2MDA,487486
cap - 4653.PNG,0B8WcbXogHvegZlh1eE1GekF6SmM,474299
cap - 4654.PNG,0B8WcbXogHvegeG93THB5Zmc5WG8,492159
cap - 4655.PNG,0B8WcbXogHvegb2ZVRVpRNlc1c2s,555241
cap - 4656.PNG,0B8WcbXogHvegMlYzTF9zWDU2a2M,636387
cap - 4657.PNG,0B8WcbXogHvegR2dCVTBYQTVrczQ,635372
cap - 4658.PNG,0B8WcbXogHvegelNTa2ZVQmNJd2M,633298
cap - 4659.PNG,0B8WcbXogHvegd2sxZV9MenBlNzQ,619321
cap - 4660.PNG,0B8WcbXogHvegWWg1UG81eWRfcDg,560257
cap - 4661.PNG,0B8WcbXogHvegTEstMUNrcTBiczg,542314
cap - 4662.PNG,0B8WcbXogHvegdFlPZTdOQUFmY2c,522634
cap - 4663.PNG,0B8WcbXogHvegZFV6YnNNNG4zTDQ,494806
cap - 4664.PNG,0B8WcbXogHvegUUp1bXd1ZFdZZXc,510554
cap - 4665.PNG,0B8WcbXogHvegVmh2bXlWcTgyZG8,505181
cap - 4666.PNG,0B8WcbXogHvegNm1DblJLZzdyejg,396189
cap - 4667.PNG,0B8WcbXogHvegdTRtbGptOUZXX0k,459029
cap - 4668.PNG,0B8WcbXogHvegTmJGTnNxNGw1bUE,373802
cap - 4669.PNG,0B8WcbXogHvegQy1Bb19OeUpjN0E,361945
cap - 4670.PNG,0B8WcbXogHvegeTRaNThpcm1PTWM,365840
cap - 4671.PNG,0B8WcbXogHvegb19qN3lLSmI5TlU,400557
cap - 4672.PNG,0B8WcbXogHvegMUFiZFJ3NkcydG8,429997
cap - 4673.PNG,0B8WcbXogHvegekk4aUwzY1kzNVU,439179
cap - 4674.PNG,0B8WcbXogHvegWFN6cWRZRlEzSXc,507943
cap - 4675.PNG,0B8WcbXogHvegOWFmQWJ4X2l5blE,422404
cap - 4676.PNG,0B8WcbXogHvega2d6UXI3V3FTOWs,437943
cap - 4677.PNG,0B8WcbXogHvegM3NHWTQ2dl9mNzQ,381397
cap - 4678.PNG,0B8WcbXogHvegX1haRVZMekdmZ1U,361710
cap - 4679.PNG,0B8WcbXogHvegbHhxc2NkbVNaWHM,351406
cap - 4680.PNG,0B8WcbXogHvegQTU4NVIxU0VmNHc,465960
cap - 4681.PNG,0B8WcbXogHvega3ZZSkJLUkxEMmM,451641
cap - 4682.PNG,0B8WcbXogHvegSEU3MUNURVBqdFU,415753
cap - 4683.PNG,0B8WcbXogHvegZGNQaTR6Y2d6ZFk,372281
cap - 4684.PNG,0B8WcbXogHvegUWNrQm9McURZc3c,349949
cap - 4685.PNG,0B8WcbXogHvegZ1R4Rlg3cVUyYVU,296045
cap - 4686.PNG,0B8WcbXogHvegSHpabE5YbXFPNGM,484639
cap - 4687.PNG,0B8WcbXogHvegQ19jcGlBSi14b00,479344
cap - 4688.PNG,0B8WcbXogHvegLWU1MnNjZDNzSWM,481101
cap - 4689.PNG,0B8WcbXogHvegQnA1OEFITmhkRms,468423
cap - 4690.PNG,0B8WcbXogHvegUEF4QUxwZ1Y4VlU,513666
cap - 4691.PNG,0B8WcbXogHvegVFUyMUROTnVRdG8,502010
cap - 4692.PNG,0B8WcbXogHvegMHF1cXJ6cHZvZFk,482801
cap - 4693.PNG,0B8WcbXogHvegTUV1aWg1RHFYWDA,487102
cap - 4694.PNG,0B8WcbXogHvegR3U1WlY0SUhZN1U,485273
cap - 4695.PNG,0B8WcbXogHvegOFVoMWdMc3ZTbm8,527566
cap - 4696.PNG,0B8WcbXogHvegRmRhRGxUUWpPVDQ,466257
cap - 4697.PNG,0B8WcbXogHvegUmEtODBpSm90Nk0,418488
cap - 4698.PNG,0B8WcbXogHvegc1JMOV9pdUF0Rzg,523022
cap - 4699.PNG,0B8WcbXogHvegTXV4R3JEV014OVk,475460
cap - 4700.PNG,0B8WcbXogHvegYlRuYnJGRUl0Q3c,499381
cap - 4701.PNG,0B8WcbXogHvegTTl2TGN1ZFBScTg,541047
cap - 4702.PNG,0B8WcbXogHvegLUhWOXdOd1F4YTQ,579295
cap - 4703.PNG,0B8WcbXogHvegTjFjZ3NjekdDdkk,534724
cap - 4704.PNG,0B8WcbXogHvegTXZ3UVFHQW1qM1k,536903
cap - 4705.PNG,0B8WcbXogHvegSVNPVmxnM1diakk,605289
cap - 4706.PNG,0B8WcbXogHvegaEhUUWhMdGZkN2M,611895
cap - 4707.PNG,0B8WcbXogHvegVE9QRWFYbC1OTEU,627633
cap - 4708.PNG,0B8WcbXogHvegdGFTQ1Q2RnpvTjA,475643
cap - 4709.PNG,0B8WcbXogHvegTXdGd2NhQzI5Qnc,525596
cap - 4710.PNG,0B8WcbXogHvegWUVQb3hjMXZKS00,486929
cap - 4711.PNG,0B8WcbXogHvegWjZzQXF5NUN6TDQ,472882
cap - 4712.PNG,0B8WcbXogHvegMzVwVDQya2RmbU0,491113
cap - 4713.PNG,0B8WcbXogHvegb3lZN29lVWNlTWc,539919
cap - 4714.PNG,0B8WcbXogHvegR2puaFNxLWQ4aTA,553631
cap - 4715.PNG,0B8WcbXogHvegR0R3YU00Y3FqWGM,540136
cap - 4716.PNG,0B8WcbXogHvegbXprajA2N0Z5Zzg,501388
cap - 4717.PNG,0B8WcbXogHvegUVlxLURhTDU2ejA,568385
cap - 4718.PNG,0B8WcbXogHvegQkNzWHhWejAyeWc,562384
cap - 4719.PNG,0B8WcbXogHvegc1dzeXFJTHJ4YVk,587870
cap - 4720.PNG,0B8WcbXogHvegMGJ5cUdsRHhlZTA,588650
cap - 4721.PNG,0B8WcbXogHvegTlEySThLbEN0ZmM,648517
cap - 4722.PNG,0B8WcbXogHvegNXJYMzJ4a1JFSDQ,571316
cap - 4723.PNG,0B8WcbXogHvegOElIbk9OWDE0TEk,588928
cap - 4724.PNG,0B8WcbXogHvegdi0zUWtaMkV1ejQ,599547
cap - 4725.PNG,0B8WcbXogHvegeUVDelpmT0lxZU0,570326
cap - 4726.PNG,0B8WcbXogHvegSWwyVDZEcDdQQXM,569639
cap - 4727.PNG,0B8WcbXogHvegNGxQSVZ0VU9HbUk,514510
cap - 4728.PNG,0B8WcbXogHvegTkJlV0xoRjdxcUE,547773
cap - 4729.PNG,0B8WcbXogHvegRXY1aWZaYjNEMWs,442488
cap - 4730.PNG,0B8WcbXogHvegbXg0aThwQTdHa3M,482903
cap - 4731.PNG,0B8WcbXogHvegdHB1aktwMWtvZDQ,487273
cap - 4732.PNG,0B8WcbXogHvegc3BkcmpabXpybXM,497972
cap - 4733.PNG,0B8WcbXogHvegblo1SXl1U0pmdFU,602757
cap - 4734.PNG,0B8WcbXogHvegWjFUTTJFYXBUUzQ,564590
cap - 4735.PNG,0B8WcbXogHvegeFQ1OHJ5YllubzA,581376
cap - 4736.PNG,0B8WcbXogHvega3dIakJUMmxHYk0,605203
cap - 4737.PNG,0B8WcbXogHvegZXpfVUNLMjREaWM,489501
cap - 4738.PNG,0B8WcbXogHvegTUgwU2hiQXZVbEE,495167
cap - 4739.PNG,0B8WcbXogHvegVktKMW95ZHNJUXM,574375
cap - 4740.PNG,0B8WcbXogHvegdFBuNzAyV3M5Qms,571002
cap - 4741.PNG,0B8WcbXogHvegTTZWNkxZcl9naFE,578013
cap - 4742.PNG,0B8WcbXogHvegSENoWnVoV05pZUE,560954
cap - 4743.PNG,0B8WcbXogHvegbl9EcEhKaHM0VVE,516611
cap - 4744.PNG,0B8WcbXogHvegU2pnNmowcE81Y00,564946
cap - 4745.PNG,0B8WcbXogHvegMWFUVEpBbWNvTEU,523855
cap - 4746.PNG,0B8WcbXogHvegVmlIc09NM1JxUTQ,474017
cap - 4747.PNG,0B8WcbXogHvegNE00UFNWZFpWRFU,309604
cap - 4748.PNG,0B8WcbXogHvegMWI0YzFSNl91WnM,510888
cap - 4749.PNG,0B8WcbXogHvegTHlnOFN3bU5HeDQ,517700
cap - 4750.PNG,0B8WcbXogHvegYW52Ykt4ejh5Y3c,532850
cap - 4751.PNG,0B8WcbXogHvegb3ZuTjExYUM5dms,586132
cap - 4752.PNG,0B8WcbXogHvegM0owUkFMQnhES0U,475699
cap - 4753.PNG,0B8WcbXogHvegWDNYcFdaMnBJdlU,481457
cap - 4754.PNG,0B8WcbXogHvegVEZELUl5cHdyWG8,478259
cap - 4755.PNG,0B8WcbXogHvegZDYtcFd5bGdCb0k,414002
cap - 4756.PNG,0B8WcbXogHvegNE9lNUxGdHYxZG8,578951
cap - 4757.PNG,0B8WcbXogHvegLWhWeWU1SGxmMWM,585250
cap - 4758.PNG,0B8WcbXogHvegMmQxeUp1WWhMa0U,591737
cap - 4759.PNG,0B8WcbXogHvegbW9KLVZCUVZPbFU,528095
cap - 4760.PNG,0B8WcbXogHvegZE53RFdNX3hrY1k,540537
cap - 4761.PNG,0B8WcbXogHvegUVdRMXVMWnhDYTg,607188
cap - 4762.PNG,0B8WcbXogHvegY2xSY1BValVUWTA,479200
cap - 4763.PNG,0B8WcbXogHvegN0U0bFRzOHZtTjA,487262
cap - 4764.PNG,0B8WcbXogHvegcnBUS21pUkhJUlE,462473
cap - 4765.PNG,0B8WcbXogHvegTW1zYmdGQmxQNEE,426919
cap - 4766.PNG,0B8WcbXogHvegeEY3NEkxZ2JsaWM,488179
cap - 4767.PNG,0B8WcbXogHvegWXFsRlVUWjk0eEk,539741
cap - 4768.PNG,0B8WcbXogHvegT1FwT0RITVJRRm8,442820
cap - 4769.PNG,0B8WcbXogHvegRnBLTzlGcnBvZG8,465443
cap - 4770.PNG,0B8WcbXogHvegdXdjX21Zcl9rN28,527799
cap - 4771.PNG,0B8WcbXogHvegRVhRVmhYYm0yeWs,577349
cap - 4772.PNG,0B8WcbXogHvegai1WWV9SQTRKTmc,492981
cap - 4773.PNG,0B8WcbXogHvegN0k0UGctY2lSMWc,459944
cap - 4774.PNG,0B8WcbXogHvegZzBqcl9wcFo3SkU,406573
cap - 4775.PNG,0B8WcbXogHvegYXZhNHI1OE5kSHM,525386
cap - 4776.PNG,0B8WcbXogHvegYm1KeXpPWnNhUDg,540649
cap - 4777.PNG,0B8WcbXogHvegY1ZPU0FtSUpEamc,505030
cap - 4778.PNG,0B8WcbXogHvegOHZiR0RxTW5CQnc,488837
cap - 4779.PNG,0B8WcbXogHvegdk1HUFUxUE9aak0,511861
cap - 4780.PNG,0B8WcbXogHvegYXpEMWxkQnVDaGc,478593
cap - 4781.PNG,0B8WcbXogHvegY19EZFluTFhKbmM,499158
cap - 4782.PNG,0B8WcbXogHvegY1NKTjd3MmV2NTA,596431
cap - 4783.PNG,0B8WcbXogHvegUkxob3lXYW0xZkU,389790
cap - 4784.PNG,0B8WcbXogHvegNjdYS05Nc3BmRDA,427765
cap - 4785.PNG,0B8WcbXogHvegX0RRMGdDazNfVmM,479701
cap - 4786.PNG,0B8WcbXogHvegYWdscHI4czhhWlE,442597
cap - 4787.PNG,0B8WcbXogHvegWTFfWXF3TC04bXM,388098
cap - 4788.PNG,0B8WcbXogHvegRHh3bFZNb2wweDQ,440419
cap - 4789.PNG,0B8WcbXogHvegOGNoTjVuQzZ2U1k,412725
cap - 4790.PNG,0B8WcbXogHvegdGd0aTZiWm10bW8,424694
cap - 4791.PNG,0B8WcbXogHvegZ05td3htNEt2eGs,459063
cap - 4792.PNG,0B8WcbXogHvegYVJlSTJwV2tiSGs,415263
cap - 4793.PNG,0B8WcbXogHvegSVRqRmdHaGhMLWs,377850
cap - 4794.PNG,0B8WcbXogHvegMC1IUTFQY3dkVFU,417176
cap - 4795.PNG,0B8WcbXogHvegeW5zOTBuRkdLUEU,552307
cap - 4796.PNG,0B8WcbXogHvegUUwwWWFzQkdVOU0,593430
cap - 4797.PNG,0B8WcbXogHvegcWRaUl92OVhPcTQ,541093
cap - 4798.PNG,0B8WcbXogHvegTzFYdmpKN3gxUWM,491094
cap - 4799.PNG,0B8WcbXogHvegVFhkUU1laFJjYjQ,513187
cap - 4800.PNG,0B8WcbXogHvegZThGTkI5ektfWkU,433963
cap - 4801.PNG,0B8WcbXogHvegN184d3VlOXlxWE0,467199
cap - 4802.PNG,0B8WcbXogHvegbWF4cWlZU2pUcXc,531693
cap - 4803.PNG,0B8WcbXogHvegcnhHSGRpb21PR0E,583252
cap - 4804.PNG,0B8WcbXogHvegT2c0LXZib0JacG8,491757
cap - 4805.PNG,0B8WcbXogHvegLW5fc0x1bW55QTg,493689
cap - 4806.PNG,0B8WcbXogHvegbm52aVF2NGl1Qkk,532185
cap - 4807.PNG,0B8WcbXogHvegU1d3Q1Z5aDM0S2c,528502
cap - 4808.PNG,0B8WcbXogHvegNkcwQXAzWmJtbFE,546853
cap - 4809.PNG,0B8WcbXogHvegV1RPcWVwYVdyVWs,510638
cap - 4810.PNG,0B8WcbXogHvegZjZaTWtCd1ItZjQ,514950
cap - 4811.PNG,0B8WcbXogHvegLV9DeTlpaC1FSm8,463238
cap - 4812.PNG,0B8WcbXogHvegSjJnbEhSS0J2Q3M,445615
cap - 4813.PNG,0B8WcbXogHvegMVhFb1FJUEEyaG8,410283
cap - 4814.PNG,0B8WcbXogHvegbGVNU2s4V3hnRnM,460562
cap - 4815.PNG,0B8WcbXogHvegWFlUSjRPOVp2Q3M,488952
cap - 4816.PNG,0B8WcbXogHvegdHM4Q0N1T0pUZDg,449632
cap - 4817.PNG,0B8WcbXogHvegM2xsal9kaTZad1k,441259
cap - 4818.PNG,0B8WcbXogHvegbzFPU2Z2cVdnbVE,454634
cap - 4819.PNG,0B8WcbXogHvegU0FLV3JXa09yQU0,454643
cap - 4820.PNG,0B8WcbXogHvegQXgwQ2c0R0Q5V1U,442681
cap - 4821.PNG,0B8WcbXogHvegRzdnM2R5eE55WHM,454164
cap - 4822.PNG,0B8WcbXogHvegLUU2aWlsQWtNV0k,473255
cap - 4823.PNG,0B8WcbXogHvegU0hWWDdFa0lLc2M,499852
cap - 4824.PNG,0B8WcbXogHvegaHVxRXBnUWtCOTA,504790
cap - 4825.PNG,0B8WcbXogHvegR2ZxNHJUcEJVaGc,544091
cap - 4826.PNG,0B8WcbXogHvegZG9iS2tJZTBCWkk,564896
cap - 4827.PNG,0B8WcbXogHvegOHM5c1ZHd1VHVHM,501121
cap - 4828.PNG,0B8WcbXogHvegT19TdU5uc1VvQTA,435259
cap - 4829.PNG,0B8WcbXogHvegU3FhOUFZaGh5RmM,406544
cap - 4830.PNG,0B8WcbXogHvegZzNBOTJfV2RYSUk,468298
cap - 4831.PNG,0B8WcbXogHvegVlVPRlNnY0pMdkk,481178
cap - 4832.PNG,0B8WcbXogHvegODdPcHhHVDgyQ3c,479499
cap - 4833.PNG,0B8WcbXogHvegTm5VcjRhSWxIZjA,567371
cap - 4834.PNG,0B8WcbXogHvegZTBoSGx0cmlkZk0,555898
cap - 4835.PNG,0B8WcbXogHvegSGU1WXRiR3o1VDA,580161
cap - 4836.PNG,0B8WcbXogHvegMi0zMmxNaVNQNmM,554651
cap - 4837.PNG,0B8WcbXogHvegeUpfY1R6NTV0TVU,511439
cap - 4838.PNG,0B8WcbXogHvegUC1LbW1feHdrZWs,528107
cap - 4839.PNG,0B8WcbXogHvegcVRFLUR1RzNVTVU,543873
cap - 4840.PNG,0B8WcbXogHvegeHBTWmhNVlNtWU0,551298
cap - 4841.PNG,0B8WcbXogHvegaHhHNHNGRk8wMTg,529671
cap - 4842.PNG,0B8WcbXogHvegdEZiT2hkbTQzbEk,471237
cap - 4843.PNG,0B8WcbXogHvegVnlhSWt6S1JiYnM,573003
cap - 4844.PNG,0B8WcbXogHvegeTFCa0hRVnRyelk,533792
cap - 4845.PNG,0B8WcbXogHvegQkU3c0NNOFNvQ3M,514493
cap - 4846.PNG,0B8WcbXogHvegZEVqZlZtNXNLMk0,489932
cap - 4847.PNG,0B8WcbXogHvegbGVYZzlMQnJQOFU,487691
cap - 4848.PNG,0B8WcbXogHvegX1lwTHJXNFgtc2s,499835
cap - 4849.PNG,0B8WcbXogHvegeGFpYklFOVc5Nzg,498690
cap - 4850.PNG,0B8WcbXogHvegeGJjb3pTTWpWWUk,536282
cap - 4851.PNG,0B8WcbXogHvegRlJLZEZwRjYyWnM,494219
cap - 4852.PNG,0B8WcbXogHvegT190TjBGaVR3YVU,562107
cap - 4853.PNG,0B8WcbXogHvegUEQ2VFk3cmljN0E,546845
cap - 4854.PNG,0B8WcbXogHvegWWVyWjhWNjBvSFk,542495
cap - 4855.PNG,0B8WcbXogHvegV0NRODhjd2pDWUE,562616
cap - 4856.PNG,0B8WcbXogHvegcjM2cm5aTXFJQ00,575840
cap - 4857.PNG,0B8WcbXogHvegQjJpNVV0NWxqS2M,556196
cap - 4858.PNG,0B8WcbXogHvegRERZM2FCSW9mRkE,538736
cap - 4859.PNG,0B8WcbXogHvegbEgyX1NCUC1qNkk,467487
cap - 4860.PNG,0B8WcbXogHvegRzI3M3pIX2VMUlk,435701
cap - 4861.PNG,0B8WcbXogHvegakZ2elFYX1FkdkU,496619
cap - 4862.PNG,0B8WcbXogHvegX0IxQl9aNXg3cGc,446242
cap - 4863.PNG,0B8WcbXogHvegYVVvVWJERWpqbDQ,407409
cap - 4864.PNG,0B8WcbXogHvegT2lrV2JoNy1JdFU,424801
cap - 4865.PNG,0B8WcbXogHvegLVphbENTN1JIN1k,521202
cap - 4866.PNG,0B8WcbXogHvegSTR0MU11aktvWGc,540950
cap - 4867.PNG,0B8WcbXogHvegc3JGZXdUcTJUUDA,523979
cap - 4868.PNG,0B8WcbXogHvegcHZKOXFkOVlTN0E,427228
cap - 4869.PNG,0B8WcbXogHvegdXJnY2txcGQxYzA,426729
cap - 4870.PNG,0B8WcbXogHvegVWNhSjVuN2lyYlk,531257
cap - 4871.PNG,0B8WcbXogHvegX09CWmgwRl9RU28,437501
cap - 4872.PNG,0B8WcbXogHvegYkpKcmUtNk11S1k,436325
cap - 4873.PNG,0B8WcbXogHvegMG5LTlU2WkJDazA,357618
cap - 4874.PNG,0B8WcbXogHvegdVM0X0xqbHhlcXc,311107
cap - 4875.PNG,0B8WcbXogHvegbTdDMjVGaVpEOUU,432653
cap - 4876.PNG,0B8WcbXogHvegN1ZQQ1hBRlJ1aU0,395077
cap - 4877.PNG,0B8WcbXogHvegOXlYYnpub2hLMVE,409277
cap - 4878.PNG,0B8WcbXogHvegdlVTampEbzVBQVU,433771
cap - 4879.PNG,0B8WcbXogHvegbXNKSlUwSDhPMnM,403052
cap - 4880.PNG,0B8WcbXogHvegVkk0VUZYSnlVZWs,397507
cap - 4881.PNG,0B8WcbXogHvegVldNcl8taFlpdGM,427275
cap - 4882.PNG,0B8WcbXogHvegT3ZPQWMzMDg2bm8,395900
cap - 4883.PNG,0B8WcbXogHvegZGFVVDd6ckN6Sjg,577660
cap - 4884.PNG,0B8WcbXogHvegSnJKdHFJQldGVEU,597470
cap - 4885.PNG,0B8WcbXogHvegVnhYTURVRW5xQzg,595020
cap - 4886.PNG,0B8WcbXogHvegaHhqeEdGdUFJRms,625777
cap - 4887.PNG,0B8WcbXogHvegM0wyY3ppcS1sYjA,558464
cap - 4888.PNG,0B8WcbXogHvegMXhsVzZUaWJtZDA,385212
cap - 4889.PNG,0B8WcbXogHvegSVhVdXkwVElGbWM,374345
cap - 4890.PNG,0B8WcbXogHvegTEY3OElwYmM3Rjg,377603
cap - 4891.PNG,0B8WcbXogHvegSzNsdk5mZ1h6OVE,390061
cap - 4892.PNG,0B8WcbXogHvegMDRCQm05YTQxU3M,368790
cap - 4893.PNG,0B8WcbXogHvegRERoN1IwSnZNVXc,372328
cap - 4894.PNG,0B8WcbXogHvegWncyeGNHbzg0UUE,383070
cap - 4895.PNG,0B8WcbXogHvegRlpoWUVnSERKaVU,348846
cap - 4896.PNG,0B8WcbXogHvegUHpnYWsxUTNNWG8,310512
cap - 4897.PNG,0B8WcbXogHvegTDRNaW84aTJDWjA,411286
cap - 4898.PNG,0B8WcbXogHvegdHJ0cWQ4MWtubkk,553949
cap - 4899.PNG,0B8WcbXogHvegWHAxaEZRYW13eFU,624735
cap - 4900.PNG,0B8WcbXogHvegV0FzSFBLWkdhdXM,630991
cap - 4901.PNG,0B8WcbXogHvegNzViY2Q3bXBhUWM,687730
cap - 4902.PNG,0B8WcbXogHvegS3FaSW5BS1Y4Rm8,659256
cap - 4903.PNG,0B8WcbXogHvega1RUS0JhMnBRYTQ,601101
cap - 4904.PNG,0B8WcbXogHvegamlSWGFic0RNOUU,574464
cap - 4905.PNG,0B8WcbXogHvegcFcwRTJ5bEZpbDg,440419
cap - 4906.PNG,0B8WcbXogHvegNTBWMl8tVVZnbTg,441591
cap - 4907.PNG,0B8WcbXogHvegZ1RJVWxKRVkzMGs,487736
cap - 4908.PNG,0B8WcbXogHvegTEgweGlGVnhSbzA,431577
cap - 4909.PNG,0B8WcbXogHvegcWhZSXR5aERjWk0,447760
cap - 4910.PNG,0B8WcbXogHvegcjRDaHFfcVZjd0E,470307
cap - 4911.PNG,0B8WcbXogHvegUkdWX1VRZFQtUDA,464348
cap - 4912.PNG,0B8WcbXogHvegWWVjZWptM3UtbEk,468991
cap - 4913.PNG,0B8WcbXogHvegRUVORGRzOTM4T2c,382343
cap - 4914.PNG,0B8WcbXogHvegcWZoczBIcEZQWWM,389310
cap - 4915.PNG,0B8WcbXogHvegRVI3aUNwTzFYTk0,404877
cap - 4916.PNG,0B8WcbXogHvega1NUT3dzNElhSGc,380312
cap - 4917.PNG,0B8WcbXogHvegc2pGYWt0azNBckE,381207
cap - 4918.PNG,0B8WcbXogHvegbEVNSnhfYlpHS2M,413244
cap - 4919.PNG,0B8WcbXogHvegNzF5TzdVdV9lTzQ,388986
cap - 4920.PNG,0B8WcbXogHvegT3pBdktDZ2ppQlk,465026
cap - 4921.PNG,0B8WcbXogHvegMjlIYXFINnJYTDg,521232
cap - 4922.PNG,0B8WcbXogHvegRlgwTThYUDNiZ2M,322097
cap - 4923.PNG,0B8WcbXogHvegMnBMclRyZ2MwN3M,423944
cap - 4924.PNG,0B8WcbXogHvegbW13Z0hQaWJKcGM,393232
cap - 4925.PNG,0B8WcbXogHvegbnBTNC1MNkIyYzg,428119
cap - 4926.PNG,0B8WcbXogHvegdEJuMFpFUEZtWG8,402260
cap - 4927.PNG,0B8WcbXogHvegdWZraktESkhxeXc,338197
cap - 4928.PNG,0B8WcbXogHvegaDgxZUxsS2hfbmc,404267
cap - 4929.PNG,0B8WcbXogHvegTF85dkpaTFlwSlk,421704
cap - 4930.PNG,0B8WcbXogHvegc0hVLTBQS0NTN1E,486846
cap - 4931.PNG,0B8WcbXogHvegSjlpNmYzMzBTMkU,479004
cap - 4932.PNG,0B8WcbXogHvegNngyc3hBMkc2XzA,436992
cap - 4933.PNG,0B8WcbXogHvegS1VvdExDN0I4N28,448465
cap - 4934.PNG,0B8WcbXogHvegNWctOW1UVnhRWkU,462039
cap - 4935.PNG,0B8WcbXogHvegTEpLVlRvb01Pb1E,463211
cap - 4936.PNG,0B8WcbXogHvegc3I5LUViRHpxdDQ,441035
cap - 4937.PNG,0B8WcbXogHvegMTJ3V3J1bXM2eXc,429305
cap - 4938.PNG,0B8WcbXogHvegNmNFT0ZCNWxZRE0,434086
cap - 4939.PNG,0B8WcbXogHvegb2ZFS3BUYUtRTDA,446272
cap - 4940.PNG,0B8WcbXogHvegVC16NHpQRzNFZXc,477047
cap - 4941.PNG,0B8WcbXogHvegbGdpUUFiSklTZGc,488505
cap - 4942.PNG,0B8WcbXogHvegcFp1Y0kzTjdOVkk,484362
cap - 4943.PNG,0B8WcbXogHvegOGpqdTZNa0I3dFE,473849
cap - 4944.PNG,0B8WcbXogHvegdl9WSHZwYVJMcGs,472882
cap - 4945.PNG,0B8WcbXogHvegWFRzZG9QVDVVOUE,469520
cap - 4946.PNG,0B8WcbXogHvegQ19QdWszMkNXZ1E,472556
cap - 4947.PNG,0B8WcbXogHvegemdDeHZzdi1MaU0,474854
cap - 4948.PNG,0B8WcbXogHvegU1dCNTBKcTc4TVk,480645
cap - 4949.PNG,0B8WcbXogHvegalV2Qkc4eGF6c00,495734
cap - 4950.PNG,0B8WcbXogHvegX3RGdDdVVWl5Z0E,484702
cap - 4951.PNG,0B8WcbXogHvegTmNwdks3aGc4X2s,532074
cap - 4952.PNG,0B8WcbXogHvegajFlbmh0bmNhY28,584513
cap - 4953.PNG,0B8WcbXogHvegYWpwYVNHQkxVSFE,609969
cap - 4954.PNG,0B8WcbXogHvegRUtlNlRQTzZxUTA,626740
cap - 4955.PNG,0B8WcbXogHvegWFVQQU1jcjRXcnc,655979
cap - 4956.PNG,0B8WcbXogHvegS3BSbVVnNU53TUU,646902
cap - 4957.PNG,0B8WcbXogHvegQVpiUG5BV2JDZ2c,667216
cap - 4958.PNG,0B8WcbXogHvegSElSVjR2WmZWRlE,668272
cap - 4959.PNG,0B8WcbXogHvegMXY2TlRPVnhTYkk,653673
cap - 4960.PNG,0B8WcbXogHvegS0N4a1oyOWtGQW8,665376
cap - 4961.PNG,0B8WcbXogHvegcXVoZzkzbjF4emc,651014
cap - 4962.PNG,0B8WcbXogHvegSEZxTTB3UG9sb2s,636657
cap - 4963.PNG,0B8WcbXogHvegeExTMnlnVUhUaEU,633399
cap - 4964.PNG,0B8WcbXogHvegSG5POEdLQkYwbGM,600158
cap - 4965.PNG,0B8WcbXogHvegTmdPUi0xVUZlS0E,608751
cap - 4966.PNG,0B8WcbXogHvegWlQta2tMcnZ1QkU,625233
cap - 4967.PNG,0B8WcbXogHvegNTlVcWJWRGRCcHc,625209
cap - 4968.PNG,0B8WcbXogHveganIxYlF2Nll4Slk,545752
cap - 4969.PNG,0B8WcbXogHvegbFFqNF9JMkNBRzA,589617
cap - 4970.PNG,0B8WcbXogHvegS0ljSVUxY09RX3M,583764
cap - 4971.PNG,0B8WcbXogHvegcDRRUU41QU9fcFE,580890
cap - 4972.PNG,0B8WcbXogHvegUTdlUzZ0bFJ5SVE,546516
cap - 4973.PNG,0B8WcbXogHvegelNRVTRyeEFyWVU,485215
cap - 4974.PNG,0B8WcbXogHvegWDQ0di1iSmdteXc,607582
cap - 4975.PNG,0B8WcbXogHvegSUNYLW1DZzFrQXc,599201
cap - 4976.PNG,0B8WcbXogHvegWEk2RXNzS1hXTzQ,619504
cap - 4977.PNG,0B8WcbXogHvegYkpLNTRuaUhreUE,620804
cap - 4978.PNG,0B8WcbXogHvegTWhmY1NFTDhPQ1k,637065
cap - 4979.PNG,0B8WcbXogHvegQ1hDakF3ek8yUm8,636629
cap - 4980.PNG,0B8WcbXogHvegajBjYTREcFp0QUU,633604
cap - 4981.PNG,0B8WcbXogHvegcm9ZdmFyY1FBNjA,549829
cap - 4982.PNG,0B8WcbXogHvegY2lPclNwOWxrbnc,524589
cap - 4983.PNG,0B8WcbXogHvegMnlOc1RqYVhHLTg,602127
cap - 4984.PNG,0B8WcbXogHvegX3J1NTVRbGI3OXc,589024
cap - 4985.PNG,0B8WcbXogHvegNFhOVlMxSThJUG8,536150
cap - 4986.PNG,0B8WcbXogHvegQ3Rla2VFX1BoM1E,467351
cap - 4987.PNG,0B8WcbXogHvegYmRYZ0ZiYUdHdVE,617861
cap - 4988.PNG,0B8WcbXogHvegQnFHWktmY01aSVU,513074
cap - 4989.PNG,0B8WcbXogHvegWHZxNWpCRG9aLTg,523655
cap - 4990.PNG,0B8WcbXogHvegNzl1ZFRxUUt2cVE,491504
cap - 4991.PNG,0B8WcbXogHvegbVU1RTNWbXQzWDQ,384842
cap - 4992.PNG,0B8WcbXogHvegVXNlODhZWVJpVHc,475683
cap - 4993.PNG,0B8WcbXogHvegX2l3NE1CUTFzR28,454055
cap - 4994.PNG,0B8WcbXogHvegOWktc2xOZmtBTzQ,429706
cap - 4995.PNG,0B8WcbXogHvegVjZQZFNpbTNsTWs,648688
cap - 4996.PNG,0B8WcbXogHvegR2dZWEY2bmhseUU,561807
cap - 4997.PNG,0B8WcbXogHvegOWhJZ19IWEdHdVk,526464
cap - 4998.PNG,0B8WcbXogHvegZ3ZIVlJoazYwT0E,540745
cap - 4999.PNG,0B8WcbXogHvegVFNGSTBuaF9DNU0,603951
