cap - 8000.PNG,0B8WcbXogHvegc2QxV0RDaUJ2azg,417034
cap - 8001.PNG,0B8WcbXogHvegVDdBTUxUaFZDNlE,563533
cap - 8002.PNG,0B8WcbXogHvegcWwyM0gweFpOOW8,605727
cap - 8003.PNG,0B8WcbXogHvegNzNIWlBPdkhDWTQ,412608
cap - 8004.PNG,0B8WcbXogHvega0JiZ0ZuVTdHM2s,506351
cap - 8005.PNG,0B8WcbXogHvegTGY5LXA5ZHE4alU,479324
cap - 8006.PNG,0B8WcbXogHvegNkhDM0Z4aV9rY0k,394609
cap - 8007.PNG,0B8WcbXogHvegcUlrUEFOaGQzdFE,429014
cap - 8008.PNG,0B8WcbXogHvegSEoyX1BYa0NlNms,456588
cap - 8009.PNG,0B8WcbXogHvegQ1hvWUpKenpCNEE,427449
cap - 8010.PNG,0B8WcbXogHvegaXlNM1RWNFRxVk0,426392
cap - 8011.PNG,0B8WcbXogHvegVEpQaHlyWElyazQ,425131
cap - 8012.PNG,0B8WcbXogHvegRVJQb29KRGM2Ujg,491537
cap - 8013.PNG,0B8WcbXogHvegZmMzeFNDZTJiVTA,387235
cap - 8014.PNG,0B8WcbXogHvegQWVtWEd5N2F4cGM,425394
cap - 8015.PNG,0B8WcbXogHvegb1UzYnBiMGlRV0k,502283
cap - 8016.PNG,0B8WcbXogHvegRE5QOGgtMzMxSjQ,506407
cap - 8017.PNG,0B8WcbXogHvegZlJPLWREREZZaUk,507768
cap - 8018.PNG,0B8WcbXogHvegZl84ak5NWkpKd1k,502478
cap - 8019.PNG,0B8WcbXogHvegdTBHRTBjUF90MjA,504948
cap - 8020.PNG,0B8WcbXogHvegMFpzYUpneWlTb3c,443526
cap - 8021.PNG,0B8WcbXogHvegUFl0d2R6d2p6RGM,357223
cap - 8022.PNG,0B8WcbXogHvegVkw5WGJoalZjdDQ,370040
cap - 8023.PNG,0B8WcbXogHvegRkF3blV1Q3ppa2M,351085
cap - 8024.PNG,0B8WcbXogHvegMWdDMnRlSWNUZEk,374245
cap - 8025.PNG,0B8WcbXogHvegaUNZckZyZWhHOVk,454256
cap - 8026.PNG,0B8WcbXogHvegVjZmTExBc2pnQmM,471537
cap - 8027.PNG,0B8WcbXogHvegMDNEZk9IU3ZOOEk,366134
cap - 8028.PNG,0B8WcbXogHvegaUZlWG5oNXhpU1U,511916
cap - 8029.PNG,0B8WcbXogHvegY0Y1U0oyLXRGTDA,435492
cap - 8030.PNG,0B8WcbXogHvegcWZRdVdzZG5sVkk,456453
cap - 8031.PNG,0B8WcbXogHvegVWliTTlZMjU0QVU,484849
cap - 8032.PNG,0B8WcbXogHvegeEdWTE5CRmhlMGs,587792
cap - 8033.PNG,0B8WcbXogHvegT2RyQ1ZpcHJfZ28,428371
cap - 8034.PNG,0B8WcbXogHvegNDdrQVZLaFh4VVk,471884
cap - 8035.PNG,0B8WcbXogHvegeFp2aUloTnJKejA,447340
cap - 8036.PNG,0B8WcbXogHvegT2k4dm14R0VKUW8,333332
cap - 8037.PNG,0B8WcbXogHvegc3FMZWQ3ZlZEQTQ,331091
cap - 8038.PNG,0B8WcbXogHvegR0tBbU9mTk5pQ0k,509509
cap - 8039.PNG,0B8WcbXogHvegVGR3ZVRrS2p6T2s,493840
cap - 8040.PNG,0B8WcbXogHvegS0NoRDE0Q3hYTG8,481602
cap - 8041.PNG,0B8WcbXogHvegX1dOUWRPYjRyRFk,515511
cap - 8042.PNG,0B8WcbXogHvegNTRKbVhrbHBlTGM,528062
cap - 8043.PNG,0B8WcbXogHvegS2hyNGJETWVxeFU,629179
cap - 8044.PNG,0B8WcbXogHvegdkthai1PY2FkTDQ,425129
cap - 8045.PNG,0B8WcbXogHvegQWg4ejZseFY0V3c,481602
cap - 8046.PNG,0B8WcbXogHvegT0VHbGJ6Xy1kb0U,492949
cap - 8047.PNG,0B8WcbXogHvegSlh5N1F4czFGU1E,546126
cap - 8048.PNG,0B8WcbXogHvegUXJaMlB4d3RIRG8,505655
cap - 8049.PNG,0B8WcbXogHvegdlp4MG00QVB6WWs,427359
cap - 8050.PNG,0B8WcbXogHvegVEpXTTZBYzNzWTg,405464
cap - 8051.PNG,0B8WcbXogHvegSk10eFl2eTVMcVk,393582
cap - 8052.PNG,0B8WcbXogHvegdS1tTEtxOGlSTE0,288204
cap - 8053.PNG,0B8WcbXogHvegMWpTeDFSaXpGTWc,396877
cap - 8054.PNG,0B8WcbXogHvegc19Oa1hmQnRMUVk,442854
cap - 8055.PNG,0B8WcbXogHvegNWJ1OWxnUzQ3c0k,452516
cap - 8056.PNG,0B8WcbXogHvegNXFxR2h2anZrQXM,386446
cap - 8057.PNG,0B8WcbXogHvegZkloX2QwYzl6X3c,418556
cap - 8058.PNG,0B8WcbXogHvegV1BpamhMOUp2ZkE,398211
cap - 8059.PNG,0B8WcbXogHvegMzR0TEt3MFBYb28,556015
cap - 8060.PNG,0B8WcbXogHvegVGlQRWszcXJ3QUE,285764
cap - 8061.PNG,0B8WcbXogHvegbEE0TDBhXzNob1U,387562
cap - 8062.PNG,0B8WcbXogHvegbS1YZVRWVXhkRE0,315207
cap - 8063.PNG,0B8WcbXogHvegX3JIVDI3WHdFTGM,385249
cap - 8064.PNG,0B8WcbXogHvegcWkxUFZtVnlXZFE,592646
cap - 8065.PNG,0B8WcbXogHvegNVJOaVE0VkpNSWc,556639
cap - 8066.PNG,0B8WcbXogHvegRVFTSnJkeFpTaUk,531896
cap - 8067.PNG,0B8WcbXogHvegVkZyTjR0bVo2aU0,536270
cap - 8068.PNG,0B8WcbXogHvegVXpXNUlSSUVTSUk,546032
cap - 8069.PNG,0B8WcbXogHvegMkZMbmxmS0JEcmM,270305
cap - 8070.PNG,0B8WcbXogHvegWEFLWm1IWUtsNGM,411090
cap - 8071.PNG,0B8WcbXogHvegUGg1TmQzMXFxeTQ,503470
cap - 8072.PNG,0B8WcbXogHvegZ254Q2V0d1RaWkU,334476
cap - 8073.PNG,0B8WcbXogHvegREgxQVZfN0F5b2s,329777
cap - 8074.PNG,0B8WcbXogHvegREZ1MlR5Q3BiQnc,423589
cap - 8075.PNG,0B8WcbXogHvegSEs4bThZRzZ2TXc,378157
cap - 8076.PNG,0B8WcbXogHvegLXZfZEZ6YVgxYmM,498186
cap - 8077.PNG,0B8WcbXogHvegby1WaEl1bXdHdjg,559884
cap - 8078.PNG,0B8WcbXogHvegcnFQQ0NPTmtQRUk,572546
cap - 8079.PNG,0B8WcbXogHvegNzgyX1ppR2pFQVE,343397
cap - 8080.PNG,0B8WcbXogHvegd0hNN3o3aHZaMzg,462439
cap - 8081.PNG,0B8WcbXogHvegMGpFSGItNmVMTzA,438840
cap - 8082.PNG,0B8WcbXogHvegRlhsVWNvbHBEOWc,508947
cap - 8083.PNG,0B8WcbXogHvegam5CR0h0Tm1jckk,404222
cap - 8084.PNG,0B8WcbXogHvegSWZCVFRKNWh0WlE,385995
cap - 8085.PNG,0B8WcbXogHvegUVlndFI3RDZSUWs,391893
cap - 8086.PNG,0B8WcbXogHvegV3JyQnF0QktrdEk,401212
cap - 8087.PNG,0B8WcbXogHvegdGRmeDhmbkFBcFE,356514
cap - 8088.PNG,0B8WcbXogHvegeUhzSkxfa2MxOFE,424665
cap - 8089.PNG,0B8WcbXogHvegalcxUnh3ZlE0eWc,439849
cap - 8090.PNG,0B8WcbXogHvegOG52MU1aMTdZMEE,485391
cap - 8091.PNG,0B8WcbXogHvegNU5SdURxamt5R2s,453327
cap - 8092.PNG,0B8WcbXogHvegMkdubW5TdnM4NW8,474367
cap - 8093.PNG,0B8WcbXogHvegdTZvYnM2U1pjOGs,382008
cap - 8094.PNG,0B8WcbXogHvegc2NHTi1HNHdsMXM,366221
cap - 8095.PNG,0B8WcbXogHvegMS12cUVBX3QxSU0,358627
cap - 8096.PNG,0B8WcbXogHvegMjlMdnRDTmFHdkE,427009
cap - 8097.PNG,0B8WcbXogHvegeWJoT1BZQkU2Tkk,365403
cap - 8098.PNG,0B8WcbXogHvegWFJyXzZ0Y2s4elU,437585
cap - 8099.PNG,0B8WcbXogHvegVWxIREszQ2Z5cE0,369479
cap - 8100.PNG,0B8WcbXogHvegSFlMakVhZFBmZnc,417473
cap - 8101.PNG,0B8WcbXogHvegU09DVnBYS2F5eWs,440746
cap - 8102.PNG,0B8WcbXogHvegZXlST0ZPNk1zR00,519360
cap - 8103.PNG,0B8WcbXogHvegM0drRVZsY2ctaE0,424608
cap - 8104.PNG,0B8WcbXogHvegUzVOLTJSM2VJbVU,465750
cap - 8105.PNG,0B8WcbXogHvegb1h2cEZrSzJCaDg,438722
cap - 8106.PNG,0B8WcbXogHvegZElXWFlnbXNZZTg,347762
cap - 8107.PNG,0B8WcbXogHvegcmpaTDBDeTBXWG8,321867
cap - 8108.PNG,0B8WcbXogHvegZGZydlZ6X01JT00,432731
cap - 8109.PNG,0B8WcbXogHvegRXZMR2VJLUtRanc,446770
cap - 8110.PNG,0B8WcbXogHvegbHE0WjNHLUJBeDA,403841
cap - 8111.PNG,0B8WcbXogHvegREZfRHppd0NTb28,369079
cap - 8112.PNG,0B8WcbXogHvegN0swYXdnOEl6Y0U,377751
cap - 8113.PNG,0B8WcbXogHvegdTFOY1JRcm1CMEk,447391
cap - 8114.PNG,0B8WcbXogHvegTUdMNUpBdWNBeTg,446791
cap - 8115.PNG,0B8WcbXogHvegRzdSOWxxczJ5Mms,469723
cap - 8116.PNG,0B8WcbXogHvegcVZxTEpnME1CdzQ,400010
cap - 8117.PNG,0B8WcbXogHvegOXUxblRkZDdVUmM,442414
cap - 8118.PNG,0B8WcbXogHvegT2NOdF9DX1JLc3c,332726
cap - 8119.PNG,0B8WcbXogHvegRjhreS14NjR1djQ,365372
cap - 8120.PNG,0B8WcbXogHvegSjRROXgzcE5sVEk,383230
cap - 8121.PNG,0B8WcbXogHvegdnM4Uy1GNXZSTnM,515853
cap - 8122.PNG,0B8WcbXogHvegTURmMmZMTmFVWFk,266872
cap - 8123.PNG,0B8WcbXogHvegZ1dIT0lGNjZfUEE,346841
cap - 8124.PNG,0B8WcbXogHvegbElzdmdvWEN6UDg,330160
cap - 8125.PNG,0B8WcbXogHvega3ZWeEs3OUM5NGc,394169
cap - 8126.PNG,0B8WcbXogHvegTkEtcUlnMmpDcUk,394491
cap - 8127.PNG,0B8WcbXogHvegNkxGS3EyUTBYUkk,391973
cap - 8128.PNG,0B8WcbXogHvegMlJSMWlGbXJCN1E,406039
cap - 8129.PNG,0B8WcbXogHvegRlJseWFWd0VpQ0E,428678
cap - 8130.PNG,0B8WcbXogHvegZEtOXzNDdy1LUjQ,411442
cap - 8131.PNG,0B8WcbXogHvegVmRVV2pZVm5FWjg,393645
cap - 8132.PNG,0B8WcbXogHvegaGREWnBDTi1faTQ,463677
cap - 8133.PNG,0B8WcbXogHvegNXExZmlXOEY1NlE,402168
cap - 8134.PNG,0B8WcbXogHvegVDI2NUZ1d1VBTXM,442003
cap - 8135.PNG,0B8WcbXogHvegaHE5bWF2bkZtOFE,304492
cap - 8136.PNG,0B8WcbXogHvegS2UxT05Dd2RrdFk,425525
cap - 8137.PNG,0B8WcbXogHvegSklLX3d1aHhGZ0E,371879
cap - 8138.PNG,0B8WcbXogHvegOGc2ZmR2RGFGTlE,417229
cap - 8139.PNG,0B8WcbXogHvegODRLRUJoeWszLUE,416462
cap - 8140.PNG,0B8WcbXogHvegRnFxcHExZEN2LXM,427660
cap - 8141.PNG,0B8WcbXogHvegTl93eFpuY1JPNVk,403273
cap - 8142.PNG,0B8WcbXogHvegRDZ4U1JmclJFWXM,436404
cap - 8143.PNG,0B8WcbXogHvegU29aZ0NTM2h6QTg,461024
cap - 8144.PNG,0B8WcbXogHvegYVZJNjl4YkdHUlU,494934
cap - 8145.PNG,0B8WcbXogHvegdE5iMDVuQjV6ZkU,480034
cap - 8146.PNG,0B8WcbXogHvegUDNsWERKMllRWG8,463605
cap - 8147.PNG,0B8WcbXogHvegaEktOEllY1pQNTg,438466
cap - 8148.PNG,0B8WcbXogHvegMjFkbzk3U1Njbnc,483050
cap - 8149.PNG,0B8WcbXogHvegTl9uVnRYc1dock0,484445
cap - 8150.PNG,0B8WcbXogHvegY3JYSmRUd3ZuX2s,477023
cap - 8151.PNG,0B8WcbXogHvegSFk4MTZFTzdsQzg,476647
cap - 8152.PNG,0B8WcbXogHvegQjBxYi1RMjVWdjA,451954
cap - 8153.PNG,0B8WcbXogHvegVXFxVkw2WEZPZWc,468904
cap - 8154.PNG,0B8WcbXogHvegeWR1VU81d3VCVUk,492460
cap - 8155.PNG,0B8WcbXogHvegZUdfNVdfVFRmNm8,491226
cap - 8156.PNG,0B8WcbXogHvegTWVaZjJMaWR0ODg,497974
cap - 8157.PNG,0B8WcbXogHvegSnQ4b3NWWFc1a1k,519643
cap - 8158.PNG,0B8WcbXogHvegNFlpN3dCVVFVcEU,487366
cap - 8159.PNG,0B8WcbXogHvegTHltWUVoU1NVWnc,498420
cap - 8160.PNG,0B8WcbXogHvegU2Y0OGNxU0JfeEE,535921
cap - 8161.PNG,0B8WcbXogHvegcHUxMUh5WFdRalk,585464
cap - 8162.PNG,0B8WcbXogHvegQm8xV2lSUTljQ3c,622403
cap - 8163.PNG,0B8WcbXogHvegN21KU1NDdlhpYms,531876
cap - 8164.PNG,0B8WcbXogHvegTEh6OFJkT2N4MDA,616300
cap - 8165.PNG,0B8WcbXogHvegcmZkR3BLSzYxTkU,467695
cap - 8166.PNG,0B8WcbXogHvegMG1QUFJ1RldmSFk,483287
cap - 8167.PNG,0B8WcbXogHvegRFBZZTRrR2I2UjA,435961
cap - 8168.PNG,0B8WcbXogHvegdzZSTlVKckVWSXc,489838
cap - 8169.PNG,0B8WcbXogHvegMnVjZGtaWE5sSlk,495907
cap - 8170.PNG,0B8WcbXogHvegWUlaQWxUQUY0YTA,541521
cap - 8171.PNG,0B8WcbXogHvegckRza3loa1RVdWM,528531
cap - 8172.PNG,0B8WcbXogHvegalF3aVRES0t0a2M,542085
cap - 8173.PNG,0B8WcbXogHvegdUhfU1E2VDVjODA,593516
cap - 8174.PNG,0B8WcbXogHvegaUlsNVVHUWtqTDQ,434820
cap - 8175.PNG,0B8WcbXogHvegcERtUU42cDZWaVE,470570
cap - 8176.PNG,0B8WcbXogHvegSTBNMHR4TGFlVTg,521624
cap - 8177.PNG,0B8WcbXogHvegdk9QYzZQdm9IMGM,575608
cap - 8178.PNG,0B8WcbXogHvegenQ0MG96N3p3bTg,453982
cap - 8179.PNG,0B8WcbXogHvegVnhNYXo4U2dmZms,433943
cap - 8180.PNG,0B8WcbXogHvegLTV3LWY4TmtWX3M,448470
cap - 8181.PNG,0B8WcbXogHvegSC14UTFUSXdSM0k,418524
cap - 8182.PNG,0B8WcbXogHvegbTNHb1FvVkVLMFE,430928
cap - 8183.PNG,0B8WcbXogHvegR0M2V2IzdVhQZnc,456432
cap - 8184.PNG,0B8WcbXogHvegbVBBTVZSWDRIOG8,474804
cap - 8185.PNG,0B8WcbXogHvegTVdvMExGaDFmMVk,450087
cap - 8186.PNG,0B8WcbXogHvegWmVNYU50cGlZcFk,455448
cap - 8187.PNG,0B8WcbXogHvegVG0tLU1zTzVzMmM,400872
cap - 8188.PNG,0B8WcbXogHvegdGVOa1Z5X01HV2c,432063
cap - 8189.PNG,0B8WcbXogHvegVnRrdkJxckZ0QXM,431160
cap - 8190.PNG,0B8WcbXogHvegMlFEX2laeE5pM3c,458447
cap - 8191.PNG,0B8WcbXogHvegN084MlduTkVpVEk,471909
cap - 8192.PNG,0B8WcbXogHvegb0o1WmdrWU13M1E,494324
cap - 8193.PNG,0B8WcbXogHvegbWRMWkN3UGFnMHM,490784
cap - 8194.PNG,0B8WcbXogHveganFwUkFaendxTnM,508218
cap - 8195.PNG,0B8WcbXogHvegSXZma2xDekNLVEk,483970
cap - 8196.PNG,0B8WcbXogHvegREFCOG9ZczB0eEU,502145
cap - 8197.PNG,0B8WcbXogHvegQmRxaWIzNnpuT1E,475129
cap - 8198.PNG,0B8WcbXogHvegRTlfNng4V0FUN1U,506139
cap - 8199.PNG,0B8WcbXogHvegRGVXbTRRMlljMUU,484228
cap - 8200.PNG,0B8WcbXogHvegTnNtNm5Hc1FzUUE,493957
cap - 8201.PNG,0B8WcbXogHvegdVFfMFM4VklYLVU,559811
cap - 8202.PNG,0B8WcbXogHvegZFhsODdEci1WY28,524549
cap - 8203.PNG,0B8WcbXogHvegWDhyVVlheTZwUUE,485246
cap - 8204.PNG,0B8WcbXogHvegOGhLanh3ck5BQXc,554813
cap - 8205.PNG,0B8WcbXogHvegSnMxNVMxZkhFLXc,516480
cap - 8206.PNG,0B8WcbXogHvegS1hrRFo1R0hlTk0,566359
cap - 8207.PNG,0B8WcbXogHvegYTl5MURPRk1icGc,532094
cap - 8208.PNG,0B8WcbXogHvegcFBXNldlVWxwRm8,593761
cap - 8209.PNG,0B8WcbXogHvegUWVVNkM4YXNiQXM,460511
cap - 8210.PNG,0B8WcbXogHvegbHdMTUdmRHRNRDQ,470509
cap - 8211.PNG,0B8WcbXogHvegZHBqX2pncFVzM0U,453238
cap - 8212.PNG,0B8WcbXogHvegV3c2UzcwdmxscFU,448533
cap - 8213.PNG,0B8WcbXogHvegbTJXel9fYklUX28,532966
cap - 8214.PNG,0B8WcbXogHvegNVJNMEljZ1V4WkU,500889
cap - 8215.PNG,0B8WcbXogHvegc2lEYm1xVzNIVG8,530148
cap - 8216.PNG,0B8WcbXogHvegamxWRjJjdFhzRGc,423869
cap - 8217.PNG,0B8WcbXogHvegQVlvcHZMdlVCLW8,437771
cap - 8218.PNG,0B8WcbXogHvegSFVRN3BuR2s4NU0,428961
cap - 8219.PNG,0B8WcbXogHvegd1dGMndMaW9GWjA,497365
cap - 8220.PNG,0B8WcbXogHvegYnA1WTlMZ1doaWM,570723
cap - 8221.PNG,0B8WcbXogHvegM3pQb0ZCY3h3OVU,330923
cap - 8222.PNG,0B8WcbXogHvegelItYXFxZWJ5WWs,254073
cap - 8223.PNG,0B8WcbXogHvegVWxhdExvN0VHVG8,415690
cap - 8224.PNG,0B8WcbXogHvegeTMwbVplXzBnTmc,441970
cap - 8225.PNG,0B8WcbXogHvegOGhxQkVGX2gyLTg,416311
cap - 8226.PNG,0B8WcbXogHvegSDQ1Wlp1RmwwdmM,488337
cap - 8227.PNG,0B8WcbXogHvegeDVaaktZX3AwY2c,433617
cap - 8228.PNG,0B8WcbXogHvegMnNXVlZwVTh3Ums,413558
cap - 8229.PNG,0B8WcbXogHvegZ3B2UjMzRWZJMkk,457902
cap - 8230.PNG,0B8WcbXogHvegeE9nVFlBbEU4TjA,399448
cap - 8231.PNG,0B8WcbXogHvegWnlfSDR6eTFtcXc,381383
cap - 8232.PNG,0B8WcbXogHvegU0RzSjNXQnRnVWc,359391
cap - 8233.PNG,0B8WcbXogHvegbXVqUUMwR2RaMUk,345349
cap - 8234.PNG,0B8WcbXogHvegR1FoQlNJaVFNNDg,399323
cap - 8235.PNG,0B8WcbXogHvegNDcxUnJlR1phSk0,369700
cap - 8236.PNG,0B8WcbXogHvegQWg5Z1RKeGlqalU,350765
cap - 8237.PNG,0B8WcbXogHvegb2w4WG9vcmpaQVU,313503
cap - 8238.PNG,0B8WcbXogHvegSzJyYXE0MUYyMWM,302806
cap - 8239.PNG,0B8WcbXogHvegdXVSWmpZTDRjLVk,462982
cap - 8240.PNG,0B8WcbXogHvegMWZNSDhIODlMeEk,475792
cap - 8241.PNG,0B8WcbXogHvegUXphWHY0bFhCdEk,543441
cap - 8242.PNG,0B8WcbXogHvegRkRYSlhmNXJxMUE,583494
cap - 8243.PNG,0B8WcbXogHvegaFpudkliNkdjQzg,580516
cap - 8244.PNG,0B8WcbXogHvegbzBxRUEwN3VVY28,580706
cap - 8245.PNG,0B8WcbXogHvegNXNOYzJDWjFTR0U,443646
cap - 8246.PNG,0B8WcbXogHvegcHl6LWpRRm9HMTA,387418
cap - 8247.PNG,0B8WcbXogHvegYzdoeXBUczkzeFk,467327
cap - 8248.PNG,0B8WcbXogHvegbmFVMWlVNWE3c00,499258
cap - 8249.PNG,0B8WcbXogHvegbTRmeXRuRmxDQ1E,466020
cap - 8250.PNG,0B8WcbXogHvegd0F3Z2RNalBSc2M,460801
cap - 8251.PNG,0B8WcbXogHvegOVEwZTVHTENzWU0,474836
cap - 8252.PNG,0B8WcbXogHvegM284Y1RUbGx2Z0k,507990
cap - 8253.PNG,0B8WcbXogHvegREktRldjWWZPb1U,517106
cap - 8254.PNG,0B8WcbXogHvegOC16TUVlWFFXXzQ,335407
cap - 8255.PNG,0B8WcbXogHvegZEVHR2VqRnFEZFU,457421
cap - 8256.PNG,0B8WcbXogHvegYTUzeEZCMWMwT1U,499583
cap - 8257.PNG,0B8WcbXogHvegdzUxcHlqVUFmR1E,479374
cap - 8258.PNG,0B8WcbXogHvegTW1UNW82LUxEUGM,459168
cap - 8259.PNG,0B8WcbXogHvegNC05cVhGd1hiNFk,438060
cap - 8260.PNG,0B8WcbXogHvegVU54WWZZT2EzQTg,403281
cap - 8261.PNG,0B8WcbXogHvegMlB0Q3AtX21VTmM,439561
cap - 8262.PNG,0B8WcbXogHvegTE9aV2V6eVBpMk0,386957
cap - 8263.PNG,0B8WcbXogHvegRV85UVBxZlc2ZDg,425967
cap - 8264.PNG,0B8WcbXogHvegMWExZk5oZi05OUU,445260
cap - 8265.PNG,0B8WcbXogHvegcklpck5wSXZPV0k,479448
cap - 8266.PNG,0B8WcbXogHvegUE5senF1dWZSbmc,484843
cap - 8267.PNG,0B8WcbXogHvegSTFLWk1VMWktNU0,513749
cap - 8268.PNG,0B8WcbXogHvegSjBhOVdEaUJsekU,515977
cap - 8269.PNG,0B8WcbXogHvegX3pIZFlRR3ZXQ28,507617
cap - 8270.PNG,0B8WcbXogHvegWFpXaC1ieFluR0k,496137
cap - 8271.PNG,0B8WcbXogHvegTTFSbzA5VWNWY2M,504644
cap - 8272.PNG,0B8WcbXogHvegRFJBdnRYQzdQdjg,480035
cap - 8273.PNG,0B8WcbXogHvegUDJKN08wbks1MXc,455834
cap - 8274.PNG,0B8WcbXogHvegSlBOVThld3FwbTg,439552
cap - 8275.PNG,0B8WcbXogHvegOUpGSnhaNEQ5ckU,470277
cap - 8276.PNG,0B8WcbXogHvegOHRyeWhQT01hQlE,439698
cap - 8277.PNG,0B8WcbXogHvegNS1ndVVQV05PUHM,518930
cap - 8278.PNG,0B8WcbXogHvegcnVkOHcwdGhtTDQ,410510
cap - 8279.PNG,0B8WcbXogHvegeklNazhHZVZGNW8,393197
cap - 8280.PNG,0B8WcbXogHvegRmgtczFySXlmc1U,378226
cap - 8281.PNG,0B8WcbXogHvegdXFXSWFzWERzazQ,396201
cap - 8282.PNG,0B8WcbXogHvegaDNUcTlMNU1TeE0,362359
cap - 8283.PNG,0B8WcbXogHvegOFhIc0JHTUJHRVk,366993
cap - 8284.PNG,0B8WcbXogHvegVDA4c21scGRTcjA,294502
cap - 8285.PNG,0B8WcbXogHvegNnNaMUptaTBuS28,432739
cap - 8286.PNG,0B8WcbXogHvegNkFJNm9EUzBaSUU,328244
cap - 8287.PNG,0B8WcbXogHvegc0VBZG9tc1pUMXc,376727
cap - 8288.PNG,0B8WcbXogHvegVGdTM0N6U1F3R0k,361166
cap - 8289.PNG,0B8WcbXogHvegV0kwenVtWFlHa1E,541175
cap - 8290.PNG,0B8WcbXogHvegODM2M3FWQjBfaEE,388422
cap - 8291.PNG,0B8WcbXogHvegc3RNVktfTkVTbXc,372159
cap - 8292.PNG,0B8WcbXogHvegekQwWUpSWUZzbG8,482616
cap - 8293.PNG,0B8WcbXogHvegdWlOMEUtZ0V4N0k,488462
cap - 8294.PNG,0B8WcbXogHvegOFd2TFhUZEZRR0E,388902
cap - 8295.PNG,0B8WcbXogHvegTzJ6cWg2Yjhjd2c,421825
cap - 8296.PNG,0B8WcbXogHvegRW1rWHNleHJCTXM,493128
cap - 8297.PNG,0B8WcbXogHvegamFiUE85cEFweVE,409721
cap - 8298.PNG,0B8WcbXogHvegS1Nhc29pUnB3Tk0,438569
cap - 8299.PNG,0B8WcbXogHvegVDlfTkN5M1AxdWM,455665
cap - 8300.PNG,0B8WcbXogHvegTy1TLVFOU2JCcUk,515710
cap - 8301.PNG,0B8WcbXogHvegcENNMTRlUDlyUzQ,561608
cap - 8302.PNG,0B8WcbXogHvegRlpfRHRqSGFYazQ,420168
cap - 8303.PNG,0B8WcbXogHvegY3h6YWdyV1Z2cGs,338874
cap - 8304.PNG,0B8WcbXogHvegbVFBREprNWFzdXc,370177
cap - 8305.PNG,0B8WcbXogHvegSTdMdnpUQl9yWDQ,368222
cap - 8306.PNG,0B8WcbXogHvegQlBON0tCQ09jd2s,367359
cap - 8307.PNG,0B8WcbXogHvegM3lnVC1TMTc1RFU,345617
cap - 8308.PNG,0B8WcbXogHvegTmQ2RnZmRXIyZWM,454978
cap - 8309.PNG,0B8WcbXogHvegWkJnX3ozOFlENmc,543372
cap - 8310.PNG,0B8WcbXogHvegaXpJc002NzNGc2s,543611
cap - 8311.PNG,0B8WcbXogHvegVmRabVI0V1hvNTQ,498708
cap - 8312.PNG,0B8WcbXogHvegaHo5T1Zjc21JdVk,452491
cap - 8313.PNG,0B8WcbXogHvegLWJwSEZ2MUo4Wms,446270
cap - 8314.PNG,0B8WcbXogHvegWWRGc1BUOVhnbnM,477813
cap - 8315.PNG,0B8WcbXogHvegY1BrTVZ3SmNUZTQ,346929
cap - 8316.PNG,0B8WcbXogHvegS2FEZ2I0Q3ZDNmM,432184
cap - 8317.PNG,0B8WcbXogHvegZ2lfTkxNVm9COGc,501082
cap - 8318.PNG,0B8WcbXogHvegSnZueHkxY0dPMFk,457223
cap - 8319.PNG,0B8WcbXogHveganFYZmNyd3FvN2c,506548
cap - 8320.PNG,0B8WcbXogHvegZ0NMYXNqNEZsM2M,500926
cap - 8321.PNG,0B8WcbXogHvegTmozeG5VeF9qYWs,533593
cap - 8322.PNG,0B8WcbXogHvegZFVDWDdwSlF2aFk,589645
cap - 8323.PNG,0B8WcbXogHvegUUo0dkh3VEJLZU0,577810
cap - 8324.PNG,0B8WcbXogHvegU3ZrY2ZzSTJkRlU,438556
cap - 8325.PNG,0B8WcbXogHvegbVhLdDQ2cG50aWM,559551
cap - 8326.PNG,0B8WcbXogHvegeU82YmFhRzA3clU,500650
cap - 8327.PNG,0B8WcbXogHvegbXN0bGdVVEM2NWc,450224
cap - 8328.PNG,0B8WcbXogHvegSFdkYWxzNlloOVU,584431
cap - 8329.PNG,0B8WcbXogHvegQUhHR0RlMDEzN3c,542861
cap - 8330.PNG,0B8WcbXogHvegaXZlQnVZRl81WFk,411070
cap - 8331.PNG,0B8WcbXogHvegLURjN0NsdlJRSlk,442412
cap - 8332.PNG,0B8WcbXogHvegWkhfT0VOanB2NEU,376885
cap - 8333.PNG,0B8WcbXogHvegVlA4VjVZcDZqSGc,381276
cap - 8334.PNG,0B8WcbXogHvegaU5XUl8wMlowUHM,394045
cap - 8335.PNG,0B8WcbXogHvegQ0RtaVRXV2Jxamc,392042
cap - 8336.PNG,0B8WcbXogHvegR0EyTFdfbjRHT00,358350
cap - 8337.PNG,0B8WcbXogHvegUjM3bC1wVk54Qmc,506465
cap - 8338.PNG,0B8WcbXogHvegNGlDRE4wRmxpRjQ,517232
cap - 8339.PNG,0B8WcbXogHvegaWU5bHlBNlAtZ2c,527660
cap - 8340.PNG,0B8WcbXogHvegeWFzbXpGRTBnaG8,450627
cap - 8341.PNG,0B8WcbXogHvegYkdOdUdzTUt6MWM,473143
cap - 8342.PNG,0B8WcbXogHvegWnBldlZYVklIcjA,470276
cap - 8343.PNG,0B8WcbXogHvegWnFja0xkT0VJQXc,440274
cap - 8344.PNG,0B8WcbXogHvegRGs2VXZBYlZtbTQ,468947
cap - 8345.PNG,0B8WcbXogHvegR3VJYUxaX09FZE0,478160
cap - 8346.PNG,0B8WcbXogHvegSjhIU0k2RHFCQzA,523350
cap - 8347.PNG,0B8WcbXogHvegS0RNX2l0MnQxX1E,520261
cap - 8348.PNG,0B8WcbXogHvegUUZqallFRThER0k,467980
cap - 8349.PNG,0B8WcbXogHvegbHVhWFFUUW11XzA,573487
cap - 8350.PNG,0B8WcbXogHvegY0pDUmhnZHRXU28,548371
cap - 8351.PNG,0B8WcbXogHvegcHIzSGZ0UWNwZ28,534906
cap - 8352.PNG,0B8WcbXogHvegbUVGWm10aGhOclk,587309
cap - 8353.PNG,0B8WcbXogHvegQ2tqQV9rTmNpYWc,583722
cap - 8354.PNG,0B8WcbXogHvegMkxUcVd6LUdPRUk,532842
cap - 8355.PNG,0B8WcbXogHvegVUlTSERBWi1nSVE,611690
cap - 8356.PNG,0B8WcbXogHvegWFpwajdQYUR3eFk,452814
cap - 8357.PNG,0B8WcbXogHvegMS1CZDFIN3lZRGM,492547
cap - 8358.PNG,0B8WcbXogHvegRTlmWk5LVzhEOFU,416525
cap - 8359.PNG,0B8WcbXogHvegNVNMb0R6TVpPV2M,526939
cap - 8360.PNG,0B8WcbXogHvegbGNEVFZSbTBpZE0,546850
cap - 8361.PNG,0B8WcbXogHvegdlpUNWJpU1luNkk,483642
cap - 8362.PNG,0B8WcbXogHvegY1B1U1VNNjVVNDg,511944
cap - 8363.PNG,0B8WcbXogHvegd0JYZHk4czRaaEU,500813
cap - 8364.PNG,0B8WcbXogHvegenEwS0hvSmkxbUE,520657
cap - 8365.PNG,0B8WcbXogHvegOW1ubUVMLWJvUUE,498548
cap - 8366.PNG,0B8WcbXogHvegX01WcWJRS0lYdmM,512420
cap - 8367.PNG,0B8WcbXogHvegaHJtYmpnaXdBYXM,520566
cap - 8368.PNG,0B8WcbXogHvegdTJiYUJCWUxtbDg,470666
cap - 8369.PNG,0B8WcbXogHvegdmdLQXJRUk5SeTg,510300
cap - 8370.PNG,0B8WcbXogHvegUlFfOFZoMFlCazA,597986
cap - 8371.PNG,0B8WcbXogHvegZFpKNGkyT0tPUUk,522563
cap - 8372.PNG,0B8WcbXogHvegcUZ1UXZjRUxIUTQ,526268
cap - 8373.PNG,0B8WcbXogHvegOHRpVUNMVEszUFU,457891
cap - 8374.PNG,0B8WcbXogHvegbEpjNFF2SW96eGc,426695
cap - 8375.PNG,0B8WcbXogHvegTFNZazdaNk1nMDA,396904
cap - 8376.PNG,0B8WcbXogHvegWDlwSmlfQ1JMX1E,405091
cap - 8377.PNG,0B8WcbXogHvegX3FOMEtYTUx3Rnc,406322
cap - 8378.PNG,0B8WcbXogHvegQzZNT3hnZ2YxN0k,415544
cap - 8379.PNG,0B8WcbXogHvegT05Xck56YnFtQVk,467011
cap - 8380.PNG,0B8WcbXogHvegSTVvZTA1Ty10dEk,433520
cap - 8381.PNG,0B8WcbXogHvegRzc1Y2ZtdUxDMFk,671228
cap - 8382.PNG,0B8WcbXogHvegdXVnODRFSV91eUk,646479
cap - 8383.PNG,0B8WcbXogHvegc2lLNnhvYzQxT0k,569462
cap - 8384.PNG,0B8WcbXogHvegczk0TS1UaDQzd0E,623103
cap - 8385.PNG,0B8WcbXogHvegRWozNGFXTUdBSFE,609623
cap - 8386.PNG,0B8WcbXogHvegWlY3Q01XMDdfdG8,679583
cap - 8387.PNG,0B8WcbXogHvegLTBicXhHT0pvd0E,566730
cap - 8388.PNG,0B8WcbXogHvegOFc4d0xBeTNIbnM,610845
cap - 8389.PNG,0B8WcbXogHvegeTRkQ1VjelhHNkE,566943
cap - 8390.PNG,0B8WcbXogHvegM2hWQ2FrTlRSa1U,580175
cap - 8391.PNG,0B8WcbXogHvegbUY0V2FGTjJ0LW8,520243
cap - 8392.PNG,0B8WcbXogHvegdVdGVmtDS2ROd1k,575922
cap - 8393.PNG,0B8WcbXogHvegM2lKQjVUZ1JOWFU,614543
cap - 8394.PNG,0B8WcbXogHvegLTRLeWVMV0pKTW8,574471
cap - 8395.PNG,0B8WcbXogHvegNTE0SVZ4LU15SW8,528933
cap - 8396.PNG,0B8WcbXogHvegcUVoLTJFLWF3a2s,509736
cap - 8397.PNG,0B8WcbXogHvegQWxoS05LZklfalU,588540
cap - 8398.PNG,0B8WcbXogHvegaWlUN0RsUm5tb0U,483466
cap - 8399.PNG,0B8WcbXogHvegc3N6RHUyWTk4MWM,484081
cap - 8400.PNG,0B8WcbXogHvegT1dXZklTdFhYdHc,618356
cap - 8401.PNG,0B8WcbXogHvegN0lTNFJFaTBkU0k,541052
cap - 8402.PNG,0B8WcbXogHvegdG1DRjd6RE9HNFE,490775
cap - 8403.PNG,0B8WcbXogHvegVnpPcTZSeGo2VTg,561654
cap - 8404.PNG,0B8WcbXogHvegLUN6WHZZUkFCaUE,627691
cap - 8405.PNG,0B8WcbXogHvegUGF5REc2M1FIYVE,608053
cap - 8406.PNG,0B8WcbXogHvegOEhZSFJCY19wVUE,485700
cap - 8407.PNG,0B8WcbXogHvegenJLeDQ4R2dMUzA,604059
cap - 8408.PNG,0B8WcbXogHvegZlRXa0o0OS1hZTQ,603253
cap - 8409.PNG,0B8WcbXogHvegeGVnYXFpRHo1NlE,551709
cap - 8410.PNG,0B8WcbXogHvegQnBjRE95OHZsWkU,586662
cap - 8411.PNG,0B8WcbXogHvegQ04taFRyU09pcFE,605749
cap - 8412.PNG,0B8WcbXogHvegVlpESHJyTzlGQVE,614179
cap - 8413.PNG,0B8WcbXogHvegWFVrNWdXdXF5WjA,560639
cap - 8414.PNG,0B8WcbXogHvegN3ZIeDdiUHlaTjg,596296
cap - 8415.PNG,0B8WcbXogHvegQXdSN3ZYekNzVzQ,625840
cap - 8416.PNG,0B8WcbXogHvegcXM1dDlYbFdyWWM,566114
cap - 8417.PNG,0B8WcbXogHvegTHoxMWtMa3EteFk,597162
cap - 8418.PNG,0B8WcbXogHvegTGN4SVppX05jT0U,672239
cap - 8419.PNG,0B8WcbXogHvegdTRlMUlXVDRhXzg,662463
cap - 8420.PNG,0B8WcbXogHvegeXNpeS11LXNqXzg,639769
cap - 8421.PNG,0B8WcbXogHvegaWI3OVpzekZUNGM,662359
cap - 8422.PNG,0B8WcbXogHvegT3Y5cTlMSEstNTA,657697
cap - 8423.PNG,0B8WcbXogHvegS1R5el9IdzRsTnc,450644
cap - 8424.PNG,0B8WcbXogHvegVkJLeGR0ckdzYWM,426527
cap - 8425.PNG,0B8WcbXogHvegR2tkTFRqNHFkQnM,407564
cap - 8426.PNG,0B8WcbXogHvegeE56UEJfeVA1MHc,444189
cap - 8427.PNG,0B8WcbXogHvegUldELWJQNFRKWkU,479659
cap - 8428.PNG,0B8WcbXogHvega09RUTQ3MlNQZlk,520917
cap - 8429.PNG,0B8WcbXogHvegbE1kRlViZ0VBbnc,473336
cap - 8430.PNG,0B8WcbXogHvegdHE0cWtlc2V3Wnc,439475
cap - 8431.PNG,0B8WcbXogHvegeXZWUzEzREdaajQ,473162
cap - 8432.PNG,0B8WcbXogHvegQlpYaXNHd0ZfdUk,483939
cap - 8433.PNG,0B8WcbXogHvegQmpYMno3VHlxTG8,597312
cap - 8434.PNG,0B8WcbXogHvegcFpLVVBvbFpZUnM,574170
cap - 8435.PNG,0B8WcbXogHvegRUR4Mm55aHBLdHc,519058
cap - 8436.PNG,0B8WcbXogHvegV0tuMEJpYXFydUU,525637
cap - 8437.PNG,0B8WcbXogHvegTndlUHpGV1gtNWc,532248
cap - 8438.PNG,0B8WcbXogHvegQTB1VVd2WC1iZlU,534912
cap - 8439.PNG,0B8WcbXogHvegV29NZTNkLXhVN1U,571378
cap - 8440.PNG,0B8WcbXogHvegU0s5REx4OU5hMlk,610141
cap - 8441.PNG,0B8WcbXogHvegZUhBbXRpSVRMNDA,581403
cap - 8442.PNG,0B8WcbXogHvegNno3VGg4cVBuUWs,381227
cap - 8443.PNG,0B8WcbXogHvegVjhxUWo0NFpmRUU,487353
cap - 8444.PNG,0B8WcbXogHvegeWxCVUYwVnZHYzg,569987
cap - 8445.PNG,0B8WcbXogHvegTENYRjVNRkh6MTQ,485999
cap - 8446.PNG,0B8WcbXogHvegSk5sc3lBcFBMdnM,551005
cap - 8447.PNG,0B8WcbXogHvegZzBrNHNETXdYeVU,477112
cap - 8448.PNG,0B8WcbXogHvegUGlFQ19Sd3ZUT0E,437458
cap - 8449.PNG,0B8WcbXogHvegNXNhenJ5MlBrOHM,554411
cap - 8450.PNG,0B8WcbXogHvegVVcwWnhXa2xWZDQ,587154
cap - 8451.PNG,0B8WcbXogHvegUTBEbVM4QTBfNDQ,462616
cap - 8452.PNG,0B8WcbXogHvegYWpZQjlzRXNXb0E,462110
cap - 8453.PNG,0B8WcbXogHvegVi1nQ0thMmV5WTQ,530807
cap - 8454.PNG,0B8WcbXogHvegQkRzRVJoRWt4Qmc,526457
cap - 8455.PNG,0B8WcbXogHvegeEhUbDFvM1VYWVU,587311
cap - 8456.PNG,0B8WcbXogHvegN0o2dnJpUS1ORDg,660440
cap - 8457.PNG,0B8WcbXogHvegbVQ2UkFCWkt3Tk0,607056
cap - 8458.PNG,0B8WcbXogHvegY0FTdy14YmtnR2c,637765
cap - 8459.PNG,0B8WcbXogHvegMlE2OGkwbkdpb2s,650572
cap - 8460.PNG,0B8WcbXogHvegakxWUWFFYzBVSDg,663628
cap - 8461.PNG,0B8WcbXogHvegZ1RXbldiOGJTMlU,580315
cap - 8462.PNG,0B8WcbXogHvegcUtVSF9RUHF6Y1U,609409
cap - 8463.PNG,0B8WcbXogHvegUFF4RjFiLVZPTW8,554247
cap - 8464.PNG,0B8WcbXogHvegeHQ3Q1daeTFqVHM,487127
cap - 8465.PNG,0B8WcbXogHvegdWpEYl9LMDU5blE,524572
cap - 8466.PNG,0B8WcbXogHvegRnZKN2xsM1FSYTg,490200
cap - 8467.PNG,0B8WcbXogHvegTUFjNkdCdENCWnM,515839
cap - 8468.PNG,0B8WcbXogHvegdG5ZbERhR0F3UUU,507616
cap - 8469.PNG,0B8WcbXogHvegUnZOclhsMmxHXzA,484795
cap - 8470.PNG,0B8WcbXogHvegNmNaZHpDaUc1NFk,556436
cap - 8471.PNG,0B8WcbXogHvegSHZjbkJBMVBHR1E,584764
cap - 8472.PNG,0B8WcbXogHvegWWc5UzNnZzMzcGc,539723
cap - 8473.PNG,0B8WcbXogHvegbmtibjVKX3NsT1k,561817
cap - 8474.PNG,0B8WcbXogHvegSTNIX255T2xtaEE,644621
cap - 8475.PNG,0B8WcbXogHvegRHBvMDBxLTRiYmc,567600
cap - 8476.PNG,0B8WcbXogHvegNHFNWThwd3RYRDQ,559245
cap - 8477.PNG,0B8WcbXogHvegdE1JTFNiRVhxYWs,586244
cap - 8478.PNG,0B8WcbXogHvegNDVUSVFXb0NCVmc,576146
cap - 8479.PNG,0B8WcbXogHvega2ZDZ1o4WXRsMDA,560885
cap - 8480.PNG,0B8WcbXogHvegeHpkaGtVc3IyZ1k,615050
cap - 8481.PNG,0B8WcbXogHvegR1liQ0dYS053WGc,649526
cap - 8482.PNG,0B8WcbXogHvegcGs3TmNJbjRlYTQ,614607
cap - 8483.PNG,0B8WcbXogHvegd05sTVJvcFl1eFk,575446
cap - 8484.PNG,0B8WcbXogHvegSl80ZTJTM0JQNjQ,476459
cap - 8485.PNG,0B8WcbXogHvegNmVaNm5aTnhLTVU,479245
cap - 8486.PNG,0B8WcbXogHvegQU1pLWpucGdZWTg,512978
cap - 8487.PNG,0B8WcbXogHvegY21Tc2dsbUJ6d28,489662
cap - 8488.PNG,0B8WcbXogHvegSm9GSVRzZjkySVE,590222
cap - 8489.PNG,0B8WcbXogHvegRFc5OHVtazg1VzA,635492
cap - 8490.PNG,0B8WcbXogHvegQ0R4RDlva0EwNW8,613666
cap - 8491.PNG,0B8WcbXogHvegY3FDRS13TGMzOWM,553049
cap - 8492.PNG,0B8WcbXogHvegVEtaaFVkdWtMaHc,549728
cap - 8493.PNG,0B8WcbXogHvegWjhpdTdicWtzWG8,553033
cap - 8494.PNG,0B8WcbXogHvegNXdLUnJVRnU3N1U,641078
cap - 8495.PNG,0B8WcbXogHvegdWhaWjJwRm1GNzg,665578
cap - 8496.PNG,0B8WcbXogHvegVzB0WGZTNjU0LTA,668270
cap - 8497.PNG,0B8WcbXogHvegelRRRllxVUgwcXM,663033
cap - 8498.PNG,0B8WcbXogHvegMGRhbDM0SXVXeDg,610634
cap - 8499.PNG,0B8WcbXogHvegRzRmbWNuLUZfX0U,590429
cap - 8500.PNG,0B8WcbXogHvegNDdpUUFqd3RQeUE,557897
cap - 8501.PNG,0B8WcbXogHvegdTJKUWh4b3ZmSE0,592280
cap - 8502.PNG,0B8WcbXogHvegN1ZWWW1oaXgzVVE,516066
cap - 8503.PNG,0B8WcbXogHvegelFHZ2wwSFRPQW8,423209
cap - 8504.PNG,0B8WcbXogHvegVGYxSGhJUmpvUXc,529335
cap - 8505.PNG,0B8WcbXogHvegaS1sWGtVSHdFb1k,471209
cap - 8506.PNG,0B8WcbXogHvegTzE0WEhkLWF2VVk,476144
cap - 8507.PNG,0B8WcbXogHvegaFZwWEVpYW4zVWs,585548
cap - 8508.PNG,0B8WcbXogHvegUnV5NUw2N1A5SDQ,514729
cap - 8509.PNG,0B8WcbXogHvegY3E3eXIzMGRZX0U,557063
cap - 8510.PNG,0B8WcbXogHvegZFRsV1FUVDhCY3M,466293
cap - 8511.PNG,0B8WcbXogHvegMFNybUt6eVd6ZVk,540686
cap - 8512.PNG,0B8WcbXogHvegcTAwZ0ZEOGF3WTQ,474178
cap - 8513.PNG,0B8WcbXogHvegUVNxVm5TNUNQSDA,496506
cap - 8514.PNG,0B8WcbXogHvegS25hR0FDY0N5TUU,485532
cap - 8515.PNG,0B8WcbXogHvegcVNUVmdLQXFveG8,466891
cap - 8516.PNG,0B8WcbXogHvegMUJJaWNZcnVCQmM,531181
cap - 8517.PNG,0B8WcbXogHvegQ2pNUmFGRzZGM2c,530129
cap - 8518.PNG,0B8WcbXogHvegU1Q2cWRGdlN2d1E,506038
cap - 8519.PNG,0B8WcbXogHvegM0JERTFIYjhFWTg,458149
cap - 8520.PNG,0B8WcbXogHvegc3BXVkxoTjNVY1U,482956
cap - 8521.PNG,0B8WcbXogHvegWVF5Zm85VlhqMlU,466506
cap - 8522.PNG,0B8WcbXogHvegUU9pTEM0TF92X3M,558750
cap - 8523.PNG,0B8WcbXogHvegVDVTSkxaaHNPN0E,525593
cap - 8524.PNG,0B8WcbXogHvegM2xTbmpoeWxxM1E,542232
cap - 8525.PNG,0B8WcbXogHvegT1FTS25XTGhIaUk,471451
cap - 8526.PNG,0B8WcbXogHvegZWpUT05YSFFnM2M,538717
cap - 8527.PNG,0B8WcbXogHvegWl9IaHBudVlFd2s,526288
cap - 8528.PNG,0B8WcbXogHvegNll6aTJQWVpyZk0,528851
cap - 8529.PNG,0B8WcbXogHvegNV9jTXhDWXFRWEU,509759
cap - 8530.PNG,0B8WcbXogHvegQ01nMVBxeHhGV28,485219
cap - 8531.PNG,0B8WcbXogHvegQU5tOTl1dXVmZmM,558434
cap - 8532.PNG,0B8WcbXogHvegVk5NRzk5TFgxSzg,544790
cap - 8533.PNG,0B8WcbXogHvegN1A0dE4xUy1KaUU,568697
cap - 8534.PNG,0B8WcbXogHvegeFJxcGU1ZUN4dzA,552776
cap - 8535.PNG,0B8WcbXogHvegNHhEMUF1VUdfZ1k,542146
cap - 8536.PNG,0B8WcbXogHvegRjQ1QVB1X0pOQXc,514414
cap - 8537.PNG,0B8WcbXogHvegVE8yendPYzdBS1k,494855
cap - 8538.PNG,0B8WcbXogHvegMTBucTR1bHV5cWc,552254
cap - 8539.PNG,0B8WcbXogHvegb2tzM1lMeTRHVmM,546660
cap - 8540.PNG,0B8WcbXogHvegNDVoRU9FTnJqSzg,591875
cap - 8541.PNG,0B8WcbXogHvegSE1NZjBGOUk4dlk,588967
cap - 8542.PNG,0B8WcbXogHvegM0xQSVRkdURrNzg,493973
cap - 8543.PNG,0B8WcbXogHvegU1lNaWVyekotUlk,558087
cap - 8544.PNG,0B8WcbXogHvegRW5ucGRSOUNLUUk,509220
cap - 8545.PNG,0B8WcbXogHvegdUd2Y1g4RzFyVWs,493617
cap - 8546.PNG,0B8WcbXogHvegS0kwQVhlcGQtcjA,497249
cap - 8547.PNG,0B8WcbXogHvegUnJ1NHBScURiYjQ,596400
cap - 8548.PNG,0B8WcbXogHvegY0VydHJ6S3BmUkU,522547
cap - 8549.PNG,0B8WcbXogHvegX3dWSEJiZXc0ZDA,605943
cap - 8550.PNG,0B8WcbXogHvegT0VXNm5KYjI0TlE,516217
cap - 8551.PNG,0B8WcbXogHvegX3lDbnBIcWRwcWM,598658
cap - 8552.PNG,0B8WcbXogHvegdVFublNjSFRkRms,586750
cap - 8553.PNG,0B8WcbXogHvegT3YwUEN5QU9aQXc,612045
cap - 8554.PNG,0B8WcbXogHvegakNDQUl5Um9yTlk,628745
cap - 8555.PNG,0B8WcbXogHvegdXRsVGJ2Q0FfcHc,602882
cap - 8556.PNG,0B8WcbXogHvegSll3QUNuaEhmaUU,584068
cap - 8557.PNG,0B8WcbXogHvegQjU0SHl1UEJLa00,395326
cap - 8558.PNG,0B8WcbXogHvegWVZZVXpHT0syR1k,373041
cap - 8559.PNG,0B8WcbXogHvegeURGVzY0ck80QlU,575870
cap - 8560.PNG,0B8WcbXogHvegLTF5THdYSnA4RnM,414229
cap - 8561.PNG,0B8WcbXogHvegbnI1RExMMnB2Qnc,579475
cap - 8562.PNG,0B8WcbXogHvegWG1pSzhDUU8tcm8,575292
cap - 8563.PNG,0B8WcbXogHvegN0JmaEVraloyYlE,460571
cap - 8564.PNG,0B8WcbXogHvegTHBKaTdrX2xJRGs,498254
cap - 8565.PNG,0B8WcbXogHvegTHdxckFCT0QyM00,502981
cap - 8566.PNG,0B8WcbXogHvegRGp5R2JkUkxObVE,639492
cap - 8567.PNG,0B8WcbXogHvegOTlSUXdMM2NRT28,652017
cap - 8568.PNG,0B8WcbXogHvegUDl3and5bEJNMHc,650019
cap - 8569.PNG,0B8WcbXogHvegVnJHSnhSM081Z3M,616554
cap - 8570.PNG,0B8WcbXogHvegV1ctTnNpb3o4c3c,531899
cap - 8571.PNG,0B8WcbXogHvegZ0xHZXFPUWRQdXM,564131
cap - 8572.PNG,0B8WcbXogHvegQ3dOcEc0dFpBOHM,497900
cap - 8573.PNG,0B8WcbXogHvegTW9uTU1qeDJCbkk,572644
cap - 8574.PNG,0B8WcbXogHvegdk5TM0hqNHRpTEU,591800
cap - 8575.PNG,0B8WcbXogHvegS0FZQWEydHBiYVU,571909
cap - 8576.PNG,0B8WcbXogHvegUzNKazVZR3l6YUE,572767
cap - 8577.PNG,0B8WcbXogHvegNHNOTlZ4SUE1SUk,464388
cap - 8578.PNG,0B8WcbXogHvegNVZHTVV5QVBDNGs,444191
cap - 8579.PNG,0B8WcbXogHvegWUtfa2JSalJ5bkU,430143
cap - 8580.PNG,0B8WcbXogHvegMUZxTzl1QTBKU00,520703
cap - 8581.PNG,0B8WcbXogHvegS0tJamZNSV9OUWc,490830
cap - 8582.PNG,0B8WcbXogHvegamlkd1I3d05ldDg,491480
cap - 8583.PNG,0B8WcbXogHvegMzRpSTZPWllUWXM,582642
cap - 8584.PNG,0B8WcbXogHvegQm9MWVZDMVJHWFE,524979
cap - 8585.PNG,0B8WcbXogHvegaWV4NHBmWFlNbEE,531228
cap - 8586.PNG,0B8WcbXogHvegN01nVG9fMnNOaFU,549350
cap - 8587.PNG,0B8WcbXogHvegOGhXbjdLOUs1aUU,494958
cap - 8588.PNG,0B8WcbXogHvegRngzOVR6RXlSQ2s,606695
cap - 8589.PNG,0B8WcbXogHvegQ2U2N19YTVBPU3M,453638
cap - 8590.PNG,0B8WcbXogHvegRVkyaVJaS0xyUFU,593928
cap - 8591.PNG,0B8WcbXogHvegc1VBOUJEdmR0ajA,559647
cap - 8592.PNG,0B8WcbXogHvegVHpaYkhqdWhCWk0,450806
cap - 8593.PNG,0B8WcbXogHvegMlozQ0xGMmxIV2s,452938
cap - 8594.PNG,0B8WcbXogHvegb0hIbE05VzRMYnM,502600
cap - 8595.PNG,0B8WcbXogHvegS3RkSGpaYTZRN3c,452241
cap - 8596.PNG,0B8WcbXogHvegVmlRS0lJcVh6LU0,505221
cap - 8597.PNG,0B8WcbXogHvegekJaN21PNHlrcWs,453303
cap - 8598.PNG,0B8WcbXogHvegTzJLNXpaUzFyMjQ,515976
cap - 8599.PNG,0B8WcbXogHvegX3A2U1BpT1VxTHc,583278
cap - 8600.PNG,0B8WcbXogHvegVndNWjVhZUlzU2c,538420
cap - 8601.PNG,0B8WcbXogHvegNGNQS0pOeFI1MHM,496499
cap - 8602.PNG,0B8WcbXogHvegNWxiclRXM1RFdlE,519980
cap - 8603.PNG,0B8WcbXogHvegY0tOMm1XdHNRWU0,591122
cap - 8604.PNG,0B8WcbXogHvegbHV5VDdSd0UtTDA,581439
cap - 8605.PNG,0B8WcbXogHvegd0R2dWxhTzQyV0E,601729
cap - 8606.PNG,0B8WcbXogHvegeWJBUGNSekdnc28,506433
cap - 8607.PNG,0B8WcbXogHvegWW8taHdMcTFKcUU,553128
cap - 8608.PNG,0B8WcbXogHvegZnlCMWF1YlF3WWs,492921
cap - 8609.PNG,0B8WcbXogHvegWlVrNzJ0ZUdIQTQ,461203
cap - 8610.PNG,0B8WcbXogHvegSTJUVklRZnBNckU,375075
cap - 8611.PNG,0B8WcbXogHvegdVBzdXpjVDJUdms,500495
cap - 8612.PNG,0B8WcbXogHvegVEJuTi1ET3ZQZDQ,449358
cap - 8613.PNG,0B8WcbXogHvegY0NVWGUxYmEtRkk,433379
cap - 8614.PNG,0B8WcbXogHvegcThPVHh2OGNaX28,404474
cap - 8615.PNG,0B8WcbXogHvegNG1CdFBLS1F3TUU,474496
cap - 8616.PNG,0B8WcbXogHvegS1BrRlNCYklSSUE,556816
cap - 8617.PNG,0B8WcbXogHvegSVV6dEh2dlppREE,500404
cap - 8618.PNG,0B8WcbXogHvegNEZJUzRyVGJCeWc,401543
cap - 8619.PNG,0B8WcbXogHvegUGxpaTI2bDBDYzQ,446417
cap - 8620.PNG,0B8WcbXogHvegMnVzZmRwd3RjQ28,439391
cap - 8621.PNG,0B8WcbXogHvegTGh5cDNpNVY3ejQ,362695
cap - 8622.PNG,0B8WcbXogHvegRkxnbWhYWjFnRHM,406113
cap - 8623.PNG,0B8WcbXogHvegaVVNZzdQWGZJcDg,355867
cap - 8624.PNG,0B8WcbXogHvegXzdKbzRPdEM3dFU,413711
cap - 8625.PNG,0B8WcbXogHvegd0NTREpoSmwtazQ,454060
cap - 8626.PNG,0B8WcbXogHvegM2kyVUdMelEya0U,394171
cap - 8627.PNG,0B8WcbXogHvegSlNxc19zSzF6NEU,338812
cap - 8628.PNG,0B8WcbXogHvegS3RqMjRIZ3NNaHc,407354
cap - 8629.PNG,0B8WcbXogHvegY2dCVl9pWkVwZHM,489746
cap - 8630.PNG,0B8WcbXogHvegMmRNLWZ6dzdCTHc,462889
cap - 8631.PNG,0B8WcbXogHvegRmVBUEhsNlp3dzQ,490694
cap - 8632.PNG,0B8WcbXogHvegS3F2NHZZSVdzVWs,422830
cap - 8633.PNG,0B8WcbXogHvegUHNOclk3RTgtMDA,622187
cap - 8634.PNG,0B8WcbXogHvegbkp6WHRCRE9pQnM,451447
cap - 8635.PNG,0B8WcbXogHvegZHRtR1RaUjl5bXc,340489
cap - 8636.PNG,0B8WcbXogHvegX082YXFoV1hITVU,584799
cap - 8637.PNG,0B8WcbXogHvegSDhtTFZMX0JWNHc,677154
cap - 8638.PNG,0B8WcbXogHvegZlRqLTJaXy1TX0U,547299
cap - 8639.PNG,0B8WcbXogHvegQ0NaU0EzUUo0Y3c,545633
cap - 8640.PNG,0B8WcbXogHvegbkIwbkpDZVd0blU,507485
cap - 8641.PNG,0B8WcbXogHvegemdDOXowc3FreWM,406343
cap - 8642.PNG,0B8WcbXogHvegOG5TdktpV3ZPaFk,333393
cap - 8643.PNG,0B8WcbXogHvegU3lhdEVOSkZLVU0,383919
cap - 8644.PNG,0B8WcbXogHvegMFl6SFBqN0VTUjg,530235
cap - 8645.PNG,0B8WcbXogHvegdk5NOVVEV2ttdWc,556639
cap - 8646.PNG,0B8WcbXogHvegeVh5bTgtSk5lVjg,535606
cap - 8647.PNG,0B8WcbXogHvegdmpDendsOXNKV0E,537944
cap - 8648.PNG,0B8WcbXogHvegU3RGN0NJR2Z0RkU,475803
cap - 8649.PNG,0B8WcbXogHvegeURneTdDLUhfNFU,382169
cap - 8650.PNG,0B8WcbXogHvegY3Q5aE5pdGxoMXc,476108
cap - 8651.PNG,0B8WcbXogHvegZUJMZTJZdFNmcjg,572420
cap - 8652.PNG,0B8WcbXogHvegQ2diLWNtQm1NWXM,575263
cap - 8653.PNG,0B8WcbXogHvegUmhrU2FucmF4Slk,570574
cap - 8654.PNG,0B8WcbXogHvegMDFQckoxV0kzcms,576142
cap - 8655.PNG,0B8WcbXogHvegQW40QWFEbi1oS2s,551143
cap - 8656.PNG,0B8WcbXogHvegcXRQNXpVOWpMOTA,554816
cap - 8657.PNG,0B8WcbXogHvegc1FuM1k5VVNSdkk,582211
cap - 8658.PNG,0B8WcbXogHvegX01QanpVaUVKcDg,583767
cap - 8659.PNG,0B8WcbXogHvegdHV1SDloS2VrYm8,612168
cap - 8660.PNG,0B8WcbXogHvegTmpnZDd4d0ZHMzg,568660
cap - 8661.PNG,0B8WcbXogHvegWmgwUERUWmZNM1E,710514
cap - 8662.PNG,0B8WcbXogHvegSGFSQWZJeUNTTU0,752189
cap - 8663.PNG,0B8WcbXogHvegSFlxeDJfZG5sWlU,807098
cap - 8664.PNG,0B8WcbXogHvegTTFxX1RxVk1RaVk,742771
cap - 8665.PNG,0B8WcbXogHvegbFQzdGhZYjI5Z1E,681930
cap - 8666.PNG,0B8WcbXogHvegQnVKdHJkN0pmYlE,722189
cap - 8667.PNG,0B8WcbXogHvegVkg5SGpNcHpzOVk,719560
cap - 8668.PNG,0B8WcbXogHvegNHpLalRPZG1RdXM,679902
cap - 8669.PNG,0B8WcbXogHvegdTJnZFNrbXd3cVk,570353
cap - 8670.PNG,0B8WcbXogHvegZmRnOGRId21wZG8,738453
cap - 8671.PNG,0B8WcbXogHvegeVp4cGZnZEI5TjA,421682
cap - 8672.PNG,0B8WcbXogHvegTy1IWE9WcFVaZEk,463680
cap - 8673.PNG,0B8WcbXogHvegSjNLSThETHVtTUE,522711
cap - 8674.PNG,0B8WcbXogHvegYzZCdjl2RXBkWjQ,462675
cap - 8675.PNG,0B8WcbXogHvegWWRKMjZqYmxEdEE,411709
cap - 8676.PNG,0B8WcbXogHvegYUhieTdJT2hGUDg,392406
cap - 8677.PNG,0B8WcbXogHvegckUzb3RQYVFMMlU,535490
cap - 8678.PNG,0B8WcbXogHvegbmhmU1F5eTM4RVk,381492
cap - 8679.PNG,0B8WcbXogHvegbWZyQ1pzczNkSE0,418504
cap - 8680.PNG,0B8WcbXogHvegUzgwVVhPQnZKd2s,588392
cap - 8681.PNG,0B8WcbXogHvegdmJzb1E2VGZ3S00,597826
cap - 8682.PNG,0B8WcbXogHvegamNybXJQcXZqVnc,597483
cap - 8683.PNG,0B8WcbXogHvegbHdkWEpQWVRUUVU,540421
cap - 8684.PNG,0B8WcbXogHvegVjhBMUhjdUg5NUE,538460
cap - 8685.PNG,0B8WcbXogHvegU3JkcnNTcHdlNTg,426050
cap - 8686.PNG,0B8WcbXogHvegZngzQ2psTW5jTWc,381460
cap - 8687.PNG,0B8WcbXogHvegWHJmcVJKbjVZaU0,419087
cap - 8688.PNG,0B8WcbXogHvegWXZhM1E0T3VVeEE,482542
cap - 8689.PNG,0B8WcbXogHvegSHBNQ1Jfa1F5dzQ,534444
cap - 8690.PNG,0B8WcbXogHvega2hTRXl2aXNkLW8,365091
cap - 8691.PNG,0B8WcbXogHvegU2NObURtRG9JUHM,436459
cap - 8692.PNG,0B8WcbXogHvega1lCd1UtZVdzWW8,493880
cap - 8693.PNG,0B8WcbXogHvegOXNNZ0N0V3AyRjQ,598889
cap - 8694.PNG,0B8WcbXogHvegaDRYZ1RVeTVYQmc,539675
cap - 8695.PNG,0B8WcbXogHvegU0oybk1ZYjlpU0U,594760
cap - 8696.PNG,0B8WcbXogHvegRzgyNTlTRXVsTmc,508794
cap - 8697.PNG,0B8WcbXogHvegcmNjSnl5LWF6V1k,523199
cap - 8698.PNG,0B8WcbXogHvegRno0TG11bnB2T28,566057
cap - 8699.PNG,0B8WcbXogHvegTE5RbS11ZzVGY3M,547494
cap - 8700.PNG,0B8WcbXogHvegTjg5My1ITjk2UUE,512895
cap - 8701.PNG,0B8WcbXogHvegdEJ1cVM4ZDBSeFk,514867
cap - 8702.PNG,0B8WcbXogHvegX0wydEFka0VGaGs,594155
cap - 8703.PNG,0B8WcbXogHvegZTRjMVJmd1hyR2M,440035
cap - 8704.PNG,0B8WcbXogHvegRUkwOHE2dGc3RWs,477381
cap - 8705.PNG,0B8WcbXogHvegQkI3ZEVpdVlUNkk,511311
cap - 8706.PNG,0B8WcbXogHvegeEkydFVtVjFkQTQ,440586
cap - 8707.PNG,0B8WcbXogHvegbEVWQkdlNmdlWUE,451887
cap - 8708.PNG,0B8WcbXogHvegV2M3aXl2Y0FnZjg,490526
cap - 8709.PNG,0B8WcbXogHvegUFFfLXhuZUwtcFU,440131
cap - 8710.PNG,0B8WcbXogHvegNFZmOTdoMllYZlU,465358
cap - 8711.PNG,0B8WcbXogHvegNzRBNWh4Sy1NdGc,483134
cap - 8712.PNG,0B8WcbXogHvegTjJFeDJhd0U2ZXc,542455
cap - 8713.PNG,0B8WcbXogHvegc29hOVI0OFYwQ3c,469813
cap - 8714.PNG,0B8WcbXogHvegWXhaYmV6NXBhek0,426648
cap - 8715.PNG,0B8WcbXogHvegNHRfcGpDSFZqRzQ,536407
cap - 8716.PNG,0B8WcbXogHvegUldYVkVyTVAyeFE,406642
cap - 8717.PNG,0B8WcbXogHvegaENQRk1MZWpyUlE,393489
cap - 8718.PNG,0B8WcbXogHvegbS1nUXlHZG10UTA,462178
cap - 8719.PNG,0B8WcbXogHvegLXJlcEY1UlFCWVU,433854
cap - 8720.PNG,0B8WcbXogHvegNDhOWGw0S1hCUFU,497706
cap - 8721.PNG,0B8WcbXogHvegOHE5QzY4Y2dkV3c,500802
cap - 8722.PNG,0B8WcbXogHvegMWpJQjBGVjNRTzQ,424068
cap - 8723.PNG,0B8WcbXogHvegOGYtWnNXLVFkWlk,429462
cap - 8724.PNG,0B8WcbXogHvegb3c4R24xdHBPLWM,460170
cap - 8725.PNG,0B8WcbXogHvegVjBFM2owMnZMdzQ,760314
cap - 8726.PNG,0B8WcbXogHvegbkZoRE5wSmhCSzg,759953
cap - 8727.PNG,0B8WcbXogHvegVnlYRDh6b01VQ0E,754305
cap - 8728.PNG,0B8WcbXogHvegQ3FQR2ZoWjMzaVU,739977
cap - 8729.PNG,0B8WcbXogHvegZGE3X0otT1FOelU,750841
cap - 8730.PNG,0B8WcbXogHvegR2hhenRQOXN6VHM,808567
cap - 8731.PNG,0B8WcbXogHvegd1gyVlFuS0xIRHM,700068
cap - 8732.PNG,0B8WcbXogHvegWE9GV3lvZWR5T0U,458516
cap - 8733.PNG,0B8WcbXogHvegd2hKQVFRNDhwcW8,453623
cap - 8734.PNG,0B8WcbXogHvegX1BYWXVrcDlGV2s,505029
cap - 8735.PNG,0B8WcbXogHvegZ2Y3V2RDanBBLVE,527611
cap - 8736.PNG,0B8WcbXogHvegb2lyWHB0N1prY0U,822148
cap - 8737.PNG,0B8WcbXogHvegRHQySDFBQlg0bDA,827965
cap - 8738.PNG,0B8WcbXogHvegRU92M2Fsc2Y1bjQ,614649
cap - 8739.PNG,0B8WcbXogHvegVTFPd093UF80ZFU,596215
cap - 8740.PNG,0B8WcbXogHvegRXluVUZLblBhNXc,645959
cap - 8741.PNG,0B8WcbXogHvegZlRMTlJ3SmY0OUE,581902
cap - 8742.PNG,0B8WcbXogHvegOENkaGFjdktTNUU,576845
cap - 8743.PNG,0B8WcbXogHvegY0xONEx2YzA0Y3c,474748
cap - 8744.PNG,0B8WcbXogHvegcXFxZXZKa01GYUE,478941
cap - 8745.PNG,0B8WcbXogHvegM216V2R4SF9IYkk,473045
cap - 8746.PNG,0B8WcbXogHvegM1lMZFlFVkRPUWc,508241
cap - 8747.PNG,0B8WcbXogHvegOEV3ckZtWEh3eGs,503722
cap - 8748.PNG,0B8WcbXogHvegc0hHMjJ4UDJ3NGc,491011
cap - 8749.PNG,0B8WcbXogHvegUFdwQkNDTjdKbkU,501286
cap - 8750.PNG,0B8WcbXogHvegU0lXUnJUVHA1WFk,468062
cap - 8751.PNG,0B8WcbXogHvegUVBxajlkMHNEak0,491613
cap - 8752.PNG,0B8WcbXogHvegQ29xVEVkdmpxWUE,504430
cap - 8753.PNG,0B8WcbXogHvegZzQ2a0NCdE5uOUU,491933
cap - 8754.PNG,0B8WcbXogHvegcjZLSVd6dC1Rd1k,448423
cap - 8755.PNG,0B8WcbXogHvegS2VOVTc5LVlwUzA,454323
cap - 8756.PNG,0B8WcbXogHvegTVhwSk55c29DcnM,453520
cap - 8757.PNG,0B8WcbXogHvegc0N0MEo5dzFueDQ,460659
cap - 8758.PNG,0B8WcbXogHvega2RTREJlQmphbzA,496727
cap - 8759.PNG,0B8WcbXogHvegQ2RHZ1YwbG5vTDA,487447
cap - 8760.PNG,0B8WcbXogHvegSmlxY3dxdzNHc1E,491560
cap - 8761.PNG,0B8WcbXogHvegTURuNzg2ZTNkcW8,452608
cap - 8762.PNG,0B8WcbXogHvegTE1YQ3plVXRDWE0,449399
cap - 8763.PNG,0B8WcbXogHvegSUJwZXVWaURLUlE,458195
cap - 8764.PNG,0B8WcbXogHvegWjJaZEhKWTJSMnM,499013
cap - 8765.PNG,0B8WcbXogHvegcUY0Vk9mRlRsWEE,471345
cap - 8766.PNG,0B8WcbXogHvegT1hTLVJObzRFTFk,461376
cap - 8767.PNG,0B8WcbXogHvegb3BFYk5qUmUwM2c,460314
cap - 8768.PNG,0B8WcbXogHvegY0tnd2xqdUlnVmc,664295
cap - 8769.PNG,0B8WcbXogHvegaF96VzQ3VTJZSWc,704197
cap - 8770.PNG,0B8WcbXogHvegeUxuX3RxbkJSN2M,663100
cap - 8771.PNG,0B8WcbXogHvegOHpjWTY1bGhKaVU,657514
cap - 8772.PNG,0B8WcbXogHvegUDhLYW5xTjR3a1U,486181
cap - 8773.PNG,0B8WcbXogHvegandYU1pMUjhRUWc,429498
cap - 8774.PNG,0B8WcbXogHvegcVU3Nm1ob2tROWc,490165
cap - 8775.PNG,0B8WcbXogHvegM2QtbVh0ZFJDRUk,509564
cap - 8776.PNG,0B8WcbXogHvegdnpMMkVCbWFmdzg,575125
cap - 8777.PNG,0B8WcbXogHvegb2JzVlVnR0pBSEE,579759
cap - 8778.PNG,0B8WcbXogHvegN1YwWlNMVGlqSjA,509799
cap - 8779.PNG,0B8WcbXogHvegT2pfeXBFZTZlb2c,449771
cap - 8780.PNG,0B8WcbXogHvegT0NTS1RzTW8tdm8,590886
cap - 8781.PNG,0B8WcbXogHvegajdQXzczdTNuamc,586501
cap - 8782.PNG,0B8WcbXogHvegaXZQaHFVZFU2Rms,558786
cap - 8783.PNG,0B8WcbXogHvegMWRZMEFMNWx6SFE,597497
cap - 8784.PNG,0B8WcbXogHvegdnIzeUhGUDJlWUU,594228
cap - 8785.PNG,0B8WcbXogHvegUUlDNEtxWlBnbk0,559710
cap - 8786.PNG,0B8WcbXogHvegQk9OaTM5eXhIYnM,546301
cap - 8787.PNG,0B8WcbXogHvegdlE5REQySDVzZnM,552466
cap - 8788.PNG,0B8WcbXogHvegUmRIeE02T1lSOUU,470175
cap - 8789.PNG,0B8WcbXogHvegcW1KY21YTTQ2ck0,498647
cap - 8790.PNG,0B8WcbXogHvegaElTaGlZSUstOFE,458581
cap - 8791.PNG,0B8WcbXogHvegRkFmRmdnVlFBQVk,434544
cap - 8792.PNG,0B8WcbXogHveganRuMjNRRmN6WFE,440129
cap - 8793.PNG,0B8WcbXogHvegX2dwSnFoWTVvalk,485188
cap - 8794.PNG,0B8WcbXogHvegSHpyektWak0wcVE,496405
cap - 8795.PNG,0B8WcbXogHvegRVUyenhNcGVaSUU,522634
cap - 8796.PNG,0B8WcbXogHvegNWt0ZDF0ZUhGb0U,469012
cap - 8797.PNG,0B8WcbXogHvegd1VQaVZJV19RRzA,497426
cap - 8798.PNG,0B8WcbXogHvegMzhQRXY1dDh2WE0,530494
cap - 8799.PNG,0B8WcbXogHvegaWVrRFRidEt0UXc,534679
cap - 8800.PNG,0B8WcbXogHvegWmlfcHdWTDR4cTA,515739
cap - 8801.PNG,0B8WcbXogHvegdGM4dTNzQTRIbHM,487881
cap - 8802.PNG,0B8WcbXogHvegbHFIUnJJdWhIUGs,421082
cap - 8803.PNG,0B8WcbXogHvegRlpzVXYzOEdHZGM,598077
cap - 8804.PNG,0B8WcbXogHvegbXRkSnhlS3p2elU,516592
cap - 8805.PNG,0B8WcbXogHvegYUk4N1puX1JYYjg,551347
cap - 8806.PNG,0B8WcbXogHvegYURjankxbXEzaUE,522823
cap - 8807.PNG,0B8WcbXogHvegdU9WRTBjRHo5amc,562467
cap - 8808.PNG,0B8WcbXogHvegMWFWaTBCVk9lOFE,546733
cap - 8809.PNG,0B8WcbXogHvegb281Ynd1b3ZiX1k,581591
cap - 8810.PNG,0B8WcbXogHvegTlN4QkxCZ2dWQlU,459686
cap - 8811.PNG,0B8WcbXogHvegd2x1UDZWLXZLNVE,610918
cap - 8812.PNG,0B8WcbXogHvegcndtYzNZUmM2T2s,576118
cap - 8813.PNG,0B8WcbXogHvegaWRPLXBNYzBQZW8,521461
cap - 8814.PNG,0B8WcbXogHvegdnVQOGdZNVBOcDQ,555118
cap - 8815.PNG,0B8WcbXogHvegODBiYlBiOWJ4TTA,525335
cap - 8816.PNG,0B8WcbXogHvegQ1lRcUtvUF9IV0E,521772
cap - 8817.PNG,0B8WcbXogHvegMWdSb0RxSjg0cUk,540493
cap - 8818.PNG,0B8WcbXogHvegRWRhRUJwSHZsblU,533390
cap - 8819.PNG,0B8WcbXogHvegQi1XNHZFTjJsYUE,532177
cap - 8820.PNG,0B8WcbXogHvegUkUyZnZiMFhmR0U,504525
cap - 8821.PNG,0B8WcbXogHvegVlBHTENiRzBWT00,498048
cap - 8822.PNG,0B8WcbXogHvegaWhrU0E0VXl4bmM,472557
cap - 8823.PNG,0B8WcbXogHvegTElfZ2QyQ2JjMHM,507704
cap - 8824.PNG,0B8WcbXogHvegTzZrZGFNYmZFT1U,542983
cap - 8825.PNG,0B8WcbXogHvegc1hPUkdfZ1k1TXc,562539
cap - 8826.PNG,0B8WcbXogHvegdjE1c3RTd0dITVU,504514
cap - 8827.PNG,0B8WcbXogHvegZkZDb1NYS2RYV1U,493461
cap - 8828.PNG,0B8WcbXogHvegSTkydk51Sms3LW8,507285
cap - 8829.PNG,0B8WcbXogHvegZ241TzVZWHRQT1U,519617
cap - 8830.PNG,0B8WcbXogHvegRGxlV2I2V2ZTOGM,529536
cap - 8831.PNG,0B8WcbXogHvegUXA3cHUzcV9EelE,532502
cap - 8832.PNG,0B8WcbXogHvegQndaM2Y4QjA3azQ,527867
cap - 8833.PNG,0B8WcbXogHvegWTFmdlFNS3RhUlU,524495
cap - 8834.PNG,0B8WcbXogHvegMkVIWnR6LVBod28,508139
cap - 8835.PNG,0B8WcbXogHvegekNoUnpaM0ZHeW8,538604
cap - 8836.PNG,0B8WcbXogHvegUkdMN2pLak9yUVk,478745
cap - 8837.PNG,0B8WcbXogHvegeUszQzgwd2pXZDA,523966
cap - 8838.PNG,0B8WcbXogHvegUmVOX3E5dndTamc,572855
cap - 8839.PNG,0B8WcbXogHvegdDFIbEZwSkVvTlE,508948
cap - 8840.PNG,0B8WcbXogHvegemJPR24wdEpYVDg,559241
cap - 8841.PNG,0B8WcbXogHvegR2Vwb1VLRld3Q3M,436115
cap - 8842.PNG,0B8WcbXogHvegQ25iOG9ZSlFsQ0U,561861
cap - 8843.PNG,0B8WcbXogHvegT0RPRnVPb01QNWs,427714
cap - 8844.PNG,0B8WcbXogHvegd3FBOVo0RWJaVzA,390218
cap - 8845.PNG,0B8WcbXogHvegVlZZQUZKeGlySVk,530507
cap - 8846.PNG,0B8WcbXogHvegb1FpU2VzMnNpMmM,581334
cap - 8847.PNG,0B8WcbXogHvegUVBZLVNxMDBRWmM,621932
cap - 8848.PNG,0B8WcbXogHvega3VSX0xIUG9kOU0,717989
cap - 8849.PNG,0B8WcbXogHvega0ZoY296OVpKdWc,755028
cap - 8850.PNG,0B8WcbXogHvegdTl3Ym81Rlc5NmM,691177
cap - 8851.PNG,0B8WcbXogHvegRXdkVUNDbW4yS0U,812266
cap - 8852.PNG,0B8WcbXogHvegS1hYN0xjSmlaLTg,505500
cap - 8853.PNG,0B8WcbXogHvegazdpVTc0Y1pjV00,512278
cap - 8854.PNG,0B8WcbXogHvegYmlGczVuZ3R2eDQ,516060
cap - 8855.PNG,0B8WcbXogHvegVG90RWxORmxjMHc,518332
cap - 8856.PNG,0B8WcbXogHvegNmZWNDhxcGxxaDg,527634
cap - 8857.PNG,0B8WcbXogHvegSldPSDVoV3p1V1k,545720
cap - 8858.PNG,0B8WcbXogHvegOFhzSHJPQnVRZWM,367505
cap - 8859.PNG,0B8WcbXogHvegR3Q4cUNtTVd0SWM,446834
cap - 8860.PNG,0B8WcbXogHvegWmRpbUtRcnpCU00,432811
cap - 8861.PNG,0B8WcbXogHvegZzBVUWY5SktmY0E,574303
cap - 8862.PNG,0B8WcbXogHvegWEZuTWNleW5POEk,537641
cap - 8863.PNG,0B8WcbXogHvegU3VEX3VmakRBdGc,424051
cap - 8864.PNG,0B8WcbXogHvegUlh3aXFFbU92QjA,438514
cap - 8865.PNG,0B8WcbXogHvegbUpUdFdUdkY5YTA,575238
cap - 8866.PNG,0B8WcbXogHvegSi04TlZrTzZFd0k,728641
cap - 8867.PNG,0B8WcbXogHvegX21WeWZQNkJvbVU,558275
cap - 8868.PNG,0B8WcbXogHvegMlJHQktVTksyU2s,730664
cap - 8869.PNG,0B8WcbXogHvegQWJiMEdJOEtrWTA,713964
cap - 8870.PNG,0B8WcbXogHvegQm1pYy1CeTZ0cms,726904
cap - 8871.PNG,0B8WcbXogHvegc1lhRmtDcjl4eE0,678853
cap - 8872.PNG,0B8WcbXogHvegSndRZ2lDVS1SaUE,749494
cap - 8873.PNG,0B8WcbXogHvegUHZLMnV6enJHUmM,736352
cap - 8874.PNG,0B8WcbXogHvegaFRIWENUWExpZ0E,635206
cap - 8875.PNG,0B8WcbXogHvegektSS2xQc00tQTg,695267
cap - 8876.PNG,0B8WcbXogHvegQmU1aFZsSHBLRFU,685571
cap - 8877.PNG,0B8WcbXogHvegeUFpaDR0OUoteEk,568233
cap - 8878.PNG,0B8WcbXogHvegd29tT3ZJMzNCM1U,516444
cap - 8879.PNG,0B8WcbXogHvega3hXWFRfZ0Z1ZkE,505541
cap - 8880.PNG,0B8WcbXogHvegN1YzZ2NhVUZSc2s,523751
cap - 8881.PNG,0B8WcbXogHvegd2oyTEN5R2sxQUU,525475
cap - 8882.PNG,0B8WcbXogHvegLWVPUlYwODVETDg,470883
cap - 8883.PNG,0B8WcbXogHvegN3o1VkpSZ2NkeTg,520527
cap - 8884.PNG,0B8WcbXogHvegNGFSXzBuWVdvZTQ,503453
cap - 8885.PNG,0B8WcbXogHvega0ZhUFZDX0tJcFU,503102
cap - 8886.PNG,0B8WcbXogHvegV2N6SGJpTWxaTEU,538890
cap - 8887.PNG,0B8WcbXogHvegZFFubUJZVWhVU3c,443784
cap - 8888.PNG,0B8WcbXogHvegWm5GVno4TFpqMVk,518338
cap - 8889.PNG,0B8WcbXogHvegb0hwVERUbXUyaUU,468340
cap - 8890.PNG,0B8WcbXogHvegQ3ZVVmVyWkxBTjg,525799
cap - 8891.PNG,0B8WcbXogHvegWnB6RHQ2QjdXdmM,557480
cap - 8892.PNG,0B8WcbXogHvegY04xSnpnTkY2MXc,511216
cap - 8893.PNG,0B8WcbXogHvegNkRoNnZiVC1kc2s,523072
cap - 8894.PNG,0B8WcbXogHvegVGNaOTlRRUdKLVk,499518
cap - 8895.PNG,0B8WcbXogHvegOHVvSVJjc2FwRDg,526254
cap - 8896.PNG,0B8WcbXogHvegYk4tc1BLR0ZfbzQ,538467
cap - 8897.PNG,0B8WcbXogHvegTDZlT1pYbmpZSnc,518239
cap - 8898.PNG,0B8WcbXogHvegZjVINGNxcUZZdWc,494449
cap - 8899.PNG,0B8WcbXogHvegRHpxOHBHZUFXb0E,496374
cap - 8900.PNG,0B8WcbXogHvegQnI2d0hQcHZwTGc,508500
cap - 8901.PNG,0B8WcbXogHvegR2JtOERMVGRCOGM,345173
cap - 8902.PNG,0B8WcbXogHvegU0ljMjRYaFppZ0E,432119
cap - 8903.PNG,0B8WcbXogHvegQkNhY2d0UnQ3emc,456782
cap - 8904.PNG,0B8WcbXogHvegS0lyd0dxYnJLU3M,524342
cap - 8905.PNG,0B8WcbXogHvegRklsNUdfSUk4U3M,531779
cap - 8906.PNG,0B8WcbXogHvegVzVsTDVFcUkxQUk,491067
cap - 8907.PNG,0B8WcbXogHvegY2hmY1V5RFAxajA,578599
cap - 8908.PNG,0B8WcbXogHvegMl9BYmV5aFZnd00,624420
cap - 8909.PNG,0B8WcbXogHvegcnVXQjVsRE55ZTQ,647255
cap - 8910.PNG,0B8WcbXogHvegTEliUi1uMllwUVk,641224
cap - 8911.PNG,0B8WcbXogHvegakFRTmtjWXNjWDA,565980
cap - 8912.PNG,0B8WcbXogHvegdEthU1FSYm1MNFk,615340
cap - 8913.PNG,0B8WcbXogHvegbkN5WDBPck5xSkk,600435
cap - 8914.PNG,0B8WcbXogHvegMlMyR0hPR3lCMGs,560030
cap - 8915.PNG,0B8WcbXogHvegMkhKcFVQSkQ0aGs,557900
cap - 8916.PNG,0B8WcbXogHvegdnNPalE0S1hOVjg,461769
cap - 8917.PNG,0B8WcbXogHvegM3NiNDljTnF2Mjg,597914
cap - 8918.PNG,0B8WcbXogHvegYkZIcklVTkV0YWM,626230
cap - 8919.PNG,0B8WcbXogHvegVklNWUlDeDhjTDg,541898
cap - 8920.PNG,0B8WcbXogHvegNEpELWFLRHhmNFE,586601
cap - 8921.PNG,0B8WcbXogHvegREdTQVpTWnRSemM,600186
cap - 8922.PNG,0B8WcbXogHvegUzIwWERCS0FSLWs,525463
cap - 8923.PNG,0B8WcbXogHvegRllkdzY0THdpQVE,464434
cap - 8924.PNG,0B8WcbXogHvegQVpDR0JSblkyeFE,586261
cap - 8925.PNG,0B8WcbXogHvegME12RzljQlJlYW8,618763
cap - 8926.PNG,0B8WcbXogHvegLXpueVhSQmhkbU0,626798
cap - 8927.PNG,0B8WcbXogHvegRll5cjlrb0Ziclk,620690
cap - 8928.PNG,0B8WcbXogHvegZFVsdVVQY2U2R0U,631767
cap - 8929.PNG,0B8WcbXogHvegVU5OVnJXNnpjRkU,585090
cap - 8930.PNG,0B8WcbXogHvegMVROWlp6Rmpldnc,599250
cap - 8931.PNG,0B8WcbXogHvegZ3kwdUtScFR0NEE,646706
cap - 8932.PNG,0B8WcbXogHvegbFRFeWFLTDdhNDg,679831
cap - 8933.PNG,0B8WcbXogHvegeFRUR28xaDlnUFE,639717
cap - 8934.PNG,0B8WcbXogHvegeGFCYU94SURUd2s,524636
cap - 8935.PNG,0B8WcbXogHvegZXF3WDVBdHY3Tjg,527780
cap - 8936.PNG,0B8WcbXogHvegSzVxMVFJd3l6bFk,700175
cap - 8937.PNG,0B8WcbXogHvegancyVWdLYk4wcFE,642076
cap - 8938.PNG,0B8WcbXogHvegTzZyblRUSDFIVTA,603871
cap - 8939.PNG,0B8WcbXogHvegcnNTZWVoaUxzNW8,599846
cap - 8940.PNG,0B8WcbXogHvegNWk1YmdEZjNlLWc,659538
cap - 8941.PNG,0B8WcbXogHvegU2ZVVTFaLWFMRE0,408932
cap - 8942.PNG,0B8WcbXogHvegMktHaVhON3dQbXc,389707
cap - 8943.PNG,0B8WcbXogHvegbUp4d2o1TWtaTXM,500318
cap - 8944.PNG,0B8WcbXogHvegTE1ReEtDQ2otN2c,519953
cap - 8945.PNG,0B8WcbXogHvegOGgwbkxxUnQzcTQ,476163
cap - 8946.PNG,0B8WcbXogHvegbjZwaFhyU1JHcXM,470883
cap - 8947.PNG,0B8WcbXogHvegVV9UaUhmY28waEE,488779
cap - 8948.PNG,0B8WcbXogHvegZzAtR3g1YzlxbHc,512196
cap - 8949.PNG,0B8WcbXogHvegSW5CMVFzUHo3ZDg,506754
cap - 8950.PNG,0B8WcbXogHvegQWs0WGFjV2wzdVk,509655
cap - 8951.PNG,0B8WcbXogHvegWUJyVXRZSG9KZEE,485061
cap - 8952.PNG,0B8WcbXogHvegTGFzYzMtRUtwSzQ,618718
cap - 8953.PNG,0B8WcbXogHvegNmZ2dEVMUVlRTlU,591456
cap - 8954.PNG,0B8WcbXogHvegWllKaTYzRjRjOFk,622991
cap - 8955.PNG,0B8WcbXogHvegU3JNd2R4djNYUE0,600351
cap - 8956.PNG,0B8WcbXogHvegT1labGdlcklsOUU,575149
cap - 8957.PNG,0B8WcbXogHvegUVpMdHY5WV9OUGc,526164
cap - 8958.PNG,0B8WcbXogHvegMGtwT09OcEstMUk,520903
cap - 8959.PNG,0B8WcbXogHvegN3ptZ1REZTUwMDA,577978
cap - 8960.PNG,0B8WcbXogHvegMXJPVmFyeWo4YWc,598588
cap - 8961.PNG,0B8WcbXogHvegMFBoemlCTDBocVU,608493
cap - 8962.PNG,0B8WcbXogHvegeVBuZ0tweWZRanM,607175
cap - 8963.PNG,0B8WcbXogHvegbzNteFJ6LXNxTWc,600897
cap - 8964.PNG,0B8WcbXogHvegR0dNc0h3a2dRc2s,595622
cap - 8965.PNG,0B8WcbXogHvegamNlRVNmNWtWc0U,551250
cap - 8966.PNG,0B8WcbXogHvegVEcwOENZRU03dXM,548799
cap - 8967.PNG,0B8WcbXogHvegX3BEOVB4Z0NYVk0,578091
cap - 8968.PNG,0B8WcbXogHvegLTRlQWFOcS1PckE,484276
cap - 8969.PNG,0B8WcbXogHvegaFROZGlHdUhod3c,600844
cap - 8970.PNG,0B8WcbXogHvegTlRPSnhtY1FBLWM,609428
cap - 8971.PNG,0B8WcbXogHvegVUdoY1l1a2ZWYVk,625219
cap - 8972.PNG,0B8WcbXogHvegMVVITWVpMEZXUkk,637860
cap - 8973.PNG,0B8WcbXogHvegTVFlUWU2VWdId1U,638416
cap - 8974.PNG,0B8WcbXogHvegaURLazVONzFWeVk,573306
cap - 8975.PNG,0B8WcbXogHvegX0NBX0tGT1RfOVk,564810
cap - 8976.PNG,0B8WcbXogHvegWko0dVV3UlRXdWs,577467
cap - 8977.PNG,0B8WcbXogHvegaDhfbW9kQ3UyemM,586681
cap - 8978.PNG,0B8WcbXogHvegZkJjRGNUNU9SZzg,597854
cap - 8979.PNG,0B8WcbXogHvegZk5pS0JCVEprWWM,640257
cap - 8980.PNG,0B8WcbXogHvegTEViTE5udUpqNk0,672364
cap - 8981.PNG,0B8WcbXogHvegdXU5bzhHMV9MN1E,538003
cap - 8982.PNG,0B8WcbXogHvegamRuTkFuZUtZbVk,539288
cap - 8983.PNG,0B8WcbXogHvegM2J4b1UtbTlkOXM,474965
cap - 8984.PNG,0B8WcbXogHvegYVhRWENJcnFyNGM,475092
cap - 8985.PNG,0B8WcbXogHvegeDBPSlhUaWs3OHc,582189
cap - 8986.PNG,0B8WcbXogHvegZVdscFp5bG43d1E,563044
cap - 8987.PNG,0B8WcbXogHvegWGNMMmh5YXZkUms,517024
cap - 8988.PNG,0B8WcbXogHvegTlVISkZoNVlqMVE,475567
cap - 8989.PNG,0B8WcbXogHvegWGxaQVRxd3BVWE0,481706
cap - 8990.PNG,0B8WcbXogHvegTTJ4aVVXRjgzTkk,536170
cap - 8991.PNG,0B8WcbXogHvegX2ZjWUtIWU5OcHM,616412
cap - 8992.PNG,0B8WcbXogHvegaWJvNm5ZWEp0dWs,572368
cap - 8993.PNG,0B8WcbXogHvegSU9DTWZIUE9HUlE,543553
cap - 8994.PNG,0B8WcbXogHvegcHhxMTNDNllFa1E,587813
cap - 8995.PNG,0B8WcbXogHveganRKclFfSTdFUVU,596753
cap - 8996.PNG,0B8WcbXogHvegRUUwYVJUcG52WDQ,611664
cap - 8997.PNG,0B8WcbXogHvegb0NNX01xQ2xfWjg,580334
cap - 8998.PNG,0B8WcbXogHvegQlpDM25GLUtHYXM,460151
cap - 8999.PNG,0B8WcbXogHvegLW50WWs1cThjQ1E,568292
