cap - 1000.PNG,0B8WcbXogHvegU1A3MmdRNlpOUWs,585078
cap - 1001.PNG,0B8WcbXogHvegRENnNU44Mm8zclU,482437
cap - 1002.PNG,0B8WcbXogHvegUndpano3NnBjaTQ,497778
cap - 1003.PNG,0B8WcbXogHvegaFR3V3hveExkMnc,430573
cap - 1004.PNG,0B8WcbXogHvegMHBGb3pxamc1WG8,553364
cap - 1005.PNG,0B8WcbXogHvegYUdyNlViNkxIUUE,538873
cap - 1006.PNG,0B8WcbXogHvegSUFLWG9HNE53TlE,556742
cap - 1007.PNG,0B8WcbXogHvegQ0NiaTJxV1JkSWM,518021
cap - 1008.PNG,0B8WcbXogHvegbnExMnJXUXJZMms,511671
cap - 1009.PNG,0B8WcbXogHvegYUJ5Vks5N0NQcms,490960
cap - 1010.PNG,0B8WcbXogHvegTU84VUZjbFNhYTQ,473528
cap - 1011.PNG,0B8WcbXogHvegeHl6Zm5mV2lvVHc,467669
cap - 1012.PNG,0B8WcbXogHvegMG1qemd0UEJLZVk,577017
cap - 1013.PNG,0B8WcbXogHvegdW5xbkszdDktS0k,544931
cap - 1014.PNG,0B8WcbXogHvegZEE4OEh1MkNoU2s,532803
cap - 1015.PNG,0B8WcbXogHvegNXFVM2wtb0dURXM,506076
cap - 1016.PNG,0B8WcbXogHvegbHh3Vjg4UE0xc2c,425955
cap - 1017.PNG,0B8WcbXogHvegekFFd21JSGMwRFE,479364
cap - 1018.PNG,0B8WcbXogHvegY0JURWY0OUZka1E,483848
cap - 1019.PNG,0B8WcbXogHvegWXprLTRJdDVFWUk,502404
cap - 1020.PNG,0B8WcbXogHvegek9TQlk2R2dFRnM,496739
cap - 1021.PNG,0B8WcbXogHvegTUY0c1BSd1Y1VTA,430002
cap - 1022.PNG,0B8WcbXogHvegU3NoNGNvYm1CTGc,414276
cap - 1023.PNG,0B8WcbXogHvegOXgyenRDZUhaNzg,467342
cap - 1024.PNG,0B8WcbXogHvegZ2pOZDdaUkRNRDg,434603
cap - 1025.PNG,0B8WcbXogHvegSjA5RVd6eHdDNU0,474106
cap - 1026.PNG,0B8WcbXogHvegX2JYdmdwN3pmWHc,515986
cap - 1027.PNG,0B8WcbXogHvegOUpNc2ZFYlJESms,519249
cap - 1028.PNG,0B8WcbXogHvegam95Ny1uRU91N3c,862681
cap - 1029.PNG,0B8WcbXogHvegNFJmaHM4ZlVrbkk,845512
cap - 1030.PNG,0B8WcbXogHvegWV9yb1NxQ3BZbDQ,693588
cap - 1031.PNG,0B8WcbXogHvegcjF3Y0J1U0xxV3c,676909
cap - 1032.PNG,0B8WcbXogHvegRk5mRG9OWGp3V3c,661773
cap - 1033.PNG,0B8WcbXogHvegVjFBc2VhcHYxYkk,658924
cap - 1034.PNG,0B8WcbXogHvegNlBFbGpnUjZ6ems,654620
cap - 1035.PNG,0B8WcbXogHvegd0Y2eUNCQmZsMk0,664555
cap - 1036.PNG,0B8WcbXogHvegcVhOc1Rnd01FdjQ,647184
cap - 1037.PNG,0B8WcbXogHvegemtwTjkwb0VvRlU,662041
cap - 1038.PNG,0B8WcbXogHvegUnd4OVhNQ0JNdEE,576484
cap - 1039.PNG,0B8WcbXogHvegcF94UTd5YmphZDQ,589573
cap - 1040.PNG,0B8WcbXogHvegNGRBNEdwV3pLa1U,603634
cap - 1041.PNG,0B8WcbXogHvegcUpJS3hTMXEzOGc,598863
cap - 1042.PNG,0B8WcbXogHvegQU9BbUZRWVJtQm8,615879
cap - 1043.PNG,0B8WcbXogHvegS1NRaVotOEptREU,632595
cap - 1044.PNG,0B8WcbXogHvegQWlSdFpBV3hKaG8,628087
cap - 1045.PNG,0B8WcbXogHvegWjhPMWI4YTdaWVk,637335
cap - 1046.PNG,0B8WcbXogHvegV3VQNU5pX19wMms,840077
cap - 1047.PNG,0B8WcbXogHvegN0EtNkNfclZaUU0,839188
cap - 1048.PNG,0B8WcbXogHvegbmszY2ltZjFCT1k,832189
cap - 1049.PNG,0B8WcbXogHvegbWhaQnE1N2VxZEU,843254
cap - 1050.PNG,0B8WcbXogHvegQk1ZWm9yN0RYQzg,800682
cap - 1051.PNG,0B8WcbXogHvegMGZCX2szRWo1U1E,773261
cap - 1052.PNG,0B8WcbXogHvegbHNIcXdlTUVzRWs,725077
cap - 1053.PNG,0B8WcbXogHvegQWlESlNIM0pBNEU,712196
cap - 1054.PNG,0B8WcbXogHvegWTF3STUzVmNoTW8,709075
cap - 1055.PNG,0B8WcbXogHvegVW5jdHFOYlRKZUE,702000
cap - 1056.PNG,0B8WcbXogHvegcm1mcDNjWExOWTA,714415
cap - 1057.PNG,0B8WcbXogHvegZklKeDRSb3Y5RVk,737043
cap - 1058.PNG,0B8WcbXogHvegb01jUXdMS2p2SW8,713779
cap - 1059.PNG,0B8WcbXogHvegejR1U3RNYnJyclU,666163
cap - 1060.PNG,0B8WcbXogHvegdmxIRWM1ZllCUUk,655404
cap - 1061.PNG,0B8WcbXogHvegbFo5ZDFPS2w3MmM,585689
cap - 1062.PNG,0B8WcbXogHvegTnBqVXZjTHQwYmc,656198
cap - 1063.PNG,0B8WcbXogHvegQ3NFQlJZc1c5WEk,703097
cap - 1064.PNG,0B8WcbXogHvegQzFNWEV2LUVPdzg,727736
cap - 1065.PNG,0B8WcbXogHvegX3RraG9CemlxcWs,667266
cap - 1066.PNG,0B8WcbXogHvegV2dHZTJaMEtXUjQ,822052
cap - 1067.PNG,0B8WcbXogHvegNVRCTTRsaG01SEE,820156
cap - 1068.PNG,0B8WcbXogHvegQXV5OTNKRkhvUzA,809814
cap - 1069.PNG,0B8WcbXogHvegQjlBUl9RWTA1cWs,764036
cap - 1070.PNG,0B8WcbXogHvegV0gxZmtJR3QxS00,721920
cap - 1071.PNG,0B8WcbXogHvegRm5KMFdlODhnQjA,736899
cap - 1072.PNG,0B8WcbXogHvegLVRjUHZUcGRVdDg,708205
cap - 1073.PNG,0B8WcbXogHvegbkNvQWhtR2I2dzA,547115
cap - 1074.PNG,0B8WcbXogHvegMmhuOFo3UFVYbHM,555984
cap - 1075.PNG,0B8WcbXogHvegbzF6TjMwLU9JbGs,553332
cap - 1076.PNG,0B8WcbXogHvegZXU3QmRRblpxQUU,482253
cap - 1077.PNG,0B8WcbXogHvegaFhWc05YemxSRjQ,505394
cap - 1078.PNG,0B8WcbXogHvegMEpEU0xFQWZ0VDQ,590102
cap - 1079.PNG,0B8WcbXogHvegdW1LMHJCcG1QOUU,575921
cap - 1080.PNG,0B8WcbXogHvegUXhGTGwxVmllZ1E,616033
cap - 1081.PNG,0B8WcbXogHvegT1NfZjVOdkREY1U,615852
cap - 1082.PNG,0B8WcbXogHvegbE1sRUNJVWE5cHc,592747
cap - 1083.PNG,0B8WcbXogHvegNzd5VWRWVTlnWXc,602401
cap - 1084.PNG,0B8WcbXogHvegQjJkcmpjUEsyZjA,561249
cap - 1085.PNG,0B8WcbXogHvegem9jRWJpVWlwbzg,592647
cap - 1086.PNG,0B8WcbXogHvegZlpCUjJPcmRIa00,597084
cap - 1087.PNG,0B8WcbXogHvegRjJlM2lZenRpUFk,606985
cap - 1088.PNG,0B8WcbXogHvegdjUwX1l5YXY4QzA,619103
cap - 1089.PNG,0B8WcbXogHvegSEZHTENmTHZVQ0E,624350
cap - 1090.PNG,0B8WcbXogHvegamhlaVlEa2RYRGM,595036
cap - 1091.PNG,0B8WcbXogHvegOUd1Zl9acWxMSlU,590990
cap - 1092.PNG,0B8WcbXogHvegTnR2VUtZNG9yRmM,574967
cap - 1093.PNG,0B8WcbXogHvegMXFtTkJDMWl6aWM,567465
cap - 1094.PNG,0B8WcbXogHvegcGExQjFUbUljeUU,557526
cap - 1095.PNG,0B8WcbXogHvegMGJTVExsSFBTbGc,575824
cap - 1096.PNG,0B8WcbXogHvegWUgzd3U5WHpaS3M,558591
cap - 1097.PNG,0B8WcbXogHvegMkRpd3JuRFg0SWc,535936
cap - 1098.PNG,0B8WcbXogHvegQVBMUUFzQlJaNkk,574526
cap - 1099.PNG,0B8WcbXogHvegbUJ4OFJJanQxY1U,578639
cap - 1100.PNG,0B8WcbXogHvegQTFuUnFJaWc2WlU,583580
cap - 1101.PNG,0B8WcbXogHvegSVU2U2VybDdGanM,584587
cap - 1102.PNG,0B8WcbXogHvegZVZLZC0zdEI0czA,598912
cap - 1103.PNG,0B8WcbXogHvegTVdsZEJYQ0tqVm8,591665
cap - 1104.PNG,0B8WcbXogHvegR0pwYzdKbGlUM0k,597069
cap - 1105.PNG,0B8WcbXogHvegUGg3TGZud05kaW8,581454
cap - 1106.PNG,0B8WcbXogHvegcEJKazFXRVFJTTQ,539586
cap - 1107.PNG,0B8WcbXogHvegNUg1WTZuN0FaeDg,525345
cap - 1108.PNG,0B8WcbXogHvegYi1wc3lzdlNFWDg,491344
cap - 1109.PNG,0B8WcbXogHvegdm56eEFHa0R4RG8,484470
cap - 1110.PNG,0B8WcbXogHvegYkRnZVBEa2tsZlE,516404
cap - 1111.PNG,0B8WcbXogHvegM1BmOE85RkVUUmc,510900
cap - 1112.PNG,0B8WcbXogHvegakRGV21xTVctS2M,591396
cap - 1113.PNG,0B8WcbXogHvegYUp0YzJYTnJtRDQ,604449
cap - 1114.PNG,0B8WcbXogHvegWnczWndPSk5ON00,575750
cap - 1115.PNG,0B8WcbXogHvegYXJDQTdjbEgwSzg,520564
cap - 1116.PNG,0B8WcbXogHvegZVgtbHN6X3cwVTA,464162
cap - 1117.PNG,0B8WcbXogHvegQnVnYUloSktleFU,439602
cap - 1118.PNG,0B8WcbXogHvegYkhpTFBIem42bWs,440988
cap - 1119.PNG,0B8WcbXogHvegUjRpeFdKTGt0WlE,448379
cap - 1120.PNG,0B8WcbXogHvegWWZiNnlNclNBRmc,586940
cap - 1121.PNG,0B8WcbXogHvegd1VGVnByblp6enc,653640
cap - 1122.PNG,0B8WcbXogHvegQnY5QkNuWEJBaUE,669057
cap - 1123.PNG,0B8WcbXogHvegYjcxVUh3dHk2VVk,639091
cap - 1124.PNG,0B8WcbXogHveganlxZUIzX1Z4RW8,687664
cap - 1125.PNG,0B8WcbXogHvegUG5UcWZsZllYbDQ,624599
cap - 1126.PNG,0B8WcbXogHvegby11eDgxSG1MSEE,620270
cap - 1127.PNG,0B8WcbXogHvegdHV2VUVBa0U5UVE,611690
cap - 1128.PNG,0B8WcbXogHvegSWg0VjZhZkQxRE0,623452
cap - 1129.PNG,0B8WcbXogHvegdE9NeGFEeGV5NmM,648867
cap - 1130.PNG,0B8WcbXogHvegTlQxM01tbDN0amM,652873
cap - 1131.PNG,0B8WcbXogHvegLU93blFvbjlud00,652483
cap - 1132.PNG,0B8WcbXogHvegT1lXTUtRTmppcVE,662200
cap - 1133.PNG,0B8WcbXogHvega1JlREpRVl91Nk0,669896
cap - 1134.PNG,0B8WcbXogHvega2lTOG5vVG9OcTg,663940
cap - 1135.PNG,0B8WcbXogHvegR21fQ3M0VHgyWWc,566823
cap - 1136.PNG,0B8WcbXogHvegTkc0OEZ2akxBVEU,506419
cap - 1137.PNG,0B8WcbXogHvegdHIweUh6bnpOb0k,531870
cap - 1138.PNG,0B8WcbXogHvegWWtaZ3JIY3RpT0U,524333
cap - 1139.PNG,0B8WcbXogHvegQi1rX1FwbndBUnM,500284
cap - 1140.PNG,0B8WcbXogHvegSS1pWWQ5bEl0dmM,478712
cap - 1141.PNG,0B8WcbXogHvegQnlyaGtUYW5OZVU,509273
cap - 1142.PNG,0B8WcbXogHvegTFFIeFpRSlZxYzA,488133
cap - 1143.PNG,0B8WcbXogHvegNEctZHhUQ3lQbmM,497912
cap - 1144.PNG,0B8WcbXogHvegaEVwT1BVMVpjT3c,512142
cap - 1145.PNG,0B8WcbXogHvegSUZnTVBFNmtKcWc,525534
cap - 1146.PNG,0B8WcbXogHvegQjdyQ3k2NDhWOGc,531032
cap - 1147.PNG,0B8WcbXogHvegX1dUNHBMamI5Unc,488006
cap - 1148.PNG,0B8WcbXogHvegYXVMVjQwY2IyTTQ,479049
cap - 1149.PNG,0B8WcbXogHvegYUc4V0JaNTVhaUE,496024
cap - 1150.PNG,0B8WcbXogHvegZTVLY0NYQllJTWM,740936
cap - 1151.PNG,0B8WcbXogHvegLUUtZlBxSEQtR0U,740580
cap - 1152.PNG,0B8WcbXogHvegNkV3dUVwcl9VUGc,745652
cap - 1153.PNG,0B8WcbXogHvegNndDek1zNWh1YzQ,744966
cap - 1154.PNG,0B8WcbXogHvegWmlVMFppc0xxcVk,742438
cap - 1155.PNG,0B8WcbXogHvegX2x2TDdTMkNTU2s,715781
cap - 1156.PNG,0B8WcbXogHvegbFJtTGd1em5RN1U,714564
cap - 1157.PNG,0B8WcbXogHvegMUZENmZ6REo2anM,689886
cap - 1158.PNG,0B8WcbXogHvegTVY0Y3VfUElaMVk,668688
cap - 1159.PNG,0B8WcbXogHvegZzgzQ3BsZm5NYXM,665117
cap - 1160.PNG,0B8WcbXogHvegbVowT1hjbm9adjQ,665043
cap - 1161.PNG,0B8WcbXogHvegeDMxRmhOQVBDQjg,695591
cap - 1162.PNG,0B8WcbXogHvegQ3F4cDZvc3B3N0U,674905
cap - 1163.PNG,0B8WcbXogHvegSVpJenRqY282bTQ,650539
cap - 1164.PNG,0B8WcbXogHvegcEhORENmczJlZFE,613304
cap - 1165.PNG,0B8WcbXogHvegbmNqQ3d0UVF6OHc,638482
cap - 1166.PNG,0B8WcbXogHvegVUlOZ1VhQ0hrNVU,637162
cap - 1167.PNG,0B8WcbXogHvegMWpHMFBidUE4UlE,635601
cap - 1168.PNG,0B8WcbXogHvegRmFDajhQVDlVTlE,647190
cap - 1169.PNG,0B8WcbXogHvegRFhTZlNkNWFfYkE,636095
cap - 1170.PNG,0B8WcbXogHvegYTVoc3Fra1pqeW8,611901
cap - 1171.PNG,0B8WcbXogHvegMklVUmpiRF92SUU,590006
cap - 1172.PNG,0B8WcbXogHvegc09KRVNpb2lHRzg,619927
cap - 1173.PNG,0B8WcbXogHvegLWV2YXhmRTVEcWM,568828
cap - 1174.PNG,0B8WcbXogHvegVWtpdkZFRFplckU,559040
cap - 1175.PNG,0B8WcbXogHvegUW5qSWZPQ2gydjQ,539831
cap - 1176.PNG,0B8WcbXogHvegSGVLOE1HR0xtOVE,471009
cap - 1177.PNG,0B8WcbXogHvegY3N5SXE2djk1YWM,491774
cap - 1178.PNG,0B8WcbXogHvegYkJFcFg4NUF2M2c,455803
cap - 1179.PNG,0B8WcbXogHvegck1FYkw1dUVyWjg,471928
cap - 1180.PNG,0B8WcbXogHvegY1BkZ1hTX3lNeXM,429203
cap - 1181.PNG,0B8WcbXogHvegWGRna1I0QUo0ZEE,425900
cap - 1182.PNG,0B8WcbXogHvegMFVjUVNsV2lRRWM,445187
cap - 1183.PNG,0B8WcbXogHvegR2NMcVFxTkZ6RGM,487962
cap - 1184.PNG,0B8WcbXogHvegY0kxQXhJUFFrOFk,548308
cap - 1185.PNG,0B8WcbXogHvegcVZOTnlYenZZbnM,564078
cap - 1186.PNG,0B8WcbXogHvegdE5abWFxUnhTYnM,505670
cap - 1187.PNG,0B8WcbXogHvegdlo0ZHVBTUxDQmM,501950
cap - 1188.PNG,0B8WcbXogHvegaTJFdWlQSzlEczQ,513627
cap - 1189.PNG,0B8WcbXogHvegWXBRc1NlUXhXNjQ,498728
cap - 1190.PNG,0B8WcbXogHvegWWVtZVBtSVhtZmc,499605
cap - 1191.PNG,0B8WcbXogHvegbVRka0VHUkdBeTQ,443448
cap - 1192.PNG,0B8WcbXogHvegZ0x6U19KbS1PdTQ,437169
cap - 1193.PNG,0B8WcbXogHvegcWVodEVucFpjQk0,414985
cap - 1194.PNG,0B8WcbXogHvegWUlGRlV2TFlCMTQ,425085
cap - 1195.PNG,0B8WcbXogHvegQnBBQi0xZUM3anM,432635
cap - 1196.PNG,0B8WcbXogHvegQTNaN3BFME40OG8,461214
cap - 1197.PNG,0B8WcbXogHvegdHZVdTdsN25xZFk,440567
cap - 1198.PNG,0B8WcbXogHvegaV9NLVpfQW9GWXM,420942
cap - 1199.PNG,0B8WcbXogHvegS3RRclpscUl3czA,384444
cap - 1200.PNG,0B8WcbXogHvegSUN1X2pDYmtUd1E,409863
cap - 1201.PNG,0B8WcbXogHvegVzVpQldiMkQ2ckE,383552
cap - 1202.PNG,0B8WcbXogHvegbGl6UnZDc3hQNjQ,416788
cap - 1203.PNG,0B8WcbXogHvegblppMVR6UXVtYTQ,396552
cap - 1204.PNG,0B8WcbXogHvegamVnVS1kanhSUU0,361892
cap - 1205.PNG,0B8WcbXogHvegNjZpaWNlU3pPa3M,351638
cap - 1206.PNG,0B8WcbXogHvegZFBfMW52elpfWUU,369432
cap - 1207.PNG,0B8WcbXogHvegdmhXbFdaRUV3VFk,353705
cap - 1208.PNG,0B8WcbXogHveganNMVGpQamtiaU0,365172
cap - 1209.PNG,0B8WcbXogHvegNEJoR05nSkRkeWs,357825
cap - 1210.PNG,0B8WcbXogHvegSV9pTTBqWWREQ2s,348518
cap - 1211.PNG,0B8WcbXogHvegOFM2UjE1dkpuWms,357317
cap - 1212.PNG,0B8WcbXogHvegNXE5UUNRUkZyeW8,355650
cap - 1213.PNG,0B8WcbXogHvegTzREODJvajY2dmc,371345
cap - 1214.PNG,0B8WcbXogHvegNjByQmZWTEQ2RWM,347385
cap - 1215.PNG,0B8WcbXogHvegbjNIazFIZXhnU1E,351508
cap - 1216.PNG,0B8WcbXogHvegSkFwcFpSRlFyb28,311806
cap - 1217.PNG,0B8WcbXogHvegRVp5Y0lqdW05WHc,321517
cap - 1218.PNG,0B8WcbXogHvegOHJxRFRLdm1Ub2s,396959
cap - 1219.PNG,0B8WcbXogHvegUk5EXzdjb3VZXzA,400636
cap - 1220.PNG,0B8WcbXogHvegWlZiM25nWVItYVU,413864
cap - 1221.PNG,0B8WcbXogHvegeWNmUzJDN1lGc0E,353848
cap - 1222.PNG,0B8WcbXogHvegbVVOQjcxYS1HMFE,390150
cap - 1223.PNG,0B8WcbXogHvegVVdnMGRYVXJCSXc,408967
cap - 1224.PNG,0B8WcbXogHvegV1BET1ZJT1o1TTQ,412179
cap - 1225.PNG,0B8WcbXogHvegREh6dVJ5LTIyREE,427791
cap - 1226.PNG,0B8WcbXogHvegclhtRUhsUWl6MTQ,402529
cap - 1227.PNG,0B8WcbXogHvegNnZOLTBaZkRWc28,404449
cap - 1228.PNG,0B8WcbXogHvegbE1mOE5VQnRJWDg,422979
cap - 1229.PNG,0B8WcbXogHvegWFpGaGt3RkVJaVE,422423
cap - 1230.PNG,0B8WcbXogHvegSlVBU016WGhBLXc,387697
cap - 1231.PNG,0B8WcbXogHvegczd6c0dic21FclU,308556
cap - 1232.PNG,0B8WcbXogHvegMnlDTU9PbGhRZm8,369785
cap - 1233.PNG,0B8WcbXogHvegSnZ0Si1WSkdQR3M,361935
cap - 1234.PNG,0B8WcbXogHvegVW5nSTJqdVYxTGc,405131
cap - 1235.PNG,0B8WcbXogHvegYVI3TG13S09zMnc,379671
cap - 1236.PNG,0B8WcbXogHvegbXA3VVFCY2hjX2M,395130
cap - 1237.PNG,0B8WcbXogHvegc01GUElvakhCWUE,420031
cap - 1238.PNG,0B8WcbXogHvegeGktVk9TTlkwdlE,383822
cap - 1239.PNG,0B8WcbXogHvegQlBSYmRZYndHbmM,428589
cap - 1240.PNG,0B8WcbXogHvegN21CdDQtVjA0Znc,388835
cap - 1241.PNG,0B8WcbXogHvegOVI0TEt6bG1Edk0,416130
cap - 1242.PNG,0B8WcbXogHvegT3drNHdrNjB1NDQ,435373
cap - 1243.PNG,0B8WcbXogHvega1JHQ0I3b2J2R2s,449526
cap - 1244.PNG,0B8WcbXogHvegdjNtMnA2Y0xWa2M,441673
cap - 1245.PNG,0B8WcbXogHvegZUJFNkozRW1yTGM,470070
cap - 1246.PNG,0B8WcbXogHvegQlBPckN2aWk1M1U,440481
cap - 1247.PNG,0B8WcbXogHvegLVBIVUR5U0Jpd28,455718
cap - 1248.PNG,0B8WcbXogHvegSnliU2dobnp3bG8,460962
cap - 1249.PNG,0B8WcbXogHvegQndwMUpZOG1uT1U,434356
cap - 1250.PNG,0B8WcbXogHvegRE5jME1hSW1wcDg,437140
cap - 1251.PNG,0B8WcbXogHvegN3ZFNXA2Uk9HVVE,422332
cap - 1252.PNG,0B8WcbXogHvegNFYtby1ISWhBSk0,382853
cap - 1253.PNG,0B8WcbXogHvegbU0xeU1DSnl5bVk,431626
cap - 1254.PNG,0B8WcbXogHvegNVE5dmt4dFV2c2c,477965
cap - 1255.PNG,0B8WcbXogHvegaG1kbndxM042djQ,478729
cap - 1256.PNG,0B8WcbXogHvegQ0dPUjl4TzdqaWs,502235
cap - 1257.PNG,0B8WcbXogHvegdWxEZGhWX0l1R3M,467632
cap - 1258.PNG,0B8WcbXogHvegV1cwVGhKSkxfNzQ,468275
cap - 1259.PNG,0B8WcbXogHvegS0xzRmRnUGdES28,450796
cap - 1260.PNG,0B8WcbXogHvegOGVuNmlob0FfUzA,429310
cap - 1261.PNG,0B8WcbXogHvegMmJIYVJJWmFFOUk,393572
cap - 1262.PNG,0B8WcbXogHvegNmZNblNCNUNfYzg,403974
cap - 1263.PNG,0B8WcbXogHvegRm1qcEkzSjIxLTQ,435680
cap - 1264.PNG,0B8WcbXogHvegSHo4Y2NrR2pHZ2s,442654
cap - 1265.PNG,0B8WcbXogHvegX3RxNlBnRGtJb1E,445313
cap - 1266.PNG,0B8WcbXogHvegSDhBYkFGaHhNZjg,442250
cap - 1267.PNG,0B8WcbXogHvegMk1RV09uazZMRlk,429744
cap - 1268.PNG,0B8WcbXogHvegSmtEcFUwU2xqaTA,431840
cap - 1269.PNG,0B8WcbXogHvegd2lkMi12VzlSdFE,384992
cap - 1270.PNG,0B8WcbXogHvegUkxYM052WUUyT1E,363172
cap - 1271.PNG,0B8WcbXogHvegOW82T3dBTFcxRU0,389126
cap - 1272.PNG,0B8WcbXogHvegOW5kUFVuUE44N00,432361
cap - 1273.PNG,0B8WcbXogHvegd0FwTERxWms5ZVU,432431
cap - 1274.PNG,0B8WcbXogHvegc3NhWnZMVWtKd0k,474480
cap - 1275.PNG,0B8WcbXogHvegTEdTVXZRcXhwenM,434517
cap - 1276.PNG,0B8WcbXogHvegZTJzNHFKSXZKRkE,428849
cap - 1277.PNG,0B8WcbXogHvegYkNrUUp4U2c0bVE,395459
cap - 1278.PNG,0B8WcbXogHvegMnNOQWVpdGRpa2M,371563
cap - 1279.PNG,0B8WcbXogHvegSEVGVEFhNllESVk,413741
cap - 1280.PNG,0B8WcbXogHvegN1JRZnpSeWlUZDA,410398
cap - 1281.PNG,0B8WcbXogHvegVWMyejZmZnItRXc,401802
cap - 1282.PNG,0B8WcbXogHvegRXZURTJKbF9JbU0,377291
cap - 1283.PNG,0B8WcbXogHvegUndGeEh6b0RFZU0,404765
cap - 1284.PNG,0B8WcbXogHvegakV6YmZQWVEtNDQ,384528
cap - 1285.PNG,0B8WcbXogHvegZWhySHp1dkUxSWM,389453
cap - 1286.PNG,0B8WcbXogHvegRjFMUUNvdzE2bXM,367051
cap - 1287.PNG,0B8WcbXogHvegZE1fZl8ybWFuX28,366600
cap - 1288.PNG,0B8WcbXogHvegdmFFdVU4LVI1Nkk,381814
cap - 1289.PNG,0B8WcbXogHvegV3dZaWVXb2JTOGs,308347
cap - 1290.PNG,0B8WcbXogHvegOUwxTHllS0xaQjA,342533
cap - 1291.PNG,0B8WcbXogHvegRFVTUnFHZXhHNzQ,364110
cap - 1292.PNG,0B8WcbXogHvegVVcxNXNEaEJNdms,341333
cap - 1293.PNG,0B8WcbXogHvegYWg2Tlp0OFVJLVE,387439
cap - 1294.PNG,0B8WcbXogHvegMG1qQ2QweWNHM00,398339
cap - 1295.PNG,0B8WcbXogHvegV2ZwVHBKdjF0MGs,410777
cap - 1296.PNG,0B8WcbXogHvegVzVtZkJMSnVDaVE,392487
cap - 1297.PNG,0B8WcbXogHvegdHhySDFpd3p0YUk,377675
cap - 1298.PNG,0B8WcbXogHvegZmk4U2FiNld6R28,376649
cap - 1299.PNG,0B8WcbXogHvegaFExN1RRVlJ2Zms,347326
cap - 1300.PNG,0B8WcbXogHvegZHF0cjRlLWo4ams,346764
cap - 1301.PNG,0B8WcbXogHvegYm04VHM3d1RrRUE,338199
cap - 1302.PNG,0B8WcbXogHvegVktqRlZ4TGtjenM,331544
cap - 1303.PNG,0B8WcbXogHvegY1hlMXhMRXAzNFk,371238
cap - 1304.PNG,0B8WcbXogHvega2RxR3dJOHg0VmM,392436
cap - 1305.PNG,0B8WcbXogHvegeTFqSE5WWVRTOXM,375130
cap - 1306.PNG,0B8WcbXogHvegZU4wdkctZDYzdmc,352119
cap - 1307.PNG,0B8WcbXogHvegWkgtczBMZGxEUEU,368837
cap - 1308.PNG,0B8WcbXogHvegMHNYSVJmbXNKR28,372732
cap - 1309.PNG,0B8WcbXogHvegNXpRRlh3V09UOTg,354128
cap - 1310.PNG,0B8WcbXogHvegSEpZWW5QTlN4Q0U,384025
cap - 1311.PNG,0B8WcbXogHvegRGd4eEY3S3pfSzA,366909
cap - 1312.PNG,0B8WcbXogHvegRVdFWUY4ekJnZ1k,346974
cap - 1313.PNG,0B8WcbXogHvegNS1Yd1FKRDdLZ28,371886
cap - 1314.PNG,0B8WcbXogHvegQlI0TnJ0aDlUaGs,374084
cap - 1315.PNG,0B8WcbXogHvegUjdDY0MtZ0liV3c,355497
cap - 1316.PNG,0B8WcbXogHvegUHV2MXpWQnU1d0k,369105
cap - 1317.PNG,0B8WcbXogHvegTWszSjBkYWVUYTg,367391
cap - 1318.PNG,0B8WcbXogHvegRVFBVzNqTjlQaUU,355894
cap - 1319.PNG,0B8WcbXogHvegWXlJR01uQm40c0U,278632
cap - 1320.PNG,0B8WcbXogHvegSm1MQ0RwTzlmRkE,248977
cap - 1321.PNG,0B8WcbXogHvegZTJpZVczXy1SY28,348095
cap - 1322.PNG,0B8WcbXogHvegcE4tMWNZS082aW8,288976
cap - 1323.PNG,0B8WcbXogHvegVlVhT3pjOVlpVlk,260607
cap - 1324.PNG,0B8WcbXogHvegb1NPV0xNZlBBbGs,245391
cap - 1325.PNG,0B8WcbXogHvegeVVlUm9tbVk1eE0,283997
cap - 1326.PNG,0B8WcbXogHvegang3TEF5dXlzVXM,347216
cap - 1327.PNG,0B8WcbXogHvegUzdxUHpRcEduMkE,387272
cap - 1328.PNG,0B8WcbXogHvegSEdBM2tuV1loejg,417080
cap - 1329.PNG,0B8WcbXogHvegOXkzdTVIMGk3NVU,427952
cap - 1330.PNG,0B8WcbXogHvegZG45bmNQOHVfa2s,388791
cap - 1331.PNG,0B8WcbXogHvegbTJDOG9NeFYxMGc,382419
cap - 1332.PNG,0B8WcbXogHvegbTV3Q2ZqM2FUT2c,364859
cap - 1333.PNG,0B8WcbXogHvegWWxlRUM1QmRIUXM,351742
cap - 1334.PNG,0B8WcbXogHvegUTlmU1RXeHZmQXc,290575
cap - 1335.PNG,0B8WcbXogHvegLUN0d0p6LXlxM00,237833
cap - 1336.PNG,0B8WcbXogHvegaVhJX3g5emhtS0E,264211
cap - 1337.PNG,0B8WcbXogHvegRkxGOG1NcmdkLUk,292346
cap - 1338.PNG,0B8WcbXogHvegS2llRk05aVEwNVk,321233
cap - 1339.PNG,0B8WcbXogHvegc3VnRDVFWUFHLUE,324517
cap - 1340.PNG,0B8WcbXogHvegS2xGZDFZNGZ6eVU,305911
cap - 1341.PNG,0B8WcbXogHvegRGNMbFE1UmpLY3M,346842
cap - 1342.PNG,0B8WcbXogHvegX2toLTkzVVpibGs,270902
cap - 1343.PNG,0B8WcbXogHvegR0x5WTlkckNaNUk,300226
cap - 1344.PNG,0B8WcbXogHvegb2ozWU5qMGZ3Sjg,348895
cap - 1345.PNG,0B8WcbXogHvegT3c4OGJyd2Y2QlU,340561
cap - 1346.PNG,0B8WcbXogHvegVFA5elpRaHJwMGM,338106
cap - 1347.PNG,0B8WcbXogHvegQWtpMzR5YzlkakE,342636
cap - 1348.PNG,0B8WcbXogHvegM2lVbkh3WEp4eXc,342655
cap - 1349.PNG,0B8WcbXogHvegZHBONU1EaDVNVTg,297960
cap - 1350.PNG,0B8WcbXogHvegMFFDV1VacDFTdTQ,283578
cap - 1351.PNG,0B8WcbXogHvegRXFWMk5KQmFiRWM,325392
cap - 1352.PNG,0B8WcbXogHvegbDFDWEYzVmd5VXc,369482
cap - 1353.PNG,0B8WcbXogHvegS2liNW9Sd1lRWGM,403275
cap - 1354.PNG,0B8WcbXogHvegaDl2akhVLVc0VWM,411011
cap - 1355.PNG,0B8WcbXogHvegcWxQVU53OTNIMXM,369336
cap - 1356.PNG,0B8WcbXogHvegUl9ZY21fMk5VVWs,353165
cap - 1357.PNG,0B8WcbXogHvegSXkzYnFYVFhaNlU,329636
cap - 1358.PNG,0B8WcbXogHvegSjlwb1lYMjE0U28,355705
cap - 1359.PNG,0B8WcbXogHvegM2tFWG4wOEtYVmM,338639
cap - 1360.PNG,0B8WcbXogHvegT1VMY3RyLUp0ems,356754
cap - 1361.PNG,0B8WcbXogHvegSWNXbmhvWHpZZ1U,366973
cap - 1362.PNG,0B8WcbXogHvegVFI4b2lNWWVxYkE,373790
cap - 1363.PNG,0B8WcbXogHvegeVdWMnI0cjMxdE0,382975
cap - 1364.PNG,0B8WcbXogHvegb1JBWG9ZSGc3bkU,368868
cap - 1365.PNG,0B8WcbXogHvegLXdnajRBenVocGM,367010
cap - 1366.PNG,0B8WcbXogHvegRTc0Wko5Wm9DZms,370228
cap - 1367.PNG,0B8WcbXogHvegcVBCcUJhdnl0OWc,354946
cap - 1368.PNG,0B8WcbXogHvegZEEtRjNaT0xaWFU,341538
cap - 1369.PNG,0B8WcbXogHvegNjFJdDhDUjVST2s,326347
cap - 1370.PNG,0B8WcbXogHvegTzhNa21kZUVCOG8,335687
cap - 1371.PNG,0B8WcbXogHvegaWdGYlBEWTRCcFU,355321
cap - 1372.PNG,0B8WcbXogHvegcHZEVU1KWVFfbTg,361929
cap - 1373.PNG,0B8WcbXogHvegazFEWm8zUHVrY2s,329412
cap - 1374.PNG,0B8WcbXogHvegamdRMVBMZ0piYk0,292699
cap - 1375.PNG,0B8WcbXogHvegYnE3LWpIUnp0OFk,317024
cap - 1376.PNG,0B8WcbXogHvegYW11eVBubjg5Vlk,308688
cap - 1377.PNG,0B8WcbXogHvegb25ObU1ZaE12WlU,284966
cap - 1378.PNG,0B8WcbXogHvegUmtaOXV2b1BYdUk,283136
cap - 1379.PNG,0B8WcbXogHvegSXpPRm1Pb054T2c,342917
cap - 1380.PNG,0B8WcbXogHvegdUZCOFFxbjVhWW8,317890
cap - 1381.PNG,0B8WcbXogHvegRERwWnU3UzVENzg,338593
cap - 1382.PNG,0B8WcbXogHvegd2tHMzhvdDA4RU0,311319
cap - 1383.PNG,0B8WcbXogHvegY2l6MUQ2bGN4VnM,320846
cap - 1384.PNG,0B8WcbXogHvegSHUwZlhqekktMWc,418193
cap - 1385.PNG,0B8WcbXogHvegejNlX2NYd1c2d3M,412985
cap - 1386.PNG,0B8WcbXogHvegWXlMaUM5YlloRjQ,416948
cap - 1387.PNG,0B8WcbXogHvegd0hkR0kyTHhSUE0,342365
cap - 1388.PNG,0B8WcbXogHvegTE1QMVZFWEF3MnM,420537
cap - 1389.PNG,0B8WcbXogHveganBnZEo4SWdtbm8,436587
cap - 1390.PNG,0B8WcbXogHvegYmVZNWh5RWlmSVE,450031
cap - 1391.PNG,0B8WcbXogHvegVGRCYi1YOC1JYUk,301372
cap - 1392.PNG,0B8WcbXogHvegWGFVLXcyM1RuazA,344546
cap - 1393.PNG,0B8WcbXogHvegYkdOU0hDU1Q5TFU,326336
cap - 1394.PNG,0B8WcbXogHvegRXRGRUhPS2dPQWM,331622
cap - 1395.PNG,0B8WcbXogHvegeHBOb2p0WmI3SE0,354321
cap - 1396.PNG,0B8WcbXogHvegeDBURHBSaTdLTTA,338075
cap - 1397.PNG,0B8WcbXogHvegYVhyeDZJbnV6a1k,330003
cap - 1398.PNG,0B8WcbXogHvegWGVtN1RUeHhwd2M,293447
cap - 1399.PNG,0B8WcbXogHvegWlZZT0ozODZqdWs,265500
cap - 1400.PNG,0B8WcbXogHvegdmoyNmwzYU1KdTg,260401
cap - 1401.PNG,0B8WcbXogHvegdmhUTEN2bXd5SUk,340364
cap - 1402.PNG,0B8WcbXogHvegVFZHSV9QREhram8,364756
cap - 1403.PNG,0B8WcbXogHvegZ3pLS0pWVlBZWE0,347970
cap - 1404.PNG,0B8WcbXogHvegY1Rmb1pvaWU1QW8,331317
cap - 1405.PNG,0B8WcbXogHvegNHBza3Z3Vm0wZG8,336510
cap - 1406.PNG,0B8WcbXogHvegQ2VyOE14SHRyOVU,339423
cap - 1407.PNG,0B8WcbXogHvegSHhhcUxnNGhIYUk,328480
cap - 1408.PNG,0B8WcbXogHvegWUpINEJmSks0SVE,325004
cap - 1409.PNG,0B8WcbXogHvegMm4wZ1BvSDhPTVk,283515
cap - 1410.PNG,0B8WcbXogHvegcExCTGh3SV9ocUU,298834
cap - 1411.PNG,0B8WcbXogHvegMERSMkpvdUQtOHM,276713
cap - 1412.PNG,0B8WcbXogHvegZHhIUUM3WFA2dnc,344753
cap - 1413.PNG,0B8WcbXogHvegdF9BQ3kwZXBzVjA,342170
cap - 1414.PNG,0B8WcbXogHvegR2IxaHR6cm5oNVU,327889
cap - 1415.PNG,0B8WcbXogHvegQ0JLV0gzaHNBNEU,335823
cap - 1416.PNG,0B8WcbXogHvegR3NwR3FvdHdYUzA,329237
cap - 1417.PNG,0B8WcbXogHvegdGtwaVl6Vk16UUE,340776
cap - 1418.PNG,0B8WcbXogHvegdU1RbC1kQ1FvM1E,343800
cap - 1419.PNG,0B8WcbXogHvegQjhQWnVab2p6Wlk,354164
cap - 1420.PNG,0B8WcbXogHvegbHZ1aDBIU1JXMm8,372867
cap - 1421.PNG,0B8WcbXogHvegdkprV3BKU0NiQ0k,335751
cap - 1422.PNG,0B8WcbXogHvegbkgtV0EyUkpCbjg,313976
cap - 1423.PNG,0B8WcbXogHvegT0xxMWdncFhRbzg,342450
cap - 1424.PNG,0B8WcbXogHvegTXFrNmt5YTNfUGs,347038
cap - 1425.PNG,0B8WcbXogHvegUEl6ejgteEZqOE0,333997
cap - 1426.PNG,0B8WcbXogHvegbkY3a2NYYWxCTHc,321709
cap - 1427.PNG,0B8WcbXogHvega0tiZF9keUV3TDQ,294315
cap - 1428.PNG,0B8WcbXogHvegU2liVVZDRElqSVk,310793
cap - 1429.PNG,0B8WcbXogHvegM0pYSFJaR1RSY3c,335736
cap - 1430.PNG,0B8WcbXogHvegcXVIUjVpbVo3VnM,331964
cap - 1431.PNG,0B8WcbXogHvegSW1ZbWtMSWY5M2M,287074
cap - 1432.PNG,0B8WcbXogHvegQTJVdmF6YnlEbkE,316254
cap - 1433.PNG,0B8WcbXogHvegTHhZUFJZRGhfLU0,367427
cap - 1434.PNG,0B8WcbXogHvegbHdFMGZvUTBxN3M,381669
cap - 1435.PNG,0B8WcbXogHvegMUx1OE5wMHFEcWM,388216
cap - 1436.PNG,0B8WcbXogHvegRUswTjdRRklpSkE,412953
cap - 1437.PNG,0B8WcbXogHvegUC1sNUh4QUZGb2s,436622
cap - 1438.PNG,0B8WcbXogHvegeS1Nc3lBRS1tYk0,390783
cap - 1439.PNG,0B8WcbXogHvegQ3NsRFZoMzFaSWs,353127
cap - 1440.PNG,0B8WcbXogHvegbDZBNUV0ZWJ4cjA,358128
cap - 1441.PNG,0B8WcbXogHvegWTRxSHFrV0hvU2s,348172
cap - 1442.PNG,0B8WcbXogHvegZE1OdHR1UEdONmc,316011
cap - 1443.PNG,0B8WcbXogHvegeWhDRlBlYk52TTA,281649
cap - 1444.PNG,0B8WcbXogHvegUEp4YmJ3Zl9HbkU,284919
cap - 1445.PNG,0B8WcbXogHvegRDJuaWF1THVWMU0,358304
cap - 1446.PNG,0B8WcbXogHvegenpSNTctZWIxdzg,400467
cap - 1447.PNG,0B8WcbXogHvegRTBhZkoxZFZVMDg,413465
cap - 1448.PNG,0B8WcbXogHvegVy1PNFpaem5kcm8,434807
cap - 1449.PNG,0B8WcbXogHvegVVF3UG9vci1vSWs,435112
cap - 1450.PNG,0B8WcbXogHvegVzZHM3BKNEdLLWc,433232
cap - 1451.PNG,0B8WcbXogHvegeUJpMm9vXzJtRVk,371422
cap - 1452.PNG,0B8WcbXogHvegUUlXSUgzQVRMQmM,330981
cap - 1453.PNG,0B8WcbXogHvegWHR0Ni11SHJHbWs,332084
cap - 1454.PNG,0B8WcbXogHvegZGVnNHo1TTZidFk,343117
cap - 1455.PNG,0B8WcbXogHvegZHN1R1FVVzRSd1U,312878
cap - 1456.PNG,0B8WcbXogHvegY1AxOTRhbWw1Wk0,317036
cap - 1457.PNG,0B8WcbXogHvegOFFYcEkwWUd0Wk0,287444
cap - 1458.PNG,0B8WcbXogHvegbWl4ZmdfUlFqYXM,299822
cap - 1459.PNG,0B8WcbXogHvegYlRpdFE0MmFWZjA,371176
cap - 1460.PNG,0B8WcbXogHvegd2I2b2dFckpVNVE,392069
cap - 1461.PNG,0B8WcbXogHvegYlQ4elkxVFpvcGs,374630
cap - 1462.PNG,0B8WcbXogHvegQjN0YVNpaVFtRWM,364180
cap - 1463.PNG,0B8WcbXogHvegcWItX2pQa2dENTQ,347720
cap - 1464.PNG,0B8WcbXogHvegb19HQndUTkxxcWs,336562
cap - 1465.PNG,0B8WcbXogHvegSnlZV3RpRE5ucm8,341697
cap - 1466.PNG,0B8WcbXogHvegRXlYZnowVlRBZ0E,325508
cap - 1467.PNG,0B8WcbXogHvegOVVsQzg4cTE3bGM,338152
cap - 1468.PNG,0B8WcbXogHvegSFNUM08xV3RlcnM,341609
cap - 1469.PNG,0B8WcbXogHvegTDB1WFF6V3dCTWs,352485
cap - 1470.PNG,0B8WcbXogHvegelNHamE5djIxSkk,359555
cap - 1471.PNG,0B8WcbXogHvegUzNXUGdRTHB5Zms,358283
cap - 1472.PNG,0B8WcbXogHvegLVVobDU2eTFXcXM,369579
cap - 1473.PNG,0B8WcbXogHvegZFE4enp0alpXNDg,368140
cap - 1474.PNG,0B8WcbXogHvegcEREMkRKWWFQOGM,378219
cap - 1475.PNG,0B8WcbXogHvegbW9qVE10OWJvVFE,404929
cap - 1476.PNG,0B8WcbXogHvegTE9zR1NfS253TUU,387952
cap - 1477.PNG,0B8WcbXogHvegLVBBNW1iT2ZqQW8,389147
cap - 1478.PNG,0B8WcbXogHvegbWxQT3luUnJucW8,393466
cap - 1479.PNG,0B8WcbXogHvegb1VLdG1kRDF5Ylk,385809
cap - 1480.PNG,0B8WcbXogHvegcVdkcXlwaUY5Q2s,401938
cap - 1481.PNG,0B8WcbXogHvegVEQyLXVZdU5Ebzg,407470
cap - 1482.PNG,0B8WcbXogHvegeDdnazN4MXJVN1k,403367
cap - 1483.PNG,0B8WcbXogHvegTXJqNDBXc09xXzg,412094
cap - 1484.PNG,0B8WcbXogHvegMzgtSVRvay14Um8,382407
cap - 1485.PNG,0B8WcbXogHvegN2NFN0FnTXFkT1U,371611
cap - 1486.PNG,0B8WcbXogHvegZzJnOGM4d0gxRjQ,354155
cap - 1487.PNG,0B8WcbXogHvegMmJZOHByWGtQNU0,337842
cap - 1488.PNG,0B8WcbXogHvegaTg3c2xVODVfalE,329003
cap - 1489.PNG,0B8WcbXogHvegLTRGNjhTMWdDOU0,306426
cap - 1490.PNG,0B8WcbXogHvegVEZaU2QyLUVGa0k,312283
cap - 1491.PNG,0B8WcbXogHvegbXk2RlFZZTk4b1E,284414
cap - 1492.PNG,0B8WcbXogHvegZVl0Y1k4RTVQazg,286149
cap - 1493.PNG,0B8WcbXogHvegeUpseVJ5cVdWYUE,277733
cap - 1494.PNG,0B8WcbXogHvegWW9NSTBqWkNRLXc,297097
cap - 1495.PNG,0B8WcbXogHvegMmpfMThQamx6Z0U,294735
cap - 1496.PNG,0B8WcbXogHvegYXRVX2VKNExUems,267480
cap - 1497.PNG,0B8WcbXogHvegOEdaSTEwM1JZLWc,279211
cap - 1498.PNG,0B8WcbXogHvegcmdHRm9PczMxMG8,278309
cap - 1499.PNG,0B8WcbXogHvegYXVhQ3RKbEZ3TUU,282066
cap - 1500.PNG,0B8WcbXogHvegTW5fZVZmQTlwbzQ,277737
cap - 1501.PNG,0B8WcbXogHvegRlpZdzVYN0p2UEE,282743
cap - 1502.PNG,0B8WcbXogHvegaEV0MnVyUWJJTjQ,290986
cap - 1503.PNG,0B8WcbXogHvegYXc1SmF5elhsT0E,285441
cap - 1504.PNG,0B8WcbXogHvegaG02VEJOdVF6OGs,294277
cap - 1505.PNG,0B8WcbXogHvegN05TRTc3dUFscFU,302847
cap - 1506.PNG,0B8WcbXogHvegWjJfcVNZTDdiN2c,301583
cap - 1507.PNG,0B8WcbXogHvegSGs5VU1pcUdFdjA,370659
cap - 1508.PNG,0B8WcbXogHvegT0pMdGE5NWxtNVE,390679
cap - 1509.PNG,0B8WcbXogHvegN2diTEplUXNqNU0,245383
cap - 1510.PNG,0B8WcbXogHvegd2UxcjhuSDQ4LUk,160749
cap - 1511.PNG,0B8WcbXogHvegLVZIeTRPTnpkWFE,162903
cap - 1512.PNG,0B8WcbXogHvegeWdyTTltWkFJN0k,310175
cap - 1513.PNG,0B8WcbXogHvegek5peXJKdlJ5ZE0,288195
cap - 1514.PNG,0B8WcbXogHvegcXRnUVZESWZZY1k,295510
cap - 1515.PNG,0B8WcbXogHvegeHpJZ2p4WGpRS1U,299525
cap - 1516.PNG,0B8WcbXogHvegbHZQOTRqeUlvTDQ,309669
cap - 1517.PNG,0B8WcbXogHvegd2NXdXB1R2ItUFU,305900
cap - 1518.PNG,0B8WcbXogHvegb3gxd0JqMkdYb00,351199
cap - 1519.PNG,0B8WcbXogHvegTl9rNkV0ZWF1OWs,330141
cap - 1520.PNG,0B8WcbXogHvegdHNmbVU2dlVIX2M,365783
cap - 1521.PNG,0B8WcbXogHvegTW1tSGktcFRHWkE,379869
cap - 1522.PNG,0B8WcbXogHvegUXZxU04zV2tfRTQ,373748
cap - 1523.PNG,0B8WcbXogHvegUjZXRHlndmlTalU,343527
cap - 1524.PNG,0B8WcbXogHvegYXJPYkNpQlRRUWs,348816
cap - 1525.PNG,0B8WcbXogHvegclo1N05pbm43Y0E,233576
cap - 1526.PNG,0B8WcbXogHvegT3poaXVtSTBqejA,213689
cap - 1527.PNG,0B8WcbXogHvegQWFCMGppdXpjNU0,204718
cap - 1528.PNG,0B8WcbXogHvegR1ZYZXFyeVk2aTA,230649
cap - 1529.PNG,0B8WcbXogHvegRDh2NC1vdlRvd3c,232485
cap - 1530.PNG,0B8WcbXogHvegWllBeW1pM0xhYTg,236510
cap - 1531.PNG,0B8WcbXogHvegNGlvY3JFdXFrY00,261483
cap - 1532.PNG,0B8WcbXogHvegaW5UWXJnYWxtTVU,293691
cap - 1533.PNG,0B8WcbXogHvegWW5iS1F4VVVBR0E,309691
cap - 1534.PNG,0B8WcbXogHvegU0NaMHN2YzJyUEE,323331
cap - 1535.PNG,0B8WcbXogHvegMDVYWmxCdTRFYWs,291465
cap - 1536.PNG,0B8WcbXogHvegNlpkT3N4cm5IVms,227089
cap - 1537.PNG,0B8WcbXogHvegUy00am1LV1FBdEU,305815
cap - 1538.PNG,0B8WcbXogHvegUFhnWW14aUQ3aTg,347291
cap - 1539.PNG,0B8WcbXogHvegbTF3XzcxdmFNc1U,356468
cap - 1540.PNG,0B8WcbXogHvegRkRJbld5MEVjM28,343435
cap - 1541.PNG,0B8WcbXogHvegMjEzM3JGMURLeXc,358445
cap - 1542.PNG,0B8WcbXogHvegVHk3bEg0TjRfQVU,337075
cap - 1543.PNG,0B8WcbXogHvegd0trbTU3S2kyR0U,307233
cap - 1544.PNG,0B8WcbXogHvegSnNXZkhNTXhqems,262973
cap - 1545.PNG,0B8WcbXogHvegVThWQng3VVVTMUU,360502
cap - 1546.PNG,0B8WcbXogHvegUkRsUjI4eG9RbFk,406899
cap - 1547.PNG,0B8WcbXogHvegMjRGREM4T19ZUUk,368252
cap - 1548.PNG,0B8WcbXogHvegQmN3TnNKUlBPNFU,249823
cap - 1549.PNG,0B8WcbXogHvegOTRYd1NaQ3pCVVk,165388
cap - 1550.PNG,0B8WcbXogHvegcUpCa3hreXV0cjg,262111
cap - 1551.PNG,0B8WcbXogHvegTjJLaFM0TVVsN1E,323704
cap - 1552.PNG,0B8WcbXogHvegUFZreWc1dHFoUEU,343460
cap - 1553.PNG,0B8WcbXogHvegUWlDVXpBYWozSDg,332414
cap - 1554.PNG,0B8WcbXogHvegam00cWtEVUgxUWs,370393
cap - 1555.PNG,0B8WcbXogHvegQ3FEM0dwRkVOUUk,370608
cap - 1556.PNG,0B8WcbXogHvegRk1uZ3NwVmVPOXc,374412
cap - 1557.PNG,0B8WcbXogHvegelh1WmU4RGhaVTg,379447
cap - 1558.PNG,0B8WcbXogHvegUVVHX3RYY3prTms,379926
cap - 1559.PNG,0B8WcbXogHvegNi1icVpNZHFWR1k,387405
cap - 1560.PNG,0B8WcbXogHvegT0t5R3hnVmpiUU0,382144
cap - 1561.PNG,0B8WcbXogHvegQjVsYUdNMm9fTFk,390629
cap - 1562.PNG,0B8WcbXogHvegYzZackFteWVwZ2s,411112
cap - 1563.PNG,0B8WcbXogHvegMk5Vc05WV2JmX00,408421
cap - 1564.PNG,0B8WcbXogHvegeHVFdzNOYWF6V2s,418231
cap - 1565.PNG,0B8WcbXogHvegUnRQREZJNFN4aG8,418456
cap - 1566.PNG,0B8WcbXogHvegQ2hzQjNFcktQdzA,443672
cap - 1567.PNG,0B8WcbXogHvegYVM5YlQ2YXNpWjg,420135
cap - 1568.PNG,0B8WcbXogHvegeU1jV1dzdU5iMjg,415495
cap - 1569.PNG,0B8WcbXogHvegcFVZMTRnYzUtM0U,418419
cap - 1570.PNG,0B8WcbXogHvegVTB0aGM2WVdlU1U,414747
cap - 1571.PNG,0B8WcbXogHvegelp0alpJSHp5QjQ,428982
cap - 1572.PNG,0B8WcbXogHvegOER2QXVtVmJ3Z1k,428957
cap - 1573.PNG,0B8WcbXogHvegR0VScTVvSkUxdnM,435027
cap - 1574.PNG,0B8WcbXogHvegWFFCc0JQVjh0c2c,447384
cap - 1575.PNG,0B8WcbXogHvegOHVRdld2Z3h5VlU,447872
cap - 1576.PNG,0B8WcbXogHvegTzVCSHk0cEU3UXc,422824
cap - 1577.PNG,0B8WcbXogHvegWVNNTEo5MDdCOUU,308635
cap - 1578.PNG,0B8WcbXogHvegWmJYal9XYzhFV1k,287434
cap - 1579.PNG,0B8WcbXogHvegY1AtQUJvazdqWmM,341565
cap - 1580.PNG,0B8WcbXogHvegc1g3Y1Z4QWdyVjg,337394
cap - 1581.PNG,0B8WcbXogHvegTTN1d1NvckRMMDg,347504
cap - 1582.PNG,0B8WcbXogHvegM3U0TF91V2hWVU0,364697
cap - 1583.PNG,0B8WcbXogHvegRk9TWC0ySHptbjA,383858
cap - 1584.PNG,0B8WcbXogHvegeTUzUUEyT21MSWc,396049
cap - 1585.PNG,0B8WcbXogHvegbldvZlI0YlBVUjQ,395477
cap - 1586.PNG,0B8WcbXogHvegX2ZjQ19jeXVBLWc,389521
cap - 1587.PNG,0B8WcbXogHvegMk5tbHc3T2VQdlU,365425
cap - 1588.PNG,0B8WcbXogHvegT1lUSTRyZUVyZ2c,325546
cap - 1589.PNG,0B8WcbXogHvegUlZvUmJzTTVCTjA,289181
cap - 1590.PNG,0B8WcbXogHvegYlRSbXBnRmJGY2s,297917
cap - 1591.PNG,0B8WcbXogHvegbnZVaTZHNnNpQ3M,294566
cap - 1592.PNG,0B8WcbXogHvegZElyb0JLRkg4emc,352516
cap - 1593.PNG,0B8WcbXogHvegWGJKRlVVVElyNVE,388285
cap - 1594.PNG,0B8WcbXogHvegc0tubGZCaFBDQnM,380588
cap - 1595.PNG,0B8WcbXogHvegdHdyLW9FMlhIdkU,402877
cap - 1596.PNG,0B8WcbXogHvegNkhMU0xkQk1ZZjA,393610
cap - 1597.PNG,0B8WcbXogHvegVW1BLTljS3N6bE0,399871
cap - 1598.PNG,0B8WcbXogHvegTGhKS29yNWtfc2M,411481
cap - 1599.PNG,0B8WcbXogHvegWWp2aXRjOGl6cHc,417083
cap - 1600.PNG,0B8WcbXogHvegZnppcmVzb3hIX3M,375623
cap - 1601.PNG,0B8WcbXogHvegeV9yR094Q2Jqcms,400847
cap - 1602.PNG,0B8WcbXogHvegdlpvNGFicVNDdVk,396668
cap - 1603.PNG,0B8WcbXogHvegVkdxUW9RcEtpUFU,401606
cap - 1604.PNG,0B8WcbXogHvegX3B2b0pReFl6Vzg,384799
cap - 1605.PNG,0B8WcbXogHvegZ08zeDlUekpMcmc,386033
cap - 1606.PNG,0B8WcbXogHvegdlZncUltdEdfSlU,348334
cap - 1607.PNG,0B8WcbXogHvegQ0ZJTXVFNlFhN2s,354330
cap - 1608.PNG,0B8WcbXogHvegVGpiX0RfRzUwdXM,358424
cap - 1609.PNG,0B8WcbXogHvegd1lHRXVfcWp6a28,330519
cap - 1610.PNG,0B8WcbXogHvegaHZUVXZ3NGdWYzQ,360015
cap - 1611.PNG,0B8WcbXogHvegcm1JN1RiaUxlZm8,390349
cap - 1612.PNG,0B8WcbXogHvegZ1pKOFVYRVE2YWc,394984
cap - 1613.PNG,0B8WcbXogHvegcGgwLVFyYnBHdWc,375746
cap - 1614.PNG,0B8WcbXogHvegQ3lyV3hMTVdrZFU,385427
cap - 1615.PNG,0B8WcbXogHvegeUVOY05ta01DYTA,344818
cap - 1616.PNG,0B8WcbXogHvegbTE0cWNQM2MzWVE,348157
cap - 1617.PNG,0B8WcbXogHvegQ00wWUFpTlBVdWs,334138
cap - 1618.PNG,0B8WcbXogHvegRjRxN3ZqV0FmVFU,313256
cap - 1619.PNG,0B8WcbXogHvegYXJXdlNyUS05M2M,329421
cap - 1620.PNG,0B8WcbXogHvegdmE5em1jYnZhS28,331090
cap - 1621.PNG,0B8WcbXogHvegSmx2MENlSjBPWTA,320548
cap - 1622.PNG,0B8WcbXogHvegbzY3S0NCbVE4dk0,328112
cap - 1623.PNG,0B8WcbXogHvegaFhkWUg2Ml9sWU0,346957
cap - 1624.PNG,0B8WcbXogHvegNEMxVWtLSUR3eHc,310645
cap - 1625.PNG,0B8WcbXogHvegTXg2VjFvaUtZcEU,401853
cap - 1626.PNG,0B8WcbXogHvegNXRLUG1RbTBxbHM,431724
cap - 1627.PNG,0B8WcbXogHvegR185aDhETkhrNUE,369861
cap - 1628.PNG,0B8WcbXogHvegQUdNV2RDak1sbjA,436718
cap - 1629.PNG,0B8WcbXogHvega3RvMllZamplbEk,404303
cap - 1630.PNG,0B8WcbXogHvegWUx4TGctVDJuM2M,418003
cap - 1631.PNG,0B8WcbXogHvegcWZ2Rk9ONGdpZ00,413820
cap - 1632.PNG,0B8WcbXogHvegdHJhbXJyNWhqUUk,375537
cap - 1633.PNG,0B8WcbXogHvegdjRYT05uWGxSV0k,366703
cap - 1634.PNG,0B8WcbXogHvegMkJPUmZTMy1lams,338247
cap - 1635.PNG,0B8WcbXogHvegUTA0NGxQQzllQnM,411336
cap - 1636.PNG,0B8WcbXogHvegRWpYdkQ2MGRhX2s,399655
cap - 1637.PNG,0B8WcbXogHvegX2I2RDY0cU5OV0U,343464
cap - 1638.PNG,0B8WcbXogHvegY3AxZzM3UVh3RDQ,341180
cap - 1639.PNG,0B8WcbXogHvegTzctZ2VlMzVnNDQ,335551
cap - 1640.PNG,0B8WcbXogHvegVTRqUEFZZXR2X1k,359893
cap - 1641.PNG,0B8WcbXogHvegYXZNRUxEeWRqeU0,363911
cap - 1642.PNG,0B8WcbXogHvegUE9jYnI3Yll0T3c,367736
cap - 1643.PNG,0B8WcbXogHvegUUljdGFOOFlxNm8,321503
cap - 1644.PNG,0B8WcbXogHvegT0JJSDhMR2lYcnM,295660
cap - 1645.PNG,0B8WcbXogHvegU0YwYlJZQUltQTQ,277657
cap - 1646.PNG,0B8WcbXogHvegTXRCejhJS2wzMjQ,250965
cap - 1647.PNG,0B8WcbXogHvegMTJ2UjVRUnpsNUU,272624
cap - 1648.PNG,0B8WcbXogHvegOUI2Q3hLNlEzQU0,297111
cap - 1649.PNG,0B8WcbXogHvegVHN3aWc1WF96Zjg,321442
cap - 1650.PNG,0B8WcbXogHvegT1VSamFpd2thakU,314258
cap - 1651.PNG,0B8WcbXogHvegVXpTRzVFN1Q5dGc,281912
cap - 1652.PNG,0B8WcbXogHvegMkU5ZHhEdktUazQ,279288
cap - 1653.PNG,0B8WcbXogHvegQnkycTRtaHVmVkE,271472
cap - 1654.PNG,0B8WcbXogHvegYm9kb3lHNTJ5VUE,265013
cap - 1655.PNG,0B8WcbXogHvegQTdrbmRaMUYwZ00,290707
cap - 1656.PNG,0B8WcbXogHvegNjFfTmJNZzZnNW8,213890
cap - 1657.PNG,0B8WcbXogHvegWHJ2RzkyR096Tlk,238800
cap - 1658.PNG,0B8WcbXogHvegaEZBTGEtOEpOSXc,269263
cap - 1659.PNG,0B8WcbXogHvegaGtEd25kVEZNQ3c,260724
cap - 1660.PNG,0B8WcbXogHvegVGtMLU4wVUU0dmc,193896
cap - 1661.PNG,0B8WcbXogHvegTGVfaWozaUloaFk,181272
cap - 1662.PNG,0B8WcbXogHvegUEF1SWlrUGFJVlk,183590
cap - 1663.PNG,0B8WcbXogHvegbndSeWgyWEE0M2s,235629
cap - 1664.PNG,0B8WcbXogHvegb05RWHJscnMxQ1E,238607
cap - 1665.PNG,0B8WcbXogHvegZnN6bWtvZUZxRlk,246892
cap - 1666.PNG,0B8WcbXogHvegb0ptSEtrQWVMUjg,240995
cap - 1667.PNG,0B8WcbXogHvegX05rSGgzZjFzUEU,254371
cap - 1668.PNG,0B8WcbXogHvegVGlMTENJNDlRSjQ,280149
cap - 1669.PNG,0B8WcbXogHvegc1JYdHpUMjhoTzg,329216
cap - 1670.PNG,0B8WcbXogHvegLURhdlY1cXlvNVE,295171
cap - 1671.PNG,0B8WcbXogHvegc09jWUhmaHd6TmM,257125
cap - 1672.PNG,0B8WcbXogHvegVnhIdmxiS1l3UFU,310178
cap - 1673.PNG,0B8WcbXogHvegTVZ5VU51TUZ6NlU,310208
cap - 1674.PNG,0B8WcbXogHvegSGthck9rWUt5UGc,247941
cap - 1675.PNG,0B8WcbXogHvegWFAtdnd0RE9mMzQ,215794
cap - 1676.PNG,0B8WcbXogHvegU3NwQ0k0RmJCbXM,266731
cap - 1677.PNG,0B8WcbXogHvegMVlHVDBpSU4xS2s,263198
cap - 1678.PNG,0B8WcbXogHvegZ1BtN1pfeFV6dHM,198776
cap - 1679.PNG,0B8WcbXogHvegSWR0VEpScm9naWs,191882
cap - 1680.PNG,0B8WcbXogHvegOHBCQmQ1OTMxN0k,270610
cap - 1681.PNG,0B8WcbXogHvegZ1BNNm9LVW9vTkk,321524
cap - 1682.PNG,0B8WcbXogHvegSTZ1WHJlV2tsRVU,408325
cap - 1683.PNG,0B8WcbXogHvegeGs0cjE2YzZoWDA,422887
cap - 1684.PNG,0B8WcbXogHvegU3VqSUMydWxLTnc,398119
cap - 1685.PNG,0B8WcbXogHvegaXAwOEhlX3ZYR0U,326400
cap - 1686.PNG,0B8WcbXogHvegUFJfNE01TkdLWDQ,357373
cap - 1687.PNG,0B8WcbXogHvegU3BCZ2h1UUtDVWc,393752
cap - 1688.PNG,0B8WcbXogHvegLXk5ZU1OdHhnX2M,399125
cap - 1689.PNG,0B8WcbXogHvegczZZekdGTVBaczQ,401030
cap - 1690.PNG,0B8WcbXogHvegbGhUN2tLWS1iaTg,393933
cap - 1691.PNG,0B8WcbXogHvegU21mak1iNUc3ZTA,397920
cap - 1692.PNG,0B8WcbXogHvegc25PbDB4dVpOWVk,414176
cap - 1693.PNG,0B8WcbXogHvegNi1qRkt6NVNKd2c,417749
cap - 1694.PNG,0B8WcbXogHvegX2NaWUpSUjF2ZWc,414701
cap - 1695.PNG,0B8WcbXogHvegc0p6NnZKaFFzVlE,418509
cap - 1696.PNG,0B8WcbXogHvegYVR5aUx1TVFTU3M,397244
cap - 1697.PNG,0B8WcbXogHvegWGlHTERwVHNKb2c,410081
cap - 1698.PNG,0B8WcbXogHvegZlZUOXZmMkI4WkE,423446
cap - 1699.PNG,0B8WcbXogHvegVnlfVy0zd1V0Tnc,408507
cap - 1700.PNG,0B8WcbXogHvegTXFoQkNDcTgzMU0,353642
cap - 1701.PNG,0B8WcbXogHvegM1NpLXFPN1cxR2M,352745
cap - 1702.PNG,0B8WcbXogHvegd2FKNUo5NVUwaTA,362828
cap - 1703.PNG,0B8WcbXogHvegbk1kNlc5eTVxQW8,292523
cap - 1704.PNG,0B8WcbXogHvegd3MxVmRjMGNwVGc,352613
cap - 1705.PNG,0B8WcbXogHvegRzFkZS1XMDBqQ3c,408277
cap - 1706.PNG,0B8WcbXogHvegOEFrQ05jOHBZVzg,414642
cap - 1707.PNG,0B8WcbXogHvegc0ZZT3UtN0FSM2M,381083
cap - 1708.PNG,0B8WcbXogHvegbDFGWHg5VV95ZWM,335142
cap - 1709.PNG,0B8WcbXogHvegMGtWQ2FURWdESUU,398427
cap - 1710.PNG,0B8WcbXogHvegSVZvY1NLOWg4cVU,413450
cap - 1711.PNG,0B8WcbXogHvegZnhpdU83OHdJWEU,341666
cap - 1712.PNG,0B8WcbXogHvegUU1NWXY4N3RhWDg,434783
cap - 1713.PNG,0B8WcbXogHvegUmUtc25pWmJjWm8,437067
cap - 1714.PNG,0B8WcbXogHvegMm9MZUZwX3M4LUk,460761
cap - 1715.PNG,0B8WcbXogHvegOG5fTXpNSEdnTGc,430529
cap - 1716.PNG,0B8WcbXogHvegNzN3VTFnNEsxWDQ,429992
cap - 1717.PNG,0B8WcbXogHvegVm5jZXFpb2NFSXc,461874
cap - 1718.PNG,0B8WcbXogHvegclM3RlJrUXNsVU0,414169
cap - 1719.PNG,0B8WcbXogHvegTUFzMGR6S0V0d00,409353
cap - 1720.PNG,0B8WcbXogHvegQ241b25MVlRyUmM,410038
cap - 1721.PNG,0B8WcbXogHvegYmdhUm9QQXR6aUU,405018
cap - 1722.PNG,0B8WcbXogHvegWGFfRjQzN3k4eWc,399999
cap - 1723.PNG,0B8WcbXogHvegNkpIcVI1R0cteU0,379229
cap - 1724.PNG,0B8WcbXogHvegTkwzeXh3OXo1M2s,397424
cap - 1725.PNG,0B8WcbXogHvegbkZXc2lZSXpUT1E,420618
cap - 1726.PNG,0B8WcbXogHvegVGZNTjctRTZTZXM,440434
cap - 1727.PNG,0B8WcbXogHvegbnptd0E5VmJoUkk,420386
cap - 1728.PNG,0B8WcbXogHvegNnBUTHB1QWhOLWs,423565
cap - 1729.PNG,0B8WcbXogHvegWV81ajNfazhCbk0,409465
cap - 1730.PNG,0B8WcbXogHvegNTh1VWNxOVJaMXc,417748
cap - 1731.PNG,0B8WcbXogHvegOXJub2txc085NU0,434994
cap - 1732.PNG,0B8WcbXogHvegVlZxWTZ1VXFlcHc,401945
cap - 1733.PNG,0B8WcbXogHvegbW1OZ25PeDdBVWc,372438
cap - 1734.PNG,0B8WcbXogHvegQVpJZnZXM2lOWVE,384007
cap - 1735.PNG,0B8WcbXogHvegQlNlZ3pOdmNILUE,426538
cap - 1736.PNG,0B8WcbXogHvegbkxHb2g5Sk9sQk0,436988
cap - 1737.PNG,0B8WcbXogHvegUTJvSWRDd0Fua00,495353
cap - 1738.PNG,0B8WcbXogHvegbmdlVTF2M2NqNnM,473764
cap - 1739.PNG,0B8WcbXogHvegdFdBcHNnQ1NIbmc,451558
cap - 1740.PNG,0B8WcbXogHvegZXZUSGVaY05xY2s,432282
cap - 1741.PNG,0B8WcbXogHvegYlBteXFRb1JmQzQ,404034
cap - 1742.PNG,0B8WcbXogHvegQzZ1OEdrRHFOU3c,407691
cap - 1743.PNG,0B8WcbXogHvegcTQwakV5S2p6YjA,437548
cap - 1744.PNG,0B8WcbXogHvegcmFxa3lzMDNhdkE,458873
cap - 1745.PNG,0B8WcbXogHvegWG5uVkhRdUZoLU0,446079
cap - 1746.PNG,0B8WcbXogHvegQkJ1NTl6ZERETW8,464098
cap - 1747.PNG,0B8WcbXogHvegbTdkUlZ1d2RGTjg,456345
cap - 1748.PNG,0B8WcbXogHvegRkpuQTFsYmZoZmM,442317
cap - 1749.PNG,0B8WcbXogHvegc1ctaWtHSHZXWWs,408071
cap - 1750.PNG,0B8WcbXogHvegVWVnRHFvWmxRVjA,371683
cap - 1751.PNG,0B8WcbXogHvegQ1ZnZm5CaEU5MmM,385759
cap - 1752.PNG,0B8WcbXogHvegRk83OVpHRFZ2R2c,381982
cap - 1753.PNG,0B8WcbXogHvegV21xVzRheVNSUm8,354557
cap - 1754.PNG,0B8WcbXogHvegVHhEOWFGOVlvVDg,348540
cap - 1755.PNG,0B8WcbXogHvegWFZWOXJQUW5WdWM,360819
cap - 1756.PNG,0B8WcbXogHvegZ3JwUC1hMkRnWUk,368617
cap - 1757.PNG,0B8WcbXogHvegZjNKbzNCX1g4ZWc,331959
cap - 1758.PNG,0B8WcbXogHvegVDdBbTVCeFZXR0U,348207
cap - 1759.PNG,0B8WcbXogHvegNWxRdWNyaWFSUWs,346048
cap - 1760.PNG,0B8WcbXogHvegcGdXRk1pVG1QMnc,314579
cap - 1761.PNG,0B8WcbXogHvegUnctX2FPdUV1YjQ,405957
cap - 1762.PNG,0B8WcbXogHvegTzFoNl9iNlZubmM,393379
cap - 1763.PNG,0B8WcbXogHvegUF9WQjI4RmZUWEU,351654
cap - 1764.PNG,0B8WcbXogHvegYnU5NUdwUUZmejQ,365379
cap - 1765.PNG,0B8WcbXogHvegd2Q4eWdLbktGWVU,296456
cap - 1766.PNG,0B8WcbXogHvegeEZ0Z1IwYWRHZ1k,335278
cap - 1767.PNG,0B8WcbXogHvegS3BMTG5iTlZ6REE,381877
cap - 1768.PNG,0B8WcbXogHvegNlMtdF9vejZRUGs,347288
cap - 1769.PNG,0B8WcbXogHvegYmlkel8wS0hRUUU,375621
cap - 1770.PNG,0B8WcbXogHvegRU91LUhMQUhuNW8,401541
cap - 1771.PNG,0B8WcbXogHvegbDZUX3hzLVI4Nkk,424616
cap - 1772.PNG,0B8WcbXogHvegWWtPVTF1ZDZmT2c,448300
cap - 1773.PNG,0B8WcbXogHvegaHAtTjcybUg3Tk0,449907
cap - 1774.PNG,0B8WcbXogHvegRHNzM3ctTm1HQ1U,415458
cap - 1775.PNG,0B8WcbXogHvegUzZIMTlZbFpRVG8,438821
cap - 1776.PNG,0B8WcbXogHvegNGZDcGhIMXA5ejQ,435455
cap - 1777.PNG,0B8WcbXogHvegZnlsTjRfOEl6Zlk,443619
cap - 1778.PNG,0B8WcbXogHvegNW1DR2kyMk10eGc,453809
cap - 1779.PNG,0B8WcbXogHvegZjBrUzh1SXNLTGs,444033
cap - 1780.PNG,0B8WcbXogHvegQVJEUUI5SllnNnM,347510
cap - 1781.PNG,0B8WcbXogHvegS3d5Ykw1aGhTSEE,414652
cap - 1782.PNG,0B8WcbXogHvegc1pncmdnZnNlLWc,346569
cap - 1783.PNG,0B8WcbXogHvegeFV2XzgyRFJndU0,379342
cap - 1784.PNG,0B8WcbXogHvegWFNRSzVFQVp5TXc,353735
cap - 1785.PNG,0B8WcbXogHvegc1FWb1lMX0k5aWs,390857
cap - 1786.PNG,0B8WcbXogHvegazljcUtlZ0k4TzA,293140
cap - 1787.PNG,0B8WcbXogHvegWXR4Q1dkdmstbEE,412004
cap - 1788.PNG,0B8WcbXogHvegeXdqNUlsTWRTVzA,390814
cap - 1789.PNG,0B8WcbXogHvegb1JXM1A3SzNfSVE,384132
cap - 1790.PNG,0B8WcbXogHvegbDJQSV80QnNKUmc,391900
cap - 1791.PNG,0B8WcbXogHvegZDFkQS1LSHdXQ2M,411004
cap - 1792.PNG,0B8WcbXogHvegSS1lLUhyekJxaXM,381955
cap - 1793.PNG,0B8WcbXogHvegNjU1SmF5dVk3ZWc,374026
cap - 1794.PNG,0B8WcbXogHvegYjFkNXJtT3M2YmM,366221
cap - 1795.PNG,0B8WcbXogHvegUC00U1FxWmhlZlU,406640
cap - 1796.PNG,0B8WcbXogHvegVzY4UWh0alYyUms,338053
cap - 1797.PNG,0B8WcbXogHvegVFRoajhDYlYzR2M,323746
cap - 1798.PNG,0B8WcbXogHvegLTlXczJ4QVVZdjQ,520842
cap - 1799.PNG,0B8WcbXogHvegTmZUVEFPMVZkbzA,545026
cap - 1800.PNG,0B8WcbXogHvegc1VYVUZmQ2lud2c,509763
cap - 1801.PNG,0B8WcbXogHvegUk1EcmR3U2N5U3M,530773
cap - 1802.PNG,0B8WcbXogHvegUTJXSGZkd01pc2M,544031
cap - 1803.PNG,0B8WcbXogHvegS0hSdnhhZmpPaVU,537897
cap - 1804.PNG,0B8WcbXogHvegeWg3QlNwUjY3dDg,551752
cap - 1805.PNG,0B8WcbXogHvegX1JHTEJ1VW9EQVk,521423
cap - 1806.PNG,0B8WcbXogHvegVGdDSnBCSzdGV1k,526120
cap - 1807.PNG,0B8WcbXogHvegQjk1T2ZwaG16WE0,466898
cap - 1808.PNG,0B8WcbXogHvegdlRnYmU0NmJoZTg,440648
cap - 1809.PNG,0B8WcbXogHvegM0JpSVFGVE4tbXM,375008
cap - 1810.PNG,0B8WcbXogHvegR2FlMU9OZHd5UjQ,353352
cap - 1811.PNG,0B8WcbXogHvegWGhuYlFtSy1tb3c,346958
cap - 1812.PNG,0B8WcbXogHvegdUZtdTlvTndoYkU,241032
cap - 1813.PNG,0B8WcbXogHvegMkFqb3JBWkFUQkk,246569
cap - 1814.PNG,0B8WcbXogHvegQkpTZkhETVdhSXc,284461
cap - 1815.PNG,0B8WcbXogHvegSWxtNzhtcFlFZlE,314691
cap - 1816.PNG,0B8WcbXogHvegSldISlBRM2k1RUk,370350
cap - 1817.PNG,0B8WcbXogHvegdTBfZDR1RFBQQjA,393159
cap - 1818.PNG,0B8WcbXogHvegbE9uZk9UcFhQakk,389695
cap - 1819.PNG,0B8WcbXogHvegbXNqNTZWTThQaFE,357657
cap - 1820.PNG,0B8WcbXogHvegaDEwSWJ6NlBCRGM,384170
cap - 1821.PNG,0B8WcbXogHvegd0ZmMkFRSkNhaHM,339482
cap - 1822.PNG,0B8WcbXogHvegMW5kM0loLVBiYlE,322094
cap - 1823.PNG,0B8WcbXogHvegZ3RVMG1UWFlGVFE,329520
cap - 1824.PNG,0B8WcbXogHvegUUR6UTVsYXJzMXM,326994
cap - 1825.PNG,0B8WcbXogHvegeEljdU5rMnV1NlE,334756
cap - 1826.PNG,0B8WcbXogHvegWko4WUNsSkhfWWc,326288
cap - 1827.PNG,0B8WcbXogHvegbWRjU0RMMmJXNnc,321213
cap - 1828.PNG,0B8WcbXogHvegajJHNWdsSXNNZ3M,319121
cap - 1829.PNG,0B8WcbXogHvegS09yZTZIcG13d2M,335641
cap - 1830.PNG,0B8WcbXogHvegZlh5WDJCNV91T0U,304489
cap - 1831.PNG,0B8WcbXogHvegUmtwYlg2ZVNMNDg,322356
cap - 1832.PNG,0B8WcbXogHvegRUZpVjAwREFsMnM,298524
cap - 1833.PNG,0B8WcbXogHvegNFVJdVJOWFpNMnM,364728
cap - 1834.PNG,0B8WcbXogHvegT2Y5aHBTb0ZyWFk,350391
cap - 1835.PNG,0B8WcbXogHvegWklISEtGM2p1UFE,328536
cap - 1836.PNG,0B8WcbXogHvegLUxSMHF4ZjFjMU0,335948
cap - 1837.PNG,0B8WcbXogHvegVk9BQ0FaRzBHaWM,347393
cap - 1838.PNG,0B8WcbXogHvegSHh1UWFwVHNKSDA,336925
cap - 1839.PNG,0B8WcbXogHvegTlhaY1Z2Zlc2c28,349230
cap - 1840.PNG,0B8WcbXogHvegRENvQU5LeDNJcVU,314819
cap - 1841.PNG,0B8WcbXogHvegNjkwUmczbkZscVE,322676
cap - 1842.PNG,0B8WcbXogHvegOTdmOFNkdzNZSDQ,352912
cap - 1843.PNG,0B8WcbXogHvega3duUXVCWmlJRDg,376833
cap - 1844.PNG,0B8WcbXogHvegaTFnaHl4cHlRNDQ,469683
cap - 1845.PNG,0B8WcbXogHvegZk84ZFNfZnMxam8,430871
cap - 1846.PNG,0B8WcbXogHvegRFU2anVNQW53R3c,329477
cap - 1847.PNG,0B8WcbXogHvegYzJnZGowRnF5bGc,346651
cap - 1848.PNG,0B8WcbXogHvegcjBTWHdkWFRzYmc,346243
cap - 1849.PNG,0B8WcbXogHvegVTh6Q0xjdVFoY1E,307832
cap - 1850.PNG,0B8WcbXogHvegSUpMSml1V0VuaDA,318207
cap - 1851.PNG,0B8WcbXogHvegVFNlNFVZNE1CSEU,337012
cap - 1852.PNG,0B8WcbXogHvegNnNnc29hR0tYWm8,347157
cap - 1853.PNG,0B8WcbXogHvegQXQ3eEV3NWtlQTQ,396371
cap - 1854.PNG,0B8WcbXogHvegSWExM0ZvbUtyOG8,413553
cap - 1855.PNG,0B8WcbXogHvegdk04cTRIMHhhcjQ,427142
cap - 1856.PNG,0B8WcbXogHvegOHlaWkcwWXpMd00,401358
cap - 1857.PNG,0B8WcbXogHvegaVRIenFSVEtVcVU,424985
cap - 1858.PNG,0B8WcbXogHvegQjdoTWtJd1V4amM,550705
cap - 1859.PNG,0B8WcbXogHvegNXJkaUU5c3d2NTg,535141
cap - 1860.PNG,0B8WcbXogHvegQnRjZkpzVE5NQzQ,490935
cap - 1861.PNG,0B8WcbXogHvegbHZab29OX1JzY3M,491882
cap - 1862.PNG,0B8WcbXogHvegS0JESE9HWmU4elU,466440
cap - 1863.PNG,0B8WcbXogHvegQkxsVmdBVDdkMTA,557759
cap - 1864.PNG,0B8WcbXogHvegVEZKNmZfdDNoanM,532282
cap - 1865.PNG,0B8WcbXogHvegalR1ZWRJNnVvWFE,533692
cap - 1866.PNG,0B8WcbXogHvegcGJsYVVseFFMVzg,552496
cap - 1867.PNG,0B8WcbXogHvegdllRX2tXQ0YxMEE,551204
cap - 1868.PNG,0B8WcbXogHvegME1YVlM1bnd3ZGs,579299
cap - 1869.PNG,0B8WcbXogHvegNDE5TEFPeDVGUE0,547610
cap - 1870.PNG,0B8WcbXogHvegN2lRTkZVWjg5elk,555057
cap - 1871.PNG,0B8WcbXogHvegSUwzUkNsNVlNelU,560080
cap - 1872.PNG,0B8WcbXogHvega1NwMG16OGNPV3c,516340
cap - 1873.PNG,0B8WcbXogHvegZC1PZk9Pbmp0eG8,566387
cap - 1874.PNG,0B8WcbXogHvegdWhDNURJNm5QcE0,573427
cap - 1875.PNG,0B8WcbXogHvegZVh4d1ptNVQ5bHc,590012
cap - 1876.PNG,0B8WcbXogHvegakJWeEktdHlHQUk,576376
cap - 1877.PNG,0B8WcbXogHvegRFZwNml5VWxxMEU,547413
cap - 1878.PNG,0B8WcbXogHvegMHEyZlZLczFSY2M,496220
cap - 1879.PNG,0B8WcbXogHvegZGM4NEs5OHZIZFU,511772
cap - 1880.PNG,0B8WcbXogHvegNGFaY0ZYUk9KWVE,495279
cap - 1881.PNG,0B8WcbXogHvegWTYya0M4Z0ttdVU,477261
cap - 1882.PNG,0B8WcbXogHvegbVFPMVNhdGttejg,486217
cap - 1883.PNG,0B8WcbXogHvegWVJFc0lkSnd0dEE,483125
cap - 1884.PNG,0B8WcbXogHvegREU2R3ZXSHhKdkE,483611
cap - 1885.PNG,0B8WcbXogHvegOUJFejJyZWc1T1k,412667
cap - 1886.PNG,0B8WcbXogHvegbG56TF9RQ1NXTUk,453460
cap - 1887.PNG,0B8WcbXogHvegMEZnNVZEUGVucm8,472240
cap - 1888.PNG,0B8WcbXogHvegaVFaaW11dzlfNk0,426239
cap - 1889.PNG,0B8WcbXogHvegXzh4LVd4eE14STA,475187
cap - 1890.PNG,0B8WcbXogHvegN0VVX1NxcHljSHc,467064
cap - 1891.PNG,0B8WcbXogHvegdGx2ZE01X2lVTW8,470176
cap - 1892.PNG,0B8WcbXogHvegSklQQXlHdFJMUDg,467725
cap - 1893.PNG,0B8WcbXogHvegdXVMbVdxRjlrYW8,432994
cap - 1894.PNG,0B8WcbXogHvegN2huVGkyWC1OYzA,455249
cap - 1895.PNG,0B8WcbXogHvegODlvUEtaeVhtWmc,468041
cap - 1896.PNG,0B8WcbXogHvegN3JKNTJvLV9Vc0E,454361
cap - 1897.PNG,0B8WcbXogHvegakNSU2Q1akI4WU0,452304
cap - 1898.PNG,0B8WcbXogHvegWDRNY1VhQTVaSTQ,473722
cap - 1899.PNG,0B8WcbXogHvegaE9zQjlwVHdTVXM,470146
cap - 1900.PNG,0B8WcbXogHvegSHo4T2otNFZreEU,459088
cap - 1901.PNG,0B8WcbXogHvegcG9uNGJmNjdvR28,464001
cap - 1902.PNG,0B8WcbXogHvegUENSOW9aYk9GYUU,467855
cap - 1903.PNG,0B8WcbXogHvegYzRyMExVRHVkOUU,478965
cap - 1904.PNG,0B8WcbXogHvegN3JrMWIycFFzbkk,511982
cap - 1905.PNG,0B8WcbXogHvegSlJkMzFpWk1wSmc,505119
cap - 1906.PNG,0B8WcbXogHvegaXRGVkV2cGFXVGM,512402
cap - 1907.PNG,0B8WcbXogHvegTGpFSEpwb19VODA,514150
cap - 1908.PNG,0B8WcbXogHvegYVFBUHA1bmhiNnc,520661
cap - 1909.PNG,0B8WcbXogHvegUkNJdkNzalp2dU0,559699
cap - 1910.PNG,0B8WcbXogHvegZGlZVHVFcGtUOFE,364017
cap - 1911.PNG,0B8WcbXogHvegcnFuN2wxNjc1TjQ,416983
cap - 1912.PNG,0B8WcbXogHvegeDVBUmM1SHp1S0E,367772
cap - 1913.PNG,0B8WcbXogHvegdl9OcjVjVWM4c1k,483314
cap - 1914.PNG,0B8WcbXogHvegYmF0alMwbE9fbms,398932
cap - 1915.PNG,0B8WcbXogHvegOWJ1TXpMQldoeFE,477605
cap - 1916.PNG,0B8WcbXogHvegeXlvYzUwaHMwUFk,483423
cap - 1917.PNG,0B8WcbXogHvegRjQ2UnlYWTZmQ00,554296
cap - 1918.PNG,0B8WcbXogHvegbV9FODBsTjliUzQ,632756
cap - 1919.PNG,0B8WcbXogHvegRldNY19XQXEwQms,553762
cap - 1920.PNG,0B8WcbXogHvegVDRndFdmUEVHWjg,422654
cap - 1921.PNG,0B8WcbXogHvegSGI0Vm92TDhneVk,381067
cap - 1922.PNG,0B8WcbXogHvegODloMXM2MlV6Y1k,386978
cap - 1923.PNG,0B8WcbXogHvegdUpjVVoxc3ctSmM,413583
cap - 1924.PNG,0B8WcbXogHvegRlgtZS02LXBLSDQ,394110
cap - 1925.PNG,0B8WcbXogHvegQXRNemlSVGt4RXc,441952
cap - 1926.PNG,0B8WcbXogHvegeE16aktkWHFGTTA,385678
cap - 1927.PNG,0B8WcbXogHvegUnRrckY0dk9Ca3M,391630
cap - 1928.PNG,0B8WcbXogHvegREJMYW9wb0FPclk,402538
cap - 1929.PNG,0B8WcbXogHvegYVpDd2t3V0NTQkU,414800
cap - 1930.PNG,0B8WcbXogHvegLXlkNVB2MnBaZTQ,484748
cap - 1931.PNG,0B8WcbXogHvegSnY5N295MUV6VVU,513671
cap - 1932.PNG,0B8WcbXogHvegcmNVZ195R19GODg,549421
cap - 1933.PNG,0B8WcbXogHvegUDBJa1JNaFU2cEE,538342
cap - 1934.PNG,0B8WcbXogHvegS3NsSmtBbjctMkU,447268
cap - 1935.PNG,0B8WcbXogHvegcThnajRNYkp1WUU,403462
cap - 1936.PNG,0B8WcbXogHvegM3RIbndKUVdoN28,398904
cap - 1937.PNG,0B8WcbXogHvegcC1FdlQ0M1pIZkk,442937
cap - 1938.PNG,0B8WcbXogHvegMC1OOWdLQnBCMm8,434377
cap - 1939.PNG,0B8WcbXogHvegeTdIOVhFNDI5Rk0,425373
cap - 1940.PNG,0B8WcbXogHvegVXJNVl9XbDU4QmM,445441
cap - 1941.PNG,0B8WcbXogHvegdm5INUhIWlBGVXM,467445
cap - 1942.PNG,0B8WcbXogHvega1lDU2pFNE1YdkU,460135
cap - 1943.PNG,0B8WcbXogHvegYll4N0hwVHg1QW8,467812
cap - 1944.PNG,0B8WcbXogHvegai1nbE05dF9tOWc,473042
cap - 1945.PNG,0B8WcbXogHvegb2d0azZVamhJMDA,506691
cap - 1946.PNG,0B8WcbXogHvegTVZ4VTctNjRMbHc,397592
cap - 1947.PNG,0B8WcbXogHvegbjdpT292WEdXbzA,431366
cap - 1948.PNG,0B8WcbXogHvegbW9WR2FqYURySUE,379676
cap - 1949.PNG,0B8WcbXogHvegN2NrVFpGelVfRE0,364959
cap - 1950.PNG,0B8WcbXogHvegQV95RmNxVXJyNTQ,368624
cap - 1951.PNG,0B8WcbXogHvegay12U08zSjZsaTQ,343705
cap - 1952.PNG,0B8WcbXogHvegYnVEVkpEVjdMUzQ,338083
cap - 1953.PNG,0B8WcbXogHvega04tWEg5cFY0TFE,345721
cap - 1954.PNG,0B8WcbXogHvegRU9SVmV6dktlUWs,333770
cap - 1955.PNG,0B8WcbXogHvegOURmUWp2emtDUEE,368026
cap - 1956.PNG,0B8WcbXogHvegZlpaU0ItY0VfaFk,359053
cap - 1957.PNG,0B8WcbXogHvegV3IyRnZVOVU5eWs,390783
cap - 1958.PNG,0B8WcbXogHvegM1V4ajlSdWVLNFk,429686
cap - 1959.PNG,0B8WcbXogHvegMzN0UDFrWjlTeVE,437737
cap - 1960.PNG,0B8WcbXogHvegX2pKeW9wOW5Zb0E,455228
cap - 1961.PNG,0B8WcbXogHvegT2tEdEJ0SW1JTVk,422468
cap - 1962.PNG,0B8WcbXogHvegZ2dreldLY3FJTmM,413911
cap - 1963.PNG,0B8WcbXogHvegSURaS2gyTjZHRTA,413276
cap - 1964.PNG,0B8WcbXogHvegV0hneFFvQmNpckU,412821
cap - 1965.PNG,0B8WcbXogHvegQmlCMi1kbDVTRE0,334804
cap - 1966.PNG,0B8WcbXogHvegTnotTmpOZzJ3UlE,447703
cap - 1967.PNG,0B8WcbXogHvegQjdYcm4tbEhFWFk,360820
cap - 1968.PNG,0B8WcbXogHvegdGxObEJYVWlnSzA,488032
cap - 1969.PNG,0B8WcbXogHvegeDVBckU0Zmg3RjA,445619
cap - 1970.PNG,0B8WcbXogHvegU3pRNTFEOV9wdms,424528
cap - 1971.PNG,0B8WcbXogHvegS0F5eFBoTk03Ykk,409915
cap - 1972.PNG,0B8WcbXogHvegalVUam1JODd4SXM,322914
cap - 1973.PNG,0B8WcbXogHvegeU5ISWxYbktVUE0,345207
cap - 1974.PNG,0B8WcbXogHvegejhWR1R3M1I4R2c,331410
cap - 1975.PNG,0B8WcbXogHvegdmZrV18zdUk4RHc,349460
cap - 1976.PNG,0B8WcbXogHvegOHY5WmhnV3JZRjQ,411425
cap - 1977.PNG,0B8WcbXogHvegd19rNmgwNDV0WDQ,406693
cap - 1978.PNG,0B8WcbXogHvegcmZGWFFLT253TFk,405206
cap - 1979.PNG,0B8WcbXogHvegNjdwUGhCeGtPMEk,417368
cap - 1980.PNG,0B8WcbXogHvegYUZPTEZCMGpUeHc,438619
cap - 1981.PNG,0B8WcbXogHvegdVhweE9fMVBxVVE,412616
cap - 1982.PNG,0B8WcbXogHvegSldBRkRQemE3bTA,488664
cap - 1983.PNG,0B8WcbXogHvegRTlUQldqX3AtYm8,523500
cap - 1984.PNG,0B8WcbXogHvegWWEyTVJzV1RTcWc,495299
cap - 1985.PNG,0B8WcbXogHvegem5tdUlzdlBQbzA,460152
cap - 1986.PNG,0B8WcbXogHvegei1UWENhVUJ5N00,423876
cap - 1987.PNG,0B8WcbXogHvegZDlGMU5yeXFtRHM,409984
cap - 1988.PNG,0B8WcbXogHvegdVpVV2ZCWWJheEE,404149
cap - 1989.PNG,0B8WcbXogHvegQWRHZXFRb1FFb1k,493448
cap - 1990.PNG,0B8WcbXogHvegSXBFSFRZdW0xN0E,446523
cap - 1991.PNG,0B8WcbXogHvegMEstLTh1eUtUc0U,451115
cap - 1992.PNG,0B8WcbXogHvegMHRTbHNTeVE3cE0,439890
cap - 1993.PNG,0B8WcbXogHvegSVJzRVBBbnllOWs,436500
cap - 1994.PNG,0B8WcbXogHvegaEZMQ280NUxzZEE,425998
cap - 1995.PNG,0B8WcbXogHvegWGUycEVlaGg5QlE,428566
cap - 1996.PNG,0B8WcbXogHvegMHR0M0l0d0NIQTQ,436121
cap - 1997.PNG,0B8WcbXogHvegLTdWR3RqUjVuYVk,414665
cap - 1998.PNG,0B8WcbXogHvegZU9KeFZwZ3RpYnc,442241
cap - 1999.PNG,0B8WcbXogHvegRVVOMl9TT01sMmc,473442
